Link,Seller
https://www.olx.plhttps://www.otodom.pl/pl/oferta/2-pokojowe-mieszkanie-po-remoncie-przy-kadzielni-ID4x7iA.html,developers
https://www.olx.plhttps://www.otodom.pl/pl/oferta/kup-mieszkanie-w-1-etapie-zamieszkaj-w-2025-r-ID4vYOK.html,developers
https://www.olx.plhttps://www.otodom.pl/pl/oferta/przytulne-mieszkanie-2-pokojowe-z-osobna-kuchnia-ID4vN3Z.html,developers
https://www.olx.plhttps://www.otodom.pl/pl/oferta/dwustronnefunkcjonalneduza-piwnicazalew-kieleckigaleria-echo-ID4xd8R.html,developers
https://www.olx.plhttps://www.otodom.pl/pl/oferta/-ID4xe2U.html,developers
https://www.olx.plhttps://www.otodom.pl/pl/oferta/okazja-mieszkanie-na-stoku-2-pok-rezerwacja-ID4vQRe.html,developers
https://www.olx.plhttps://www.otodom.pl/pl/oferta/przestronne-3-pokojowe-mieszkanie-ID4wbpS.html,developers
https://www.olx.plhttps://www.otodom.pl/pl/oferta/nowe-4-pokojowe-mieszkanie-dwa-balkony-parking-ID4xcxm.html,developers
https://www.olx.plhttps://www.otodom.pl/pl/oferta/mieszkanie-2-pokoje-ul-zamenhofa-kielce-ID4tmzM.html,developers
https://www.olx.plhttps://www.otodom.pl/pl/oferta/3-pokojowe-mieszkanie-patio-vita-59-39m2-ID4xa1q.html,developers
https://www.olx.plhttps://www.otodom.pl/pl/oferta/bezczynszowe-herby-kielce-ID4vTDI.html,developers
https://www.olx.plhttps://www.otodom.pl/pl/oferta/mieszkanie-2-pietro-ksm-balkon-po-remoncie-ID4vLzB.html,developers
https://www.olx.plhttps://www.otodom.pl/pl/oferta/2-pokojowe-mieszkanie-na-checinskiej-ID4vZ4h.html,developers
https://www.olx.plhttps://www.otodom.pl/pl/oferta/gotowe-do-zamieszkania-2-pietro-osobna-kuchnia-ID4x8HE.html,developers
https://www.olx.plhttps://www.otodom.pl/pl/oferta/sikorskiego-kawalerka-w-stanie-deweloperskim-ID4v3EN.html,developers
https://www.olx.plhttps://www.otodom.pl/pl/oferta/2-pokoje-40m2-ogrodek-60m-stan-deweloperski-ID4t9EH.html,developers
https://www.olx.plhttps://www.otodom.pl/pl/oferta/rozstawne-2-pok-widna-kuchnia-ID4vNc3.html,developers
https://www.olx.plhttps://www.otodom.pl/pl/oferta/atrakcyjna-cicha-okolica-3-pokoje-z-2-balkonami-ID4wDxf.html,developers
https://www.olx.plhttps://www.otodom.pl/pl/oferta/mieszkanie-na-sprzedaz-2-pokoje-45m2-ID4vqml.html,developers
https://www.olx.plhttps://www.otodom.pl/pl/oferta/mieszkanie-na-sprzedaz-kielce-2-pokoje-39-90m2-ID4wo1p.html,developers
https://www.olx.plhttps://www.otodom.pl/pl/oferta/mieszkanie-w-nowoczesnym-stylu-po-generalnym-remoncie-ID4x2jg.html,developers
https://www.olx.plhttps://www.otodom.pl/pl/oferta/3-pokoje-po-generalnym-remoncie-ksm-48-m-ID4vVDL.html,developers
https://www.olx.plhttps://www.otodom.pl/pl/oferta/centrum-dwa-pokoje-oddzielna-kuchnia-do-aranzacji-ID4vV6Y.html,developers
https://www.olx.plhttps://www.otodom.pl/pl/oferta/mieszkanie-25-8m2-ul-mazurska-os-ksm-ID4vgbn.html,developers
https://www.olx.plhttps://www.otodom.pl/pl/oferta/sprzedam-2-pokoje-z-balkonem-na-ksm-ul-slaska-48m-ID4vQci.html,developers
https://www.olx.plhttps://www.otodom.pl/pl/oferta/j-gagarina-2-pokoje-w-scislym-centrum-garaz-ID4x2bM.html,developers
https://www.olx.plhttps://www.otodom.pl/pl/oferta/mieszkanie-na-sprzedaz-bocianek-kielce-ID4voKz.html,developers
https://www.olx.plhttps://www.otodom.pl/pl/oferta/parter-z-ogromnym-tarasem-przy-zalewie-51-m-ID4vBsQ.html,developers
https://www.olx.plhttps://www.otodom.pl/pl/oferta/atrakcyjna-kawalerka-w-swietnej-lokalizacji-idealna-na-start-wynajem-ID4vvCn.html,developers
https://www.olx.plhttps://www.otodom.pl/pl/oferta/mieszkanie-bocianek-po-generalnym-remoncie-ID4vW6V.html,developers
https://www.olx.plhttps://www.otodom.pl/pl/oferta/3-pokoje-centrum-blisko-politechniki-ID4vct5.html,developers
https://www.olx.plhttps://www.otodom.pl/pl/oferta/przestronne-4-pokojowe-mieszkanie-ul-karbonska-slichowice-ID4x1Vw.html,developers
https://www.olx.plhttps://www.otodom.pl/pl/oferta/sprzedaz-mieszkanie-2-pokoje-centrum-po-remoncie-ID4uou3.html,developers
https://www.olx.plhttps://www.otodom.pl/pl/oferta/mieszkanie-dwupokojowe-z-balkonem-ID4u5JP.html,developers
https://www.olx.plhttps://www.otodom.pl/pl/oferta/2-pokoje-balkon-ul-warszawska-os-szydlowek-ID4x3wP.html,developers
https://www.olx.plhttps://www.otodom.pl/pl/oferta/nowe-mieszkanie-4-pokoje-70m2-pod-klucz-balkon-ID4uQVq.html,developers
https://www.olx.plhttps://www.otodom.pl/pl/oferta/kawalerka-bez-piecyka-na-os-swietokrzyskie-ID4vTJq.html,developers
https://www.olx.plhttps://www.otodom.pl/pl/oferta/mieszkanie-w-stanie-deweloperskim-odbior-2027-ID4wnx7.html,developers
https://www.olx.plhttps://www.otodom.pl/pl/oferta/3-pokojowe-mieszkanie-63-m-parter-kielce-ID4vVqC.html,developers
https://www.olx.plhttps://www.otodom.pl/pl/oferta/dwupoziomowe-4pok-125-12m2-m-garazowe-3x-taras-os-na-stoku-ID4x5T6.html,developers
https://www.olx.plhttps://www.otodom.pl/pl/oferta/3-pokoje-po-remoncie-w-2024-z-balkonem-bez-piecyk-ID4vjZD.html,developers
https://www.olx.pl/d/oferta/mieszkanie-w-centrum-2-pokoje-ul-paderewskiego-CID3-ID10zU0R.html,developers
https://www.olx.plhttps://www.otodom.pl/pl/oferta/mieszkanie-2-pokojowe-ul-klonowa-os-szydlowek-ID4wuAr.html,developers
https://www.olx.plhttps://www.otodom.pl/pl/oferta/2-pokoje-po-generalnym-remoncie-ksm-ID4v31u.html,developers
https://www.olx.plhttps://www.otodom.pl/pl/oferta/park-klonowy2019balkonkomorkawindanowoczesnezalew-kielecki-ID4x5Ge.html,developers
https://www.olx.plhttps://www.otodom.pl/pl/oferta/rozkladowe-3-pokoje-bez-piecyka-gazowego-na-stoku-ID4wCbA.html,developers
https://www.olx.plhttps://www.otodom.pl/pl/oferta/mieszkanie-2pokoje-dwa-balkony-osiedle-ksm-ID4wqbm.html,developers
https://www.olx.plhttps://www.otodom.pl/pl/oferta/mieszkanie-2-pokojowe-2-pietro-40m2-wyremontowane-ID4vlrz.html,developers
https://www.olx.plhttps://www.otodom.pl/pl/oferta/mieszkanie-do-wprowadzenia-42-m2-ID4vetH.html,developers
https://www.olx.plhttps://www.otodom.pl/pl/oferta/mieszkanie-58-12-m2-ul-jezioranskiego-3-pokoje-ID4vKCf.html,developers
https://www.olx.plhttps://www.otodom.pl/pl/oferta/do-remontu-opcja-na-4-pokoje-salon-z-aneksem-kuch-ID4vXdT.html,developers
https://www.olx.plhttps://www.otodom.pl/pl/oferta/atrakcyjne-mieszkanie-65m2-na-klonowej-ID4wG1T.html,developers
https://www.olx.plhttps://www.otodom.pl/pl/oferta/mieszkanie-4-pokoje-104-5-m2-os-slichowice-ID4vFyj.html,developers
https://www.olx.plhttps://www.otodom.pl/pl/oferta/mieszkanie-44m2-ul-leszczynska-os-ksm-ID4uvIo.html,developers
https://www.olx.plhttps://www.otodom.pl/pl/oferta/apartament-wysoki-standard-72m-dosteepny-od-zaraz-ID4vx9c.html,developers
https://www.olx.plhttps://www.otodom.pl/pl/oferta/umeblowane-3-pokoje-taras-35m2-klonowa-95a-ID4x5fd.html,developers
https://www.olx.plhttps://www.otodom.pl/pl/oferta/mieszkanie-2-pokoje-z-tarasem-kielce-centrum-ID4vsWX.html,developers
https://www.olx.plhttps://www.otodom.pl/pl/oferta/mieszkanie-stan-deweloperski-56m2-ID4sqdK.html,developers
https://www.olx.plhttps://www.otodom.pl/pl/oferta/3-pokoje-blisko-centrum-winda-ul-kaczmarka-ID4x09r.html,developers
https://www.olx.plhttps://www.otodom.pl/pl/oferta/komfortowe-4-pokojowe-mieszkanie-obok-kck-ID4x7Z4.html,developers
https://www.olx.plhttps://www.otodom.pl/pl/oferta/3-pokoje-z-balkonem-na-2-pietrze-blisko-centrum-ID4wCby.html,developers
https://www.olx.plhttps://www.otodom.pl/pl/oferta/3-pokojowe-mieszkanie-na-barwinku-dla-rodziny-ID4vasD.html,developers
https://www.olx.plhttps://www.otodom.pl/pl/oferta/mieszkanie-w-centrum-ul-zeromskiego-super-cena-ponizej-6800-za-m2-ID4vUAM.html,developers
https://www.olx.plhttps://www.otodom.pl/pl/oferta/3-pokoje-64-6-m-balkon-piwnica-na-stoku-ID4wEXS.html,developers
https://www.olx.plhttps://www.otodom.pl/pl/oferta/3-pokojowe-mieszkanie-67-80-m-umeblowane-poleska-ID4vlKU.html,developers
https://www.olx.plhttps://www.otodom.pl/pl/oferta/-ID4x44p.html,developers
https://www.olx.plhttps://www.otodom.pl/pl/oferta/na-sprzedaz-mieszkanie-42-30-m2-ul-struga-ID4xfnN.html,developers
https://www.olx.plhttps://www.otodom.pl/pl/oferta/syndyk-sprzeda-mieszkanie-ID4x0J6.html,developers
https://www.olx.plhttps://www.otodom.pl/pl/oferta/2-pokoje-slichowice-blok-2015-kielce-ID4x7yZ.html,developers
https://www.olx.plhttps://www.otodom.pl/pl/oferta/2-pok-mieszkanie-piekny-widok-dolina-silnicy-ID4wor3.html,developers
https://www.olx.plhttps://www.otodom.pl/pl/oferta/nowoczesne-mieszkanie-44-5m2-po-remoncie-ID4xd9d.html,developers
https://www.olx.pl/d/oferta/mieszkanie-54-m2-ul-gliniana-herby-CID3-ID15Br5P.html,developers
https://www.olx.plhttps://www.otodom.pl/pl/oferta/nowe-wykonczone-pod-klucz-3pok-2pietro-parking-ID4x2b5.html,developers
https://www.olx.plhttps://www.otodom.pl/pl/oferta/taniej-o-40-000-zl-do-30-07-winda-balkon-nowe-ID4x5LS.html,developers
https://www.olx.plhttps://www.otodom.pl/pl/oferta/mieszkanie-ksm-po-remoncie-2-pokoje-44m2-ID4uQWV.html,developers
https://www.olx.plhttps://www.otodom.pl/pl/oferta/4-pokoje-po-remoncie-na-parterze-z-duzym-balkonem-ID4vx3F.html,developers
https://www.olx.plhttps://www.otodom.pl/pl/oferta/mieszkanie-2pok-37m2-balkon-do-wprowadzenia-ID4x7mN.html,developers
https://www.olx.plhttps://www.otodom.pl/pl/oferta/piekne-mieszkanie-2-pokoje-38m2-taras-25m2-ID4vZmX.html,developers
https://www.olx.plhttps://www.otodom.pl/pl/oferta/2pokojowe-mieszkanie-51-1m2-orlat-lwowskich-kielce-ID4vDgd.html,developers
https://www.olx.plhttps://www.otodom.pl/pl/oferta/3-pokoje-na-stoku-bez-piecyka-gazowego-ID4vYOR.html,developers
https://www.olx.plhttps://www.otodom.pl/pl/oferta/dzielnica-trust-mieszkanie-2-pok-a2-m-3-ID4v1n6.html,developers
https://www.olx.plhttps://www.otodom.pl/pl/oferta/mieszkanie-3-pok-58-9m2-ul-debowa-sady-ID4wpit.html,developers
https://www.olx.plhttps://www.otodom.pl/pl/oferta/super-lokalizacja-2-poziomy-2-lazienki-wolne-ID4vpwe.html,developers
https://www.olx.plhttps://www.otodom.pl/pl/oferta/rezerwacja-ID4vSSp.html,developers
https://www.olx.plhttps://www.otodom.pl/pl/oferta/przestronne-2-pokojowe-mieszkanie-w-centrum-kielc-ID4vWhb.html,developers
https://www.olx.plhttps://www.otodom.pl/pl/oferta/30m-2pok-2025r-piekny-widok-widne-balkon-winda-ID4x5LN.html,developers
https://www.olx.plhttps://www.otodom.pl/pl/oferta/ul-jana-nowaka-jezioranskiego-dwa-pokoje-1-pietro-47-74-m2-ID4vnQE.html,developers
https://www.olx.plhttps://www.otodom.pl/pl/oferta/kawalerka-z-balkonem-centrum-wyposazona-ID4vSSe.html,developers
https://www.olx.plhttps://www.otodom.pl/pl/oferta/5-pokojowe-mieszkanie-z-wlasnym-ogrodem-baranowek-ul-dygasinskiego-ID4x7x2.html,developers
https://www.olx.plhttps://www.otodom.pl/pl/oferta/nowe-mieszkanie-wysoki-parter-winda-ksm-ID4x5sD.html,developers
https://www.olx.plhttps://www.otodom.pl/pl/oferta/na-sprzedaz-mieszkanie-ul-marszalkowska-2-pokoje-ID4woH3.html,developers
https://www.olx.plhttps://www.otodom.pl/pl/oferta/mieszkanie-3-pokoje-55m2-balkon-ID4w1YM.html,developers
https://www.olx.plhttps://www.otodom.pl/pl/oferta/plaza-tower-iiduzy-balkongaraz2024dwustronnenowoczesnebrak-pcc-ID4x5Gp.html,developers
https://www.olx.plhttps://www.otodom.pl/pl/oferta/3-pokoje-w-apartamentowcu-z-tarasem-ID4uY3t.html,developers
https://www.olx.plhttps://www.otodom.pl/pl/oferta/3-pokojowe-mieszkanie-57-20-m2-ID4vEyU.html,developers
https://www.olx.plhttps://www.otodom.pl/pl/oferta/kawalerka-23m2-na-ksm-2p-do-odswiezenia-ID4vwfc.html,developers
https://www.olx.plhttps://www.otodom.pl/pl/oferta/3-pokojowe-mieszkanie-ul-zagnanska-ID4vyvb.html,developers
https://www.olx.plhttps://www.otodom.pl/pl/oferta/apartament-43-5m2-slichowice-budynek-2024-rok-ID4wJui.html,developers
https://www.olx.plhttps://www.otodom.pl/pl/oferta/72-m-do-remontu-centrum-kielc-ID4vR2f.html,developers
https://www.olx.plhttps://www.otodom.pl/pl/oferta/wyjatkowy-segment-w-kielcach-za-jedyne-7-000-za-m2-ID4vCDo.html,developers
https://www.olx.pl/d/oferta/mieszkanie-po-remoncie-ksm-3-pokoje-52-3m2-CID3-ID13FDYe.html,developers
https://www.olx.plhttps://www.otodom.pl/pl/oferta/mieszkanie-3-pok-55-7m2-sky-trust-13-pietro-ID4vw4S.html,developers
https://www.olx.plhttps://www.otodom.pl/pl/oferta/kielce-panorama-3-pokoje-70-m2-ID4vQgc.html,developers
https://www.olx.plhttps://www.otodom.pl/pl/oferta/2-pokoje-oddzielna-kuchnia-loggia-parking-ID4vVEZ.html,developers
https://www.olx.plhttps://www.otodom.pl/pl/oferta/mieszkanie-os-ksm-ID4vJuE.html,developers
https://www.olx.plhttps://www.otodom.pl/pl/oferta/mieszkanie-2-pok-staszica-ID4sBHp.html,developers
https://www.olx.plhttps://www.otodom.pl/pl/oferta/nowa-32-mieszkanie-2-pok-7-ID4vmSz.html,developers
https://www.olx.plhttps://www.otodom.pl/pl/oferta/4-pokoje-niski-czynsz-blisko-zalewu-ID4vWl7.html,developers
https://www.olx.plhttps://www.otodom.pl/pl/oferta/3-pokoje-osobna-kuchnia-balkon-parking-ksm-ID4x9ZC.html,developers
https://www.olx.plhttps://www.otodom.pl/pl/oferta/os-uroczysko-kawalerka-duzy-balkon-ID4vW6u.html,developers
https://www.olx.plhttps://www.otodom.pl/pl/oferta/dwa-pokoje-z-aneksem-wysoki-standard-blok-z-cegly-slichowice-ID4vr6n.html,developers
https://www.olx.plhttps://www.otodom.pl/pl/oferta/mieszkanie-w-kielcach-ul-malikow-bezposrednio-ID4oCfI.html,developers
https://www.olx.plhttps://www.otodom.pl/pl/oferta/dwupoziomowe-mieszkanie-4pok-90m-slichowice-okazja-ID4vSz6.html,developers
https://www.olx.plhttps://www.otodom.pl/pl/oferta/przestrzen-ktora-cie-zachwyci-ID4vgAt.html,developers
https://www.olx.plhttps://www.otodom.pl/pl/oferta/-ID4x3Lc.html,developers
https://www.olx.plhttps://www.otodom.pl/pl/oferta/2-pokoje-47-71m2-kielce-seminaryjska-centrum-ID4ueSu.html,developers
https://www.olx.plhttps://www.otodom.pl/pl/oferta/mieszkanie-2-pokoje-uroczysko-39-6m2-ID4vUf1.html,developers
https://www.olx.plhttps://www.otodom.pl/pl/oferta/przytulne-3-pokojowe-mieszkanie-na-stoku-gotowe-do-zamieszkania-ID4x3A6.html,developers
https://www.olx.plhttps://www.otodom.pl/pl/oferta/mieszkanie-59-95m2-3-pokoje-os-swietokrzyskie-ID4wf7h.html,developers
https://www.olx.plhttps://www.otodom.pl/pl/oferta/kielce-bialogon-3-pokoje-po-remoncie-ID4vBCm.html,developers
https://www.olx.plhttps://www.otodom.pl/pl/oferta/idealne-miejsce-dla-rodziny-z-dziecmi-slichowice-ID4x7Bq.html,developers
https://www.olx.pl/d/oferta/mieszkanie-48m-2-pokoje-ii-pietro-winda-piwnica-miejsce-parkingowe-CID3-ID15Vidz.html,developers
https://www.olx.plhttps://www.otodom.pl/pl/oferta/mieszkanie-3-pokoje-jagiellonska-ID4v0ew.html,developers
https://www.olx.plhttps://www.otodom.pl/pl/oferta/mieszkanie-2-pok-46m2-herby-ID4wK6o.html,developers
https://www.olx.plhttps://www.otodom.pl/pl/oferta/mieszkanie-w-centrum-kielc-stan-bardzo-dobry-ID4w96a.html,developers
https://www.olx.plhttps://www.otodom.pl/pl/oferta/sky-trust-ii-lokal-inwestycyjny-2-pok-l23-ID4viSd.html,developers
https://www.olx.plhttps://www.otodom.pl/pl/oferta/sprzedam-mieszkanie-na-stoku-48-6m2-ID4wYrC.html,developers
https://www.olx.plhttps://www.otodom.pl/pl/oferta/os-swietokrzyskie-ul-jaworskiego-po-remoncie-ID4vSCp.html,developers
https://www.olx.plhttps://www.otodom.pl/pl/oferta/wyremontowane-mieszkanie-blisko-parku-ID4vpwf.html,developers
https://www.olx.plhttps://www.otodom.pl/pl/oferta/dzielnica-trust-mieszkanie-4-pok-b2-m-41-ID4v1n2.html,developers
https://www.olx.plhttps://www.otodom.pl/pl/oferta/mieszkanie-50-71m2-ul-warszawska-nowy-bocianek-ID4vtO8.html,developers
https://www.olx.plhttps://www.otodom.pl/pl/oferta/kawalerka-do-zamieszkania-w-centrum-z-winda-ID4vHFw.html,developers
https://www.olx.plhttps://www.otodom.pl/pl/oferta/apartament-3-pok-kameralne-miejsce-ul-prendowskiej-ID4uVqQ.html,developers
https://www.olx.plhttps://www.otodom.pl/pl/oferta/mieszkanie-parter-3-pokoje-scisle-centrum-50m2-ID4vwvv.html,developers
https://www.olx.plhttps://www.otodom.pl/pl/oferta/bella-vista-3-pokoje-72m-garderoba-ogrodek-18m2-ID4vIqv.html,developers
https://www.olx.plhttps://www.otodom.pl/pl/oferta/mieszkanie-39-16m2-osiedle-na-stoku-ID4vKmk.html,developers
https://www.olx.plhttps://www.otodom.pl/pl/oferta/bella-vista-3-pokoje-pod-klucz-57-5m2-balkon-9m2-ID4vIuY.html,developers
https://www.olx.plhttps://www.otodom.pl/pl/oferta/sky-trust-ii-lokal-inwestycyjny-3-pok-l38-ID4viSo.html,developers
https://www.olx.plhttps://www.otodom.pl/pl/oferta/mieszkanie-wykonczone-pod-klucz-nowy-swiat-kielce-ID4wg8c.html,developers
https://www.olx.plhttps://www.otodom.pl/pl/oferta/piekne-2-pokoje-po-remoncie-slichowice-ID4tzyo.html,developers
https://www.olx.plhttps://www.otodom.pl/pl/oferta/mieszkanie-kielce-ul-romualda-ID4x7rm.html,developers
https://www.olx.plhttps://www.otodom.pl/pl/oferta/-ID4v5KL.html,developers
https://www.olx.plhttps://www.otodom.pl/pl/oferta/wyjatkowe-mieszkanie-na-baranowku-gotowe-do-zamieszkania-ID4vibT.html,developers
https://www.olx.plhttps://www.otodom.pl/pl/oferta/przestronne-mieszkanie-obok-zalewu-cedzyna-ID4x6XL.html,developers
https://www.olx.plhttps://www.otodom.pl/pl/oferta/osiedle-legionow-kielce-2-pokoje-umeblowanie-w-cenie-ID4x7vD.html,developers
https://www.olx.plhttps://www.otodom.pl/pl/oferta/na-sprzedaz-3-pokoje-pod-klucz-67m2-bella-vista-ID4uTcx.html,developers
https://www.olx.plhttps://www.otodom.pl/pl/oferta/sprzedam-udzial-w-mieszkaniu-ID4sw39.html,developers
https://www.olx.plhttps://www.otodom.pl/pl/oferta/super-cena-os-panorama-58m2-3pok-loggia-okazja-ID4x5LF.html,developers
https://www.olx.plhttps://www.otodom.pl/pl/oferta/sloneczne-mieszkanie-2-pok-46m2-centrum-ID4voMR.html,developers
https://www.olx.plhttps://www.otodom.pl/pl/oferta/3-pokoje-os-swietokrzyskie-po-remoncie-loggia-ID4wr4f.html,developers
https://www.olx.plhttps://www.otodom.pl/pl/oferta/mieszkanie-na-sprzedaz-kielce-barwinek-8-53m2-ID4vga9.html,developers
https://www.olx.plhttps://www.otodom.pl/pl/oferta/bocianek-mieszkanie-50-m-1p-z-opcja-garazu-ID4vUXd.html,developers
https://www.olx.plhttps://www.otodom.pl/pl/oferta/hoza-25-wysoki-standard-ID4wMwn.html,developers
https://www.olx.plhttps://www.otodom.pl/pl/oferta/-ID4x7l1.html,developers
https://www.olx.plhttps://www.otodom.pl/pl/oferta/apartament-z-tarasem-przy-zalewie-kieleckim-ID4vJcZ.html,developers
https://www.olx.plhttps://www.otodom.pl/pl/oferta/krakowska-rogatka-mieszkanie-1-pok-1-10-ID4v1Jb.html,developers
https://www.olx.plhttps://www.otodom.pl/pl/oferta/bocianek-50m2-3-pokoje-po-generalnym-remoncie-ID4vUof.html,developers
https://www.olx.plhttps://www.otodom.pl/pl/oferta/nova-leszczynska-mieszkanie-deweloperskie-47m2-ID4tNjB.html,developers
https://www.olx.plhttps://www.otodom.pl/pl/oferta/4-pokojowe-mieszkanie-w-scislym-centrum-ul-niecala-ID4vSs8.html,developers
https://www.olx.plhttps://www.otodom.pl/pl/oferta/przestronne-mieszkanie-w-inwestycji-krysztalowej-ID4vwVs.html,developers
https://www.olx.plhttps://www.otodom.pl/pl/oferta/wyjatkowe-mieszkanie-2-pokoje-zalew-kielecki-ID4wYyh.html,developers
https://www.olx.plhttps://www.otodom.pl/pl/oferta/nowoczesne-3-pokoje-mieszkanie-57m2-z-ogrodkiem-ID4vUj8.html,developers
https://www.olx.plhttps://www.otodom.pl/pl/oferta/mieszkanie-w-centrum-miasta-ID4tvvR.html,developers
https://www.olx.plhttps://www.otodom.pl/pl/oferta/2-pokoje-na-stoku-loggia-winda-do-wejscia-ID4vLwh.html,developers
https://www.olx.plhttps://www.otodom.pl/pl/oferta/urokliwe-mieszkanie-w-sercu-kielc-ID4tJ88.html,developers
https://www.olx.plhttps://www.otodom.pl/pl/oferta/dwustronne-sloneczne-do-wejscia-3-pokoje-ID4w1FO.html,developers
https://www.olx.plhttps://www.otodom.pl/pl/oferta/2-pokoje-gotowe-do-wejscia-ksm-ul-zagorska-ID4vXi3.html,developers
https://www.olx.plhttps://www.otodom.pl/pl/oferta/elegancki-apartament-na-ul-sowiej-ID4wScI.html,developers
https://www.olx.plhttps://www.otodom.pl/pl/oferta/3-pokoje-63m2-kolberga-przy-parku-2-balkony-nowe-ID4vLxf.html,developers
https://www.olx.pl/d/oferta/mieszkanie-na-sprzedaz-ul-zgorska-kielce-i-pietro-z-poddaszem-CID3-ID13dbEt.html,developers
https://www.olx.plhttps://www.otodom.pl/pl/oferta/-ID4x5gX.html,developers
https://www.olx.plhttps://www.otodom.pl/pl/oferta/uroczysko-2-pok-kuchnia-gen-remont-blisko-zielen-ID4vl1a.html,developers
https://www.olx.plhttps://www.otodom.pl/pl/oferta/nowe-2-pok-43-5m2-os-slichowice-puscha-ID4wGLh.html,developers
https://www.olx.plhttps://www.otodom.pl/pl/oferta/widokowe-3-pokojowe-mieszkanie-na-baranowku-ID4uu2H.html,developers
https://www.olx.plhttps://www.otodom.pl/pl/oferta/mieszkanie-3pok-66m2-ul-jezioranskiego-ID4snpx.html,developers
https://www.olx.plhttps://www.otodom.pl/pl/oferta/-ID4xc4U.html,developers
https://www.olx.plhttps://www.otodom.pl/pl/oferta/nowa-32-mieszkanie-2-pok-19-ID4ryhD.html,developers
https://www.olx.plhttps://www.otodom.pl/pl/oferta/funkcjonalna-kawalerka-z-duza-kuchnia-ul-bema-1-p-ID4xb7C.html,developers
https://www.olx.plhttps://www.otodom.pl/pl/oferta/sprzedaz-3-pok-wysoki-parter-ul-daleka-ID4vwr3.html,developers
https://www.olx.plhttps://www.otodom.pl/pl/oferta/mieszkanie-na-parterze-49-6-m2-barwinek-kielce-ID4x2sJ.html,developers
https://www.olx.plhttps://www.otodom.pl/pl/oferta/mieszkanie-3-pokojowe-w-nowej-loftowejkamienicy-ID4scls.html,developers
https://www.olx.plhttps://www.otodom.pl/pl/oferta/nowa-32-mieszkanie-2-pok-21-ID4ryhJ.html,developers
https://www.olx.plhttps://www.otodom.pl/pl/oferta/mieszkanie-m3-54-37m2-mila-16-kielce-ID4uuJg.html,developers
https://www.olx.plhttps://www.otodom.pl/pl/oferta/nowa-32-mieszkanie-4-pok-26-ID4rDaF.html,developers
https://www.olx.plhttps://www.otodom.pl/pl/oferta/3-pokoje-duzy-balkon-parkowe-wzgorze-pod-klucz-ID4uQY4.html,developers
https://www.olx.plhttps://www.otodom.pl/pl/oferta/dwustronne-mieszkanie-na-parterze-barwinek-ID4wNjs.html,developers
https://www.olx.plhttps://www.otodom.pl/pl/oferta/dzielnica-trust-mieszkanie-2-pok-b2-m-29-ID4v1mR.html,developers
https://www.olx.plhttps://www.otodom.pl/pl/oferta/mieszkanie-po-generalnym-remoncie-48-m-ul-slaska-6-2-pok-parter-4-ID4x72n.html,developers
https://www.olx.plhttps://www.otodom.pl/pl/oferta/uroczysko-ul-orkana-71-3-m2-3-pokoje-ID4wZyD.html,developers
https://www.olx.plhttps://www.otodom.pl/pl/oferta/mieszkanie-44-m2-ul-warszawska-kielce-3-pokoje-ID4vQ4B.html,developers
https://www.olx.plhttps://www.otodom.pl/pl/oferta/-ID4vuVX.html,developers
https://www.olx.plhttps://www.otodom.pl/pl/oferta/sky-trust-ii-lokal-inwestycyjny-1-pok-l68-ID4viSO.html,developers
https://www.olx.plhttps://www.otodom.pl/pl/oferta/kielce-2-pokojowe-mieszkanie-40-75-m-ul-stefana-okrzei-centrum-ID4x1Al.html,developers
https://www.olx.plhttps://www.otodom.pl/pl/oferta/2-pokoje-balkon-parking-szydlowek-ID4x7da.html,developers
https://www.olx.plhttps://www.otodom.pl/pl/oferta/mieszkanie-46-28m2-jagiellonska-kielce-ID4vxiJ.html,developers
https://www.olx.plhttps://www.otodom.pl/pl/oferta/hoza-25-wysoki-standard-ID4wWnH.html,developers
https://www.olx.plhttps://www.otodom.pl/pl/oferta/kielce-2-pokojowe-mieszkanie-40-75-m-ul-stefana-okrzei-centrum-ID4vZwE.html,developers
https://www.olx.plhttps://www.otodom.pl/pl/oferta/kawalerka-paderewskiego-centrum-kielce-ID4x3xx.html,developers
https://www.olx.plhttps://www.otodom.pl/pl/oferta/innowacyjne-3-pokoje-klonowa-kielce-ID4vWeH.html,developers
https://www.olx.plhttps://www.otodom.pl/pl/oferta/funkcjonalne-odnowione-2-pok-ul-orzeszkowa-ID4vW7B.html,developers
https://www.olx.plhttps://www.otodom.pl/pl/oferta/kawalerka-z-widna-kuchnia-32m2-zrodlowa-ID4xai7.html,developers
https://www.olx.plhttps://www.otodom.pl/pl/oferta/3-pokoje-w-prestizowym-apartamentowcu-12-pietro-ID4ro1E.html,developers
https://www.olx.plhttps://www.otodom.pl/pl/oferta/kawalerka-w-centrum-kielc-ID4ryE1.html,developers
https://www.olx.plhttps://www.otodom.pl/pl/oferta/mieszkanie-2pok-58-32-m2-ul-stefana-okrzei-ID4vUDB.html,developers
https://www.olx.plhttps://www.otodom.pl/pl/oferta/kielce-slichowice-kawalerka-ID4vYVq.html,developers
https://www.olx.plhttps://www.otodom.pl/pl/oferta/tu-znajdziesz-przestrzen-i-dobra-komunikacje-ID4v57M.html,developers
https://www.olx.plhttps://www.otodom.pl/pl/oferta/przestronne-mieszkanie-w-inwestycji-krysztalowej-ID4vrv5.html,developers
https://www.olx.plhttps://www.otodom.pl/pl/oferta/3-pokoje-po-generalnym-remoncie-z-balkonem-centrum-ID4v31C.html,developers
https://www.olx.plhttps://www.otodom.pl/pl/oferta/mieszkanie-w-kielcach-43m2-ID4wmHl.html,developers
https://www.olx.plhttps://www.otodom.pl/pl/oferta/2-pokoje-klonowa-kielce-ID4x7Cc.html,developers
https://www.olx.plhttps://www.otodom.pl/pl/oferta/mieszkanie-w-kamienicy-scisle-centrum-kielc-ID4vNYk.html,developers
https://www.olx.plhttps://www.otodom.pl/pl/oferta/przestronne-3-pokojowe-mieszkanie-szwedzka-kielce-ID4vpTJ.html,developers
https://www.olx.plhttps://www.otodom.pl/pl/oferta/gotowe-2-pokoje-do-wejscia-centrum-ID4vBSa.html,developers
https://www.olx.plhttps://www.otodom.pl/pl/oferta/3-pokoje-os-slichowice-kielce-ID4uL5d.html,developers
https://www.olx.plhttps://www.otodom.pl/pl/oferta/hoza-25-wysoki-standard-ID4wWp3.html,developers
https://www.olx.plhttps://www.otodom.pl/pl/oferta/hoza-25-wysoki-standard-ID4wMtG.html,developers
https://www.olx.plhttps://www.otodom.pl/pl/oferta/nowe-3-pokojowe-mieszkanie-2-balkony-gotowe-do-zamieszkania-ID4xfcM.html,developers
https://www.olx.plhttps://www.otodom.pl/pl/oferta/nowe-mieszkanie-stan-deweloperski-ul-kujawska-ID4vj1W.html,developers
https://www.olx.plhttps://www.otodom.pl/pl/oferta/mieszkanie-3-pok-47-95m2-ix-p-nowowiejska-sady-ID4vp1K.html,developers
https://www.olx.plhttps://www.otodom.pl/pl/oferta/mieszkanie-moja-klonowa-3-pok-ID4w8gr.html,developers
https://www.olx.pl/d/oferta/sprzedam-mieszkanie-28-21m2-na-ksm-CID3-ID14UA4V.html,developers
https://www.olx.plhttps://www.otodom.pl/pl/oferta/2-pokoje-duzy-salon-brak-gazu-balkon-parking-ID4xa5z.html,developers
https://www.olx.plhttps://www.otodom.pl/pl/oferta/mieszkanie-59-7m2-ul-nowowiejska-4-pokoje-ID4wjsK.html,developers
https://www.olx.plhttps://www.otodom.pl/pl/oferta/ksm-2-pokoje-41-7-m2-ul-chopina-13-ID4wS1O.html,developers
https://www.olx.plhttps://www.otodom.pl/pl/oferta/kielce-szydlowek-2-pokoje-2015-rok-ID4x7oU.html,developers
https://www.olx.plhttps://www.otodom.pl/pl/oferta/sky-trust-ii-mieszkanie-3-pok-m153-ID4v1Lx.html,developers
https://www.olx.plhttps://www.otodom.pl/pl/oferta/hoza-25-wysoki-standard-ID4wMuK.html,developers
https://www.olx.plhttps://www.otodom.pl/pl/oferta/nowa-32-mieszkanie-2-pok-9-ID4ryhy.html,developers
https://www.olx.plhttps://www.otodom.pl/pl/oferta/krakowska-rogatka-mieszkanie-1-pok-1-119-ID4v1JF.html,developers
https://www.olx.plhttps://www.otodom.pl/pl/oferta/nowa-cena-3-pokoje-88m2-parter-blok-z-2000r-ID4tHGo.html,developers
https://www.olx.plhttps://www.otodom.pl/pl/oferta/mieszkanie-przy-zalewie-z-miejscami-parkingowymi-ID4vBMV.html,developers
https://www.olx.plhttps://www.otodom.pl/pl/oferta/-ID4sQUh.html,developers
https://www.olx.plhttps://www.otodom.pl/pl/oferta/mieszkanie-3pok-69-73-m2-ul-stefana-okrzei-ID4vTdN.html,developers
https://www.olx.plhttps://www.otodom.pl/pl/oferta/rodzinna-enklawa-01-27-ID4mYr6.html,developers
https://www.olx.plhttps://www.otodom.pl/pl/oferta/mieszkanie-2pok-58-32-m2-ul-stefana-okrzei-ID4x3eW.html,developers
https://www.olx.plhttps://www.otodom.pl/pl/oferta/mieszkanie-2pok-42-59-m2-ul-stefana-okrzei-ID4vXae.html,developers
https://www.olx.plhttps://www.otodom.pl/pl/oferta/2-pokoje-ogrodek-parkowe-wzgorze-pod-klucz-ID4vG3n.html,developers
https://www.olx.pl/d/oferta/kawalerka-w-scislym-centrum-ul-piotrkowska-31-82-m2-CID3-ID16u9qp.html,developers
https://www.olx.plhttps://www.otodom.pl/pl/oferta/dzielnica-trust-mieszkanie-2-pok-b2-m-40-ID4v1mS.html,developers
https://www.olx.plhttps://www.otodom.pl/pl/oferta/nowe-mieszkanie-ogrzewanie-podlogowe-fotowoltaika-ID4x5sd.html,developers
https://www.olx.plhttps://www.otodom.pl/pl/oferta/dwupak-kawalerek-wyjatkowa-okazja-tylko-9690-zl-m-centrum-kielc-ID4vUBG.html,developers
https://www.olx.plhttps://www.otodom.pl/pl/oferta/przytulne-3-pok-mieszkanie-w-samym-centrum-kielc-ID4vP1h.html,developers
https://www.olx.plhttps://www.otodom.pl/pl/oferta/krakowska-rogatka-mieszkanie-1-pok-2-9-ID4v1IU.html,developers
https://www.olx.plhttps://www.otodom.pl/pl/oferta/krakowska-rogatka-mieszkanie-1-pok-1-25-ID4v1JN.html,developers
https://www.olx.plhttps://www.otodom.pl/pl/oferta/mieszkanie-3pok-53-83-m2-ul-stefana-okrzei-ID4x6bL.html,developers
https://www.olx.plhttps://www.otodom.pl/pl/oferta/kielce-slichowice-umeblowanie-w-cenie-ID4x7lW.html,developers
https://www.olx.plhttps://www.otodom.pl/pl/oferta/bella-vista-3-pokoje-pod-klucz-65m2-balkon-10m2-ID4vIrL.html,developers
https://www.olx.plhttps://www.otodom.pl/pl/oferta/wyjatkowe-mieszkanie-z-ogrodem-ul-langiewicza-ID4tzBm.html,developers
https://www.olx.plhttps://www.otodom.pl/pl/oferta/mieszkanie-dwupokojowe-kielce-osiedle-herby-ID4tWt5.html,developers
https://www.olx.plhttps://www.otodom.pl/pl/oferta/mieszkanie-3-pokojowe-69-73-m-kielce-ul-stefana-okrzei-centrum-ID4x0xK.html,developers
https://www.olx.plhttps://www.otodom.pl/pl/oferta/mieszkanie-2pok-40-75-m2-ul-stefana-okrzei-ID4vlFW.html,developers
https://www.olx.plhttps://www.otodom.pl/pl/oferta/krakowska-rogatka-mieszkanie-1-pok-2-56-ID4v1IR.html,developers
https://www.olx.plhttps://www.otodom.pl/pl/oferta/sky-trust-ii-mieszkanie-3-pok-m164-ID4vfMA.html,developers
https://www.olx.plhttps://www.otodom.pl/pl/oferta/mieszkanie-3-pok-84-70-m2-ul-tektoniczna-garaz-ID4wRod.html,developers
https://www.olx.plhttps://www.otodom.pl/pl/oferta/komfortowe-i-przestronne-3-pokojowe-mieszkanie-slichowice-ID4xecp.html,developers
https://www.olx.plhttps://www.otodom.pl/pl/oferta/sky-trust-ii-mieszkanie-2-pok-m137-ID4v1Ln.html,developers
https://www.olx.pl/d/oferta/mieszkanie-2-pokojowe-ul-owsiana-pietro-2-CID3-ID150WqN.html,developers
https://www.olx.pl/d/oferta/nowe-mieszkanie-104-mkw-z-widokiem-na-echo-i-gory-swietokrzyskie-CID3-ID15OCTh.html,developers
https://www.olx.pl/d/oferta/sprzedam-mieszkanie-ul-gorna-20c-w-kielcach-CID3-ID13K9oE.html,private
https://www.olx.pl/d/oferta/sprzedam-mieszkanie-55-29m2-ul-galenowa-os-podkarczowka-CID3-ID16x8YD.html,private
https://www.olx.pl/d/oferta/mieszkanie-na-sprzedaz-ul-klonowa-CID3-ID15aZS1.html,private
https://www.olx.plhttps://www.otodom.pl/pl/oferta/mieszkanie-bezczynszowe-53-m2-3-pokoje-z-wlasnym-ogrodem-ID4x3tW.html,private
https://www.olx.plhttps://www.otodom.pl/pl/oferta/2-pokojowe-mieszkanie-36-m-kielce-ul-kollataja-ID4xcM6.html,private
https://www.olx.plhttps://www.otodom.pl/pl/oferta/sprzedam-kawalerke-25-2-m2-kielce-ksm-ID4xgl2.html,private
https://www.olx.plhttps://www.otodom.pl/pl/oferta/generalny-remont-2-pokoje-kuchnia-prywatny-parking-ID4xaUH.html,private
https://www.olx.plhttps://www.otodom.pl/pl/oferta/nowe-mieszkanie-3-pokoje-wykonczone-z-meblami-ID4x8fN.html,private
https://www.olx.plhttps://www.otodom.pl/pl/oferta/generalny-remont-mieszkanie-2-pokojowe-na-4-pietrze-z-winda-ID4x8gG.html,private
https://www.olx.plhttps://www.otodom.pl/pl/oferta/mieszkanie-po-remoncie-ul-grunwaldzka-29-ID4tto4.html,private
https://www.olx.plhttps://www.otodom.pl/pl/oferta/nowe-mieszkanie-70-m-bez-posrednika-ID4wD2Y.html,private
https://www.olx.plhttps://www.otodom.pl/pl/oferta/bezposrednio-2-pokoje-po-remoncie-swietna-lokalizacja-kredyt-ID4vMvP.html,private
https://www.olx.pl/d/oferta/kielce-2-pokoje-umeblowane-parking-ul-romualda-blisko-galerii-CID3-ID16feCq.html,private
https://www.olx.pl/d/oferta/mieszkanie-4-pokojowe-wysoki-standard-CID3-ID16qAm7.html,private
https://www.olx.plhttps://www.otodom.pl/pl/oferta/3-pokoje-warszawska-swietna-lokalizacja-gotowe-do-zamieszkania-ID4vJmC.html,private
https://www.olx.pl/d/oferta/mieszkanie-baranowek-43-92-m2-miejsce-parkingowe-komorka-blisko-las-CID3-ID16uHny.html,private
https://www.olx.plhttps://www.otodom.pl/pl/oferta/nowe-bezczynszowe-ogrod-tarasy-ogrze-podlogowe-ID444IA.html,private
https://www.olx.plhttps://www.otodom.pl/pl/oferta/przestronne-3-pokojowe-mieszkanie-z-balkonem-ID4x6Iw.html,private
https://www.olx.plhttps://www.otodom.pl/pl/oferta/2-pietro-2-balkony-po-generalnym-remonice-ID4xaLE.html,private
https://www.olx.plhttps://www.otodom.pl/pl/oferta/na-sprzedaz-2-pokojowe-mieszkanie-40m-sloneczne-wzgorze-kielceze-ID4xgaA.html,private
https://www.olx.plhttps://www.otodom.pl/pl/oferta/top-lokalizacja-promenada-solna-garaz-klima-sliczne-ID4xg3a.html,private
https://www.olx.plhttps://www.otodom.pl/pl/oferta/komfortowe-nowe-mieszkanie-z-naroznym-balkonem-osiedle-bella-vista-ID4xbfy.html,private
https://www.olx.pl/d/oferta/klimatyczne-z-miejscem-parkingowym-wszystko-blisko-CID3-ID16vcZM.html,private
https://www.olx.pl/d/oferta/mieszkanie-48m-grunwaldzka-CID3-ID16uGUt.html,private
https://www.olx.plhttps://www.otodom.pl/pl/oferta/mieszkanie-bezczynszowe-3-pokoje-z-kominkiem-60-m2-z-wlasnym-ogrodem-ID4vXcP.html,private
https://www.olx.pl/d/oferta/mieszkania-z-ogrodem-nawet-200-m2-slichowice-CID3-ID15yCc8.html,private
https://www.olx.pl/d/oferta/centrum-2-pietro-jasne-i-cieple-po-generalnym-remoncie-CID3-ID16mzLd.html,private
https://www.olx.pl/d/oferta/3-pokoje-mieszkanie-51-metrow-kielce-2-pietro-ul-piekoszowska-34-CID3-ID14D95q.html,private
https://www.olx.plhttps://www.otodom.pl/pl/oferta/nowe-mieszkanie-3-pokoje-wykonczone-ID4x522.html,private
https://www.olx.plhttps://www.otodom.pl/pl/oferta/ul-starowapiennikowa-barwinek-mieszkanie-pod-klucz-ID4xfVa.html,private
https://www.olx.plhttps://www.otodom.pl/pl/oferta/sprzedam-mieszkanie-32m2-na-os-szydlowek-ID4vRym.html,private
https://www.olx.pl/d/oferta/mieszkanie-3-pokojowe-przy-ogrodzie-botanicznym-CID3-ID16rzLK.html,private
https://www.olx.pl/d/oferta/na-sprzedaz-mieszkanie-3-pok-z-oddzielna-kuchnia-i-garderoba-sady-CID3-ID16nxqh.html,private
https://www.olx.plhttps://www.otodom.pl/pl/oferta/mieszkanie-4-pokojowe-tylko-522-000-zl-z-tarasem-ogrodkiem-i-strychem-ID4v1VC.html,private
https://www.olx.plhttps://www.otodom.pl/pl/oferta/mieszkanie-5-pokoi-strych-taras-ogrodek-super-cena-tylko-622-000-zl-ID4v1WC.html,private
https://www.olx.pl/d/oferta/mieszkanie-60m2-przy-dolinie-silnicy-CID3-ID1534KA.html,private
https://www.olx.pl/d/oferta/mieszkanie-centrum-3-pokoje-po-remoncie-CID3-ID16r7Bz.html,private
https://www.olx.pl/d/oferta/mieszkanie-3-pokoje-ksm-64-2-m-idealne-dla-rodziny-szkola-sklepy-CID3-ID16fU1M.html,private
https://www.olx.pl/d/oferta/mieszkanie-na-osiedlu-bella-vista-2-pokoje-CID3-ID15HDvL.html,private
https://www.olx.pl/d/oferta/nowy-bocianek-mieszkanie-z-ogrodkiem-w-cenie-CID3-ID15HrwZ.html,private
https://www.olx.plhttps://www.otodom.pl/pl/oferta/komfortowe-mieszkanie-z-wlasnym-ogrodkiem-i-miejscami-parkingowymi-ID4rbZP.html,private
https://www.olx.plhttps://www.otodom.pl/pl/oferta/okazja-sprzedam-mieszkanie-3-pokojowe-kielce-os-swietokrzyskie-ID4vXWn.html,private
https://www.olx.pl/d/oferta/mieszkanie-2-pokoje-1-pietro-os-swietokrzyskie-kielce-CID3-ID16Br4U.html,private
https://www.olx.plhttps://www.otodom.pl/pl/oferta/apartament-81m-podkarczowka-ID4vOEs.html,private
https://www.olx.plhttps://www.otodom.pl/pl/oferta/mieszkanie-113-m2-garaz-miejsce-zewn-w-cenie-ID4thGJ.html,private
https://www.olx.plhttps://www.otodom.pl/pl/oferta/nowe-mieszkanie-z-duzym-ogrodkiem-ID4vffY.html,private
https://www.olx.plhttps://www.otodom.pl/pl/oferta/mieszkanie-110m2-wykonczone-pod-klucz-ID4vUBW.html,private
https://www.olx.plhttps://www.otodom.pl/pl/oferta/slichowice-nowe-m-z-ogrodami-nawet-200-m2-ID4x1Wo.html,private
https://www.olx.plhttps://www.otodom.pl/pl/oferta/sprzedam-nowe-mieszkanie-z-miejscem-postojowym-i-komorka-lokatorska-ID4vRzT.html,private
https://www.olx.plhttps://www.otodom.pl/pl/oferta/sprzedam-male-mieszkanie-w-dogodnej-lokalizacji-ID4vg3r.html,private
https://www.olx.pl/d/oferta/centrum-park-3-pokoje-60m2-2-tarasy-90m2-wysoki-standard-bezposre-CID3-ID16aMRr.html,private
https://www.olx.pl/d/oferta/okazja-mieszkanie-1-pokojowe-do-odswiezenia-23m-1-pietro-4-ul-lecha-CID3-ID16k26y.html,private
https://www.olx.plhttps://www.otodom.pl/pl/oferta/3-pokojowe-mieszkanie-po-generalnym-remoncie-ID4vVk4.html,private
https://www.olx.plhttps://www.otodom.pl/pl/oferta/mieszkanie-3-pokojowe-z-balkonem-1-sze-pietro-bocianek-ID4x93G.html,private
https://www.olx.plhttps://www.otodom.pl/pl/oferta/mieszkanie-2-pokojowe-widna-kuchnia-37-5m-loggia-komorka-ID4vVHC.html,private
https://www.olx.plhttps://www.otodom.pl/pl/oferta/pokoj-z-kuchnia-z-mozliwoscia-przerobki-na-2-pokoje-z-aneksem-ID4vJkv.html,private
https://www.olx.pl/d/oferta/stylowe-i-nowoczesne-3-pok-umeblowane-CID3-ID16uTZ5.html,private
https://www.olx.plhttps://www.otodom.pl/pl/oferta/nowe-mieszkanie-3-pokoje-bocianek-ID4x7mc.html,private
https://www.olx.pl/d/oferta/sprzedam-mieszkanie-37m2-CID3-ID16Br4r.html,private
https://www.olx.plhttps://www.otodom.pl/pl/oferta/umeblowane-mieszkanie-46m2-gotowe-do-wprowadzenia-2-pokoje-balkon-ID4x13z.html,private
https://www.olx.pl/d/oferta/dwupak-inwestycyjny-mieszkanie-z-najemcami-w-centrum-kielc-CID3-ID16t9ck.html,private
https://www.olx.pl/d/oferta/nowe-bezczynszowe-mieszkanie-z-ogrodem-lub-duzymi-balkonami-bukowka-CID3-ID11iBNT.html,private
https://www.olx.plhttps://www.otodom.pl/pl/oferta/mieszkanie-z-wlasnym-ogrodkiem-poddaszem-oraz-m-parkingowym-ID4x99H.html,private
https://www.olx.pl/d/oferta/mieszkanie-ul-kruszcowa-55-29m-3-pietro-CID3-ID16vcsp.html,private
https://www.olx.plhttps://www.otodom.pl/pl/oferta/centrum-2-pietro-jasne-i-cieple-po-generalnym-remoncie-ID4vZdi.html,private
https://www.olx.plhttps://www.otodom.pl/pl/oferta/sloneczne-dwustrone-mieszkanie-2-pokojowe-ID4t3Xb.html,private
https://www.olx.pl/d/oferta/mieszkanie-3-pokoje-ksm-CID3-ID159cxv.html,private
https://www.olx.plhttps://www.otodom.pl/pl/oferta/3-pokojowe-mieszkanie-z-widokiem-na-park-obok-plazy-ID4v2JB.html,private
https://www.olx.plhttps://www.otodom.pl/pl/oferta/kawalerka-w-centrum-kielc-ul-sienkiewicza-23-ID4vzXR.html,private
https://www.olx.plhttps://www.otodom.pl/pl/oferta/4-pokoje-po-remoncie-wysoki-standard-do-zamieszkania-logia-ID4vdfd.html,private
https://www.olx.plhttps://www.otodom.pl/pl/oferta/mieszkanie-srodkowe-przestronne-3pok-os-swietokrzyskie-6848zl-m2-ID4wQB3.html,private
https://www.olx.plhttps://www.otodom.pl/pl/oferta/przestronne-mieszkanie-na-slichowicach-ID4rR4W.html,private
https://www.olx.plhttps://www.otodom.pl/pl/oferta/luksusowe-mieszkanie-na-sprzedaz-patio-vita-ul-zagnanska-ID4vyP9.html,private
https://www.olx.plhttps://www.otodom.pl/pl/oferta/sprzedam-3-pokoje-51-5m2-ul-winnicka-ID4ufnj.html,private
https://www.olx.pl/d/oferta/sprzedam-przytulne-mieszkanie-2-pokoje-kielce-klonowa-44-p-4-4-CID3-ID13syHy.html,private
https://www.olx.plhttps://www.otodom.pl/pl/oferta/mieszkanie-zaprojektowane-pod-dzialalnosc-uslugowa-ID4xfFy.html,private
https://www.olx.plhttps://www.otodom.pl/pl/oferta/nowe-2-pok-przy-zalewie-kieleckim-stan-deweloperski-ID4xdji.html,private
https://www.olx.plhttps://www.otodom.pl/pl/oferta/centrum-park-bezposrednio-3-pokoje-60m-2-tarasy-90m-wysoki-standard-ID4x4od.html,private
https://www.olx.pl/d/oferta/przytulne-mieszkanie-2-pokojowe-osiedle-na-stok-CID3-ID16v9Z1.html,private
https://www.olx.plhttps://www.otodom.pl/pl/oferta/super-lokalizacja-kawalerka-27-5m2-parter-do-remontu-ID4vVGh.html,private
https://www.olx.plhttps://www.otodom.pl/pl/oferta/rezerwacja-kawalerka-25m2-os-swietokrzyskie-ID4vRmN.html,private
https://www.olx.plhttps://www.otodom.pl/pl/oferta/nowe-mieszkanie-3-pokojowe-do-zamieszkania-z-tarasem-ID4wN2Q.html,private
https://www.olx.plhttps://www.otodom.pl/pl/oferta/ladne-mieszkanie-w-dobrej-lokalizacji-ID4x4Vs.html,private
https://www.olx.pl/d/oferta/rezerwacja-3-pokoje-po-remoncie-gotowe-do-zamieszkania-przy-politech-CID3-ID16qSF2.html,private
https://www.olx.plhttps://www.otodom.pl/pl/oferta/sprzedam-przestronne-mieszkanie-kielce-uroczysko-ID4vQa2.html,private
https://www.olx.plhttps://www.otodom.pl/pl/oferta/sprzedam-mieszkanie-4-pokojowe-slichowice-i-ID4tSFE.html,private
https://www.olx.plhttps://www.otodom.pl/pl/oferta/gliniana-2-pokoje-53-m-1-pietro-kielce-ID4vLqE.html,private
https://www.olx.pl/d/oferta/kawalerka-jagiellonska-naprzeciwko-diagnostyki-CID3-ID16nxgw.html,private
https://www.olx.plhttps://www.otodom.pl/pl/oferta/okazja-kawalerka-2-pokojowa-garaz-podziemny-stan-idealny-ID4vMJQ.html,private
https://www.olx.pl/d/oferta/energooszczedne-mieszkanie-79-50-m-3-pokoje-podkarczowka-CID3-ID14NCq5.html,private
https://www.olx.plhttps://www.otodom.pl/pl/oferta/sprzedam-2-pokojowe-mieszkanie-na-osiedlu-barwinek-ID4x6R6.html,private
https://www.olx.plhttps://www.otodom.pl/pl/oferta/przytulne-mieszkanie-43-m-do-zamieszkania-ID4xfBl.html,private
https://www.olx.plhttps://www.otodom.pl/pl/oferta/przestronne-mieszkanie-z-dwoma-balkonami-szajnowicza-iwanowa-ID4x7G5.html,private
https://www.olx.pl/d/oferta/trzypokojowy-apartament-dwa-miejsca-w-garazu-ul-piekoszowska-191c-CID3-ID15aEtV.html,private
https://www.olx.plhttps://www.otodom.pl/pl/oferta/3-pokoje-nad-zalewem-ID4vT9d.html,private
https://www.olx.plhttps://www.otodom.pl/pl/oferta/mieszkanie-szydlowek-bezposrednio-ID4vHQL.html,private
https://www.olx.plhttps://www.otodom.pl/pl/oferta/mieszkanie-3-pokoje-taras-slichowice-ID4x7j6.html,private
https://www.olx.pl/d/oferta/mieszkanie-na-sprzedaz-59-9m-bez-piecyka-gazowego-CID3-ID16tVbz.html,private
https://www.olx.plhttps://www.otodom.pl/pl/oferta/3-pokojowe-mieszkanie-po-generalnym-remoncie-1-pietro-ID4v2aF.html,private
https://www.olx.plhttps://www.otodom.pl/pl/oferta/atrakcyjne-mieszkanie-3-pokojowe-po-generalnym-remoncie-ID4v6UL.html,private
https://www.olx.plhttps://www.otodom.pl/pl/oferta/apartament-klonowa-mega-taras-uroczysko-ID4vy9g.html,private
https://www.olx.plhttps://www.otodom.pl/pl/oferta/trzy-pokojowy-apartament-w-plaza-2-na-11-pietrze-ID4tJzh.html,private
https://www.olx.pl/d/oferta/sprzedam-mieszkanie-2-pokoje-kielce-bocianek-pietro-3-bezposrednio-CID3-ID15AG3q.html,private
https://www.olx.plhttps://www.otodom.pl/pl/oferta/nowe-dwustronne-mieszkanie-z-projektem-blok-z-2025-roku-centrum-ID4v0dz.html,private
https://www.olx.pl/d/oferta/kawalerka-w-swietnej-lokalizacji-klonowa-CID3-ID16tpqF.html,private
https://www.olx.pl/d/oferta/3-pokojowe-mieszkanie-z-garderoba-na-slichowicach-CID3-ID15arAd.html,private
https://www.olx.pl/d/oferta/mieszkanie-49-86m2-w-cenie-miejsce-garazowe-i-komorka-lok-CID3-ID16uZ1Q.html,private
https://www.olx.plhttps://www.otodom.pl/pl/oferta/rezerwacja-domaszowice-mieszkanie-3-pok-55-86m2-poddasze-1-2-ID4t3Tu.html,private
https://www.olx.plhttps://www.otodom.pl/pl/oferta/mieszkanie-3-pokoje-ID4v9Fr.html,private
https://www.olx.plhttps://www.otodom.pl/pl/oferta/ekskluzywne-mieszkanie-gotowe-do-zamieszkania-rezydencja-klonova-ID4u5ss.html,private
https://www.olx.plhttps://www.otodom.pl/pl/oferta/kielce-sady-3-pokoje-od-reki-gotowe-bez-wkladu-finansowego-ID4v8rH.html,private
https://www.olx.plhttps://www.otodom.pl/pl/oferta/mieszkanie-59m2-do-zamieszkania-od-zaraz-ID4x93W.html,private
https://www.olx.plhttps://www.otodom.pl/pl/oferta/mieszkanie-na-sprzedaz-45-8m2-uroczysko-kielce-ID4w1ux.html,private
https://www.olx.pl/d/oferta/przestronne-ciche-i-przytulne-mieszkanie-sprzedam-CID3-ID16sA3N.html,private
https://www.olx.plhttps://www.otodom.pl/pl/oferta/mieszkanie-3-pok-59-5-m2-stadion-ID4u7QW.html,private
https://www.olx.plhttps://www.otodom.pl/pl/oferta/apartament-na-ostatnim-pietrze-ID4wydP.html,private
https://www.olx.plhttps://www.otodom.pl/pl/oferta/piekne-mieszkanie-54-m-z-duzym-tarasem-kolo-zalewu-jeleniowska-200-ID4vVfT.html,private
https://www.olx.pl/d/oferta/kawalerka-w-doskonalej-lokalizacji-ul-norwida-CID3-ID16vTzP.html,private
https://www.olx.plhttps://www.otodom.pl/pl/oferta/nowe-4-pok-bezczynszowe-poddasze-gratis-ID4wnRo.html,private
https://www.olx.plhttps://www.otodom.pl/pl/oferta/4-pokojowe-mieszkanie-w-cichej-i-zielonej-okolicy-ID4t6oY.html,private
https://www.olx.plhttps://www.otodom.pl/pl/oferta/bezpos-2-pokojowe-mieszkanie-2-pietro-52m2-ID4wcNy.html,private
https://www.olx.plhttps://www.otodom.pl/pl/oferta/nowe-w-pelni-wykonczone-mieszkanie-premium-63-31m2-3-pokoje-na-juz-ID4v0b7.html,private
https://www.olx.plhttps://www.otodom.pl/pl/oferta/prestizowy-przy-parku-wyjatkowy-widok-10-pietro-ID4rXMq.html,private
https://www.olx.pl/d/oferta/mieszkanie-pod-klucz-na-sprzedaz-CID3-ID14vOdj.html,private
https://www.olx.pl/d/oferta/kawalerka-ul-wiosenna-4-pietro-CID3-ID16lDZy.html,private
https://www.olx.plhttps://www.otodom.pl/pl/oferta/nowy-3-pokojowy-apartament-oferta-premium-ID4wWn1.html,private
https://www.olx.plhttps://www.otodom.pl/pl/oferta/sprzedam-mieszkanie-47-m2-na-stoku-kielce-ID4wjBe.html,private
https://www.olx.plhttps://www.otodom.pl/pl/oferta/nowy-3-pok-apartament-podlogowka-i-klima-ID4wU2o.html,private
https://www.olx.plhttps://www.otodom.pl/pl/oferta/nowe-mieszkanie-pod-klucz-71-69m2-3-pokojowe-ID4wHY5.html,private
https://www.olx.plhttps://www.otodom.pl/pl/oferta/przytulne-2-pokojowe-mieszkanie-czarnow-10-pietro-ID4xa1o.html,private
https://www.olx.plhttps://www.otodom.pl/pl/oferta/mieszkanie-70-64-m-duzy-taras-andersa-kielce-ID4uTxs.html,private
https://www.olx.plhttps://www.otodom.pl/pl/oferta/mieszkanie-2-pokojowe-ul-nowy-swiat-47m2-ID4wgDJ.html,private
https://www.olx.plhttps://www.otodom.pl/pl/oferta/mieszkanie-pod-telegrafem-na-sprzedaz-ID4uIZD.html,private
https://www.olx.plhttps://www.otodom.pl/pl/oferta/nowe-mieszkanie-2-pokojowe-komorka-lokatorska-gratis-ID4wStl.html,private
https://www.olx.plhttps://www.otodom.pl/pl/oferta/sprzedam-trzypokojowe-mieszkanie-o-pow-59m-sady-ID4vdMo.html,private
https://www.olx.pl/d/oferta/wykonczone-pod-klucz-mieszkanie-61-74-m2-CID3-ID15QR6g.html,private
https://www.olx.plhttps://www.otodom.pl/pl/oferta/barwinek-59-m2-bezposrednio-ID4x9BU.html,private
https://www.olx.plhttps://www.otodom.pl/pl/oferta/nowe-3-pokojowe-mieszkanie-wykonczone-ID4x1PE.html,private
https://www.olx.plhttps://www.otodom.pl/pl/oferta/mieszkanie-na-sprzedaz-os-na-stoku-2-pok-51-29m2-ID4p1Oo.html,private
https://www.olx.plhttps://www.otodom.pl/pl/oferta/sloneczne-i-cieple-mieszkanie-na-2-pietrze-ID4vPa3.html,private
https://www.olx.plhttps://www.otodom.pl/pl/oferta/dwa-pokoje-centrum-zelazna-ID4vt8C.html,private
https://www.olx.plhttps://www.otodom.pl/pl/oferta/okrzei-41a-lux-wykonczony-taras-garderoba-garaz-ID4lXfR.html,private
https://www.olx.pl/d/oferta/mieszkanie-3-pokoje-barwinek-71-m2-parter-CID3-ID14JMi8.html,private
https://www.olx.plhttps://www.otodom.pl/pl/oferta/nowe-3-pokojowe-mieszkanie-centrum-ID4x7IL.html,private
https://www.olx.plhttps://www.otodom.pl/pl/oferta/-ID4wGTy.html,private
https://www.olx.plhttps://www.otodom.pl/pl/oferta/ciekawe-mieszkanie-55m-3-pokoje-paderewskiego-po-remoncie-ID4vpk5.html,private
https://www.olx.plhttps://www.otodom.pl/pl/oferta/super-lokalizacja-1-pietro-2-pokoje-blok-z-cegly-balkon-ID4vB1v.html,private
https://www.olx.pl/d/oferta/mieszkanie-kawalerka-po-remoncie-ul-wojewodzka-sprzedam-CID3-ID16kbUy.html,private
https://www.olx.pl/d/oferta/mieszkanie-biuro-CID3-ID16szyl.html,private
https://www.olx.plhttps://www.otodom.pl/pl/oferta/-ID4xcHA.html,private
https://www.olx.plhttps://www.otodom.pl/pl/oferta/warszawska-premium-64m2-bocianek-wykonczone-3-pokoje-pod-klucz-ID4skJz.html,private
https://www.olx.plhttps://www.otodom.pl/pl/oferta/smart-apart-kawalerka-a4-04-25-25m2-centrum-kielc-ID4o2Dn.html,private
https://www.olx.plhttps://www.otodom.pl/pl/oferta/wyjatkowe-2-pokojowe-mieszkanie-46m2-ID4wQ4U.html,private
https://www.olx.pl/d/oferta/okazja-mieszkanie-64m2-kielce-dwa-pokoje-blisko-centrum-inwestycja-CID3-ID16kHyf.html,private
https://www.olx.plhttps://www.otodom.pl/pl/oferta/mieszkanie-ul-paderewskiego-kielce-ID4vDTL.html,private
https://www.olx.plhttps://www.otodom.pl/pl/oferta/sprzedam-mieszkanie-dwupokojowe-55-7m2-w-poblizu-zalewu-kieleckiego-ID4vq2z.html,private
https://www.olx.plhttps://www.otodom.pl/pl/oferta/mieszkanie-3-pokoje-bocianek-ID4vVbE.html,private
https://www.olx.plhttps://www.otodom.pl/pl/oferta/kielce-2-pokoje-strona-poludniowa-balkon-blisko-centrum-ID4v475.html,private
https://www.olx.plhttps://www.otodom.pl/pl/oferta/2-pok-50m2-ul-warszawska-scisle-centrum-garaz-ID4k5LQ.html,private
https://www.olx.plhttps://www.otodom.pl/pl/oferta/3-pokojowe-mieszkanie-okrzei-z-miejscem-parkingowym-ID4vqEw.html,private
https://www.olx.pl/d/oferta/nowa-2-pokojowe-mieszkanie-pod-klucz-CID3-ID16yTyq.html,private
https://www.olx.plhttps://www.otodom.pl/pl/oferta/mieszk-42m2-po-remoncie-z-widokiem-na-kadzielnie-ID4uOgS.html,private
https://www.olx.pl/d/oferta/mieszkanie-3-pok-balkon-okazja-centrum-ksm-CID3-ID11ZplM.html,private
https://www.olx.plhttps://www.otodom.pl/pl/oferta/dwupoziomowe-slichowice-ID4vMyl.html,private
https://www.olx.pl/d/oferta/ksm-sprzedam-2-pokojowe-mieszkanie-kielce-ul-zagorska-57-47-m-CID3-ID16Abyb.html,private
https://www.olx.pl/d/oferta/mieszkanie-46-03-mkw-na-sprzedaz-CID3-ID16AbIz.html,private
https://www.olx.plhttps://www.otodom.pl/pl/oferta/apartament-87m2-3-pokoje-ogrodek-nowy-ID4vxcN.html,private
https://www.olx.plhttps://www.otodom.pl/pl/oferta/nowe-mieszkanie-osiedle-na-gornej-ID4x9IF.html,private
https://www.olx.pl/d/oferta/nowoczesne-2-pokojowe-mieszkanie-49-12-m-plaza-tower-ii-CID3-ID16wpFn.html,private
https://www.olx.pl/d/oferta/apartament-po-25m2-obok-rynku-w-kielcach-CID3-ID14J9be.html,private
https://www.olx.plhttps://www.otodom.pl/pl/oferta/nowe-w-pelni-wykonczone-mieszkanie-premium-3-pok-ID4xfnZ.html,private
https://www.olx.pl/d/oferta/mieszkanie-40m2-ogrodek-60m2-stan-deweloperski-CID3-ID15IlP1.html,private
https://www.olx.plhttps://www.otodom.pl/pl/oferta/mieszkanie-ul-stefana-okrzei-74-74-m2-ID4vzZn.html,private
https://www.olx.plhttps://www.otodom.pl/pl/oferta/funkcjonalna-kawalerka-z-osobna-kuchnia-kielce-ul-bema-ID4vUb8.html,private
https://www.olx.plhttps://www.otodom.pl/pl/oferta/gotowe-do-zamieszkania-umeblowane-w-samym-centrum-ID4rAi4.html,private
https://www.olx.plhttps://www.otodom.pl/pl/oferta/nowe-2pok-mieszkanie-premium-47m-z-ogrodkiem-w-kielcach-pod-klucz-ID4vGeG.html,private
https://www.olx.plhttps://www.otodom.pl/pl/oferta/nowe-gotowe-luksusowe-iip-71m2-drewniana-podloga-2x-garaz-32m2-taras-ID4wWYc.html,private
https://www.olx.plhttps://www.otodom.pl/pl/oferta/mieszkanie-3-pokojowe-barwinek-ID4wVkC.html,private
https://www.olx.plhttps://www.otodom.pl/pl/oferta/mieszkanie-herby-podwojne-128m2-z-garazem-ID4vWvR.html,private
https://www.olx.pl/d/oferta/okazja-sprzedam-3-pokoje-w-cenie-2-kielce-os-swietokrzyskie-CID3-ID14SRe4.html,private
https://www.olx.pl/d/oferta/mieszkanie-37-1m-2pokoje-po-generalnym-remoncie-kielce-CID3-ID15EpWj.html,private
https://www.olx.pl/d/oferta/komfortowe-mieszkanie-2-pokojowe-kielce-grunwaldzka-CID3-ID16ihoq.html,private
https://www.olx.pl/d/oferta/mieszkanie-39-2m2-2-pokoje-pietro-2-z-4-ul-jagiellonska-CID3-ID16r7MZ.html,private
https://www.olx.plhttps://www.otodom.pl/pl/oferta/mieszkanie-3-pokojowe-75-m-z-piwnica-i-balkonem-barwinek-kielce-ID4vTJL.html,private
https://www.olx.plhttps://www.otodom.pl/pl/oferta/nowoczesny-wyposazony-apartament-blisko-centrum-ID4krSN.html,private
https://www.olx.plhttps://www.otodom.pl/pl/oferta/mieszkanie-wykonczone-pod-klucz-3-pokoje-ID4x54J.html,private
https://www.olx.plhttps://www.otodom.pl/pl/oferta/mieszkanie-kawalerka-35m-ID4x7LB.html,private
https://www.olx.plhttps://www.otodom.pl/pl/oferta/3-pokoje-na-stoku-wolne-od-zaraz-ID4vusj.html,private
https://www.olx.pl/d/oferta/apartament-70-m-poleska-kielce-CID3-ID15cU4l.html,private
https://www.olx.plhttps://www.otodom.pl/pl/oferta/mieszkanie-2-pok-stan-deweloperski-bocianek-iii-ID4wOCT.html,private
https://www.olx.plhttps://www.otodom.pl/pl/oferta/mieszkanie-65-m2-3-pokoje-3-pietro-kielce-osiedle-uroczysko-ID4vRgh.html,private
https://www.olx.pl/d/oferta/mieszkanie-nowe-2-pokojowe-47-4-m2-na-os-ksm-w-kielcach-CID3-ID140ebZ.html,private
https://www.olx.pl/d/oferta/3-4-pokojowe-mieszkanie-na-os-sady-nowowiejska-15-CID3-ID16exOE.html,private
https://www.olx.plhttps://www.otodom.pl/pl/oferta/nowe-mieszkanie-3-pokojowe-ulica-lecha-kielce-ID4xazY.html,private
https://www.olx.plhttps://www.otodom.pl/pl/oferta/mieszkanie-na-sprzedaz-2-pok-51-8-m2-ul-slaska-kielce-ID4vVPB.html,private
https://www.olx.pl/d/oferta/mieszkanie-1-pokoj-26m2-kawalerka-centrum-ul-jagiellonska-CID3-ID16r8fH.html,private
https://www.olx.plhttps://www.otodom.pl/pl/oferta/nowe-2-pok-mieszkanie-35m2-podlogowka-klimatyzacja-blisko-uczelni-ID4vVjc.html,private
https://www.olx.pl/d/oferta/centrum-srodmiescie-paderewskiego-49-m-kw-1-pietro-2-pok-CID3-ID143RGx.html,private
https://www.olx.pl/d/oferta/mieszkanie-1-pokojowe-CID3-ID16kS46.html,private
https://www.olx.plhttps://www.otodom.pl/pl/oferta/sprzedam-nowe-mieszkanie-dzielnica-kielczanka-ID4uFTl.html,private
https://www.olx.plhttps://www.otodom.pl/pl/oferta/nowe-2-pok-mieszkanie-37m2-podlogowka-klimatyzacja-blisko-uczelni-ID4vVjh.html,private
https://www.olx.pl/d/oferta/ksm-sprzedam-2-pokojowe-mieszkanie-kielce-ul-zagorska-57-40-m-CID3-ID168W9P.html,private
https://www.olx.plhttps://www.otodom.pl/pl/oferta/sprzedam-bezposrednio-3-pokojowe-mieszkanie-sloneczne-wzgorze-kielce-ID4vzvW.html,private
https://www.olx.pl/d/oferta/mieszkanie-w-otoczeniu-lasu-miejsce-postojowe-w-garazu-CID3-ID16fkxj.html,private
https://www.olx.plhttps://www.otodom.pl/pl/oferta/park-sosnowy-mieszkanie-z-tarasem-widok-na-las-ID4tB6E.html,private
https://www.olx.pl/d/oferta/sprzedam-mieszkanie-umeblowane-kawalerka-25-m-kielce-nowe-budownictwo-CID3-ID14LDxc.html,private
https://www.olx.pl/d/oferta/sprzedam-mieszkanie-kielce-ul-piekoszowska-55-CID3-ID16kwFz.html,private
https://www.olx.plhttps://www.otodom.pl/pl/oferta/mieszkanie-z-ogrodkiem-zagorska-kielce-ID4kJSD.html,private
https://www.olx.pl/d/oferta/os-sady-ul-wiosenna-mieszkanie-2-pokojowe-CID3-ID16vfd6.html,private
https://www.olx.plhttps://www.otodom.pl/pl/oferta/mieszkanie-2-pok-kielce-ksm-bez-pcc-ID4x1OM.html,private
https://www.olx.pl/d/oferta/sprzedam-mieszkanie-centrum-CID3-ID16v5xM.html,private
https://www.olx.plhttps://www.otodom.pl/pl/oferta/mieszkanie-dla-duzej-rodziny-lub-dzialalnosci-biznesowej-ID4x9jn.html,private
https://www.olx.pl/d/oferta/mieszkanie-na-osiedlu-sady-w-kielcach-CID3-ID16nmO1.html,private
https://www.olx.plhttps://www.otodom.pl/pl/oferta/mieszkanie-stan-deweloperski-zagorska-ID4lkQC.html,private
https://www.olx.pl/d/oferta/mieszkanie-ul-jagiellonska-CID3-ID16kFuH.html,private
https://www.olx.pl/d/oferta/mieszkanie-3-pok-kielce-ksm-daleka-21-2p-4p-2-piwnice-balkon-CID3-ID15tzqC.html,private
https://www.olx.plhttps://www.otodom.pl/pl/oferta/sprzedam-3-pokojowe-mieszkanie-ii-pietro-kameralny-budynek-z-2008-r-ID4vkfl.html,private
https://www.olx.pl/d/oferta/mieszkanie-slichowice-CID3-ID16viRs.html,private
https://www.olx.pl/d/oferta/sprzedam-mieszkanie-os-bocianek-CID3-ID16pSDi.html,private
https://www.olx.pl/d/oferta/mieszkanie-3-pokoje-z-aneksem-69-7-m2-duzy-taras-slichowice-CID3-ID15uFtE.html,private
https://www.olx.plhttps://www.otodom.pl/pl/oferta/mieszkanie-3-pok-kielce-ksm-daleka-21-2p-4p-2-piwnice-balkon-ID4vyzj.html,private
https://www.olx.plhttps://www.otodom.pl/pl/oferta/centrum-obok-rynku-bez-posrednikow-klima-ID4qAP6.html,private
https://www.olx.plhttps://www.otodom.pl/pl/oferta/mieszkanie-piekoszowska-45-ID4vjtr.html,private
https://www.olx.pl/d/oferta/3-pokoje-63m2-w-centrum-kielc-ul-sniadeckich-sprzedam-bezposrednio-CID3-ID11gWYX.html,private
https://www.olx.plhttps://www.otodom.pl/pl/oferta/rezerwacja-mieszkanie-osiedle-na-stoku-59m2-3-pokoje-parter-ID4vRKx.html,private
https://www.olx.pl/d/oferta/mieszkanie-3-pokojowe-65-m2-okazja-CID3-ID123McQ.html,private
https://www.olx.pl/d/oferta/mieszkanie-1-pokojowe-osiedle-na-stoku-CID3-ID14MJK9.html,private
https://www.olx.pl/d/oferta/mieszkanie-3-pokojowe-55-29-m2-podkarczowka-CID3-ID13Ej3P.html,private
https://www.olx.pl/d/oferta/cesja-do-08-25-bohaterw-w-wy-2-piekny-uklad-3-pokoje-i-parking-CID3-ID13UhzM.html,private
https://www.olx.pl/d/oferta/sprzedam-przytulne-mieszkanie-os-jagiellonskie-CID3-ID16tSvL.html,private
https://www.olx.plhttps://www.otodom.pl/pl/oferta/sprzedaz-mieszkania-ID4s7bN.html,private
https://www.olx.pl/d/oferta/atrakcyjne-mieszkanie-dwupoziomowe-w-centrum-kielc-CID3-ID16rDiE.html,private
https://www.olx.plhttps://www.otodom.pl/pl/oferta/dwupoziomowe-5-pok-na-slichowicach-95-m2-ID4p9Bj.html,private
https://www.olx.plhttps://www.otodom.pl/pl/oferta/sprzedam-mieszkanie-ID4uDbJ.html,private
https://www.olx.pl/d/oferta/mieszkanie-42-m2-os-sady-kielce-CID3-ID16v4Rk.html,private
https://www.olx.plhttps://www.otodom.pl/pl/oferta/sprzedam-mieszkanie-ID4rZUl.html,private
https://www.olx.pl/d/oferta/mieszkanie-51m-na-ul-czarnowskiej-7-w-kielcach-CID3-ID13Q8ZK.html,private
https://www.olx.pl/d/oferta/mieszkanie-4-pokojowe-60m2-po-remoncie-os-swietokrzyskie-CID3-ID16va20.html,private
https://www.olx.pl/d/oferta/na-sprzedaz-mieszkanie-47-m2-na-parterze-ul-jagiellonska-kielce-CID3-ID16eVQc.html,private
https://www.olx.pl/d/oferta/mieszkanie-kawalerka-26-19m-stan-deweloperski-miejsce-parkingowe-CID3-ID14BXxd.html,private
https://www.olx.pl/d/oferta/kawalerka-na-sprzedaz-uroczysko-CID3-ID14uBzD.html,private
https://www.olx.pl/d/oferta/mieszkanie-55-8m2-dwa-pokoje-herby-gliniana-3-kielce-CID3-ID15SlbK.html,private
https://www.olx.pl/d/oferta/mieszkanie-49-78m-CID3-ID16prGJ.html,private
https://www.olx.pl/d/oferta/domaszowska-3pok-taras-garaz-nowe-bud-klimatyzacja-centr-bezp-zamiana-CID3-IDVmII4.html,private
https://www.olx.pl/d/oferta/mieszkanie-na-sprzedaz-84-34-m2-CID3-ID14pNiB.html,private
https://www.olx.pl/d/oferta/mieszkanie-2-pokojowe-barwinek-starowapienikowa-sprzedam-CID3-ID16kFI9.html,private
https://www.olx.pl/d/oferta/mieszkanie-na-sprzedaz-CID3-ID16fgeT.html,private
https://www.olx.pl/d/oferta/mieszkanie-74-6m2-4-pokoje-3-pietro-slichowice-ul-dewonska-CID3-ID16sjlN.html,private
https://www.olx.pl/d/oferta/sprzedam-mieszkanie-kielce-sady-szydlowek-CID3-ID12Ostt.html,private
https://www.olx.pl/d/oferta/mieszkanie-os-slichowice-przy-rezerwacie-przyrody-szlaban-CID3-ID15FBS6.html,private
https://www.olx.pl/d/oferta/mieszkanie-kielce-os-swietokrzyskie-3-pokoje-CID3-ID16sF5a.html,private
https://www.olx.pl/d/oferta/mieszkanie-63m2-os-na-stoku-CID3-ID16kdXD.html,private
https://www.olx.pl/d/oferta/kawalerka-na-sprzedaz-CID3-ID14PHKU.html,private
https://www.olx.plhttps://www.otodom.pl/pl/oferta/mieszkanie-2-pokoje-z-widokiem-projekt-ID4x7Rf.html,private
https://www.olx.pl/d/oferta/mieszkanie-2-pokojowe-50-4-m-os-sloneczne-wzgorze-kielce-CID3-ID16kfxa.html,private
https://www.olx.pl/d/oferta/mieszkanie-na-sprzedaz-CID3-ID16kOJH.html,private
https://www.olx.pl/d/oferta/mieszkanie-47-5-na-2-pietrze-z-winda-brama-na-pilota-balkon-schowek-CID3-ID16wvEl.html,private
https://www.olx.pl/d/oferta/mieszkanie-3-pokojowe-kielce-ksm-CID3-ID16s4wF.html,private
https://www.olx.pl/d/oferta/mieszkanie-3-pokoje-CID3-ID16gQBj.html,private
https://www.olx.pl/d/oferta/sprzedam-mieszkanie-40m2-3pokoje-CID3-ID16xAGx.html,private
https://www.olx.pl/d/oferta/sprzedam-2-pokojowe-mieszkanie-os-na-stoku-CID3-ID16oJEL.html,private
https://www.olx.pl/d/oferta/2-pokoje-plus-salon-z-aneksem-1-pietro-balkon-bocianek-CID3-ID16i2tj.html,private
https://www.olx.pl/d/oferta/widne-mieszkanie-65-8m2-3-pokoje-w-kamienicy-ulica-checinska-29-CID3-ID16pfrQ.html,private
https://www.olx.pl/d/oferta/okazja-kawalerka-wysoki-parter-rowniez-inwestycyjnie-CID3-ID14j62g.html,private
https://www.olx.pl/d/oferta/dobre-miejsce-do-zamieszkania-CID3-ID16aDgC.html,private
https://www.olx.pl/d/oferta/barwinek-3-pokoje-60m2-do-remontu-CID3-ID16uI4P.html,private
https://www.olx.pl/d/oferta/mieszkanie-34m2-w-centralnym-punkcie-kielc-CID3-ID16pdqm.html,private
https://www.olx.pl/d/oferta/mieszkanie-3-pokoje-bocianek-CID3-ID16hcNU.html,private
https://www.olx.pl/d/oferta/mieszkanie-podkarczowka-z-garazem-CID3-ID10hFeh.html,private
https://www.olx.pl/d/oferta/mieszkanie-kielce-checinska-kaczmarka-42m2-centrum-kadzielnia-CID3-ID14J47X.html,private
https://www.olx.pl/d/oferta/2-pokoje-z-duzym-tarasem-i-garazem-parter-kielce-ul-rajtarska-CID3-ID16AyMe.html,private
https://www.olx.pl/d/oferta/rezerwacja-mieszkanie-2-pok-ul-warszawska-97-szydlowek-psk-CID3-ID14wPXP.html,private
https://www.olx.pl/d/oferta/kawalerka-na-osiedlu-bocianek-CID3-ID15kI3q.html,private
https://www.olx.pl/d/oferta/mieszkanie-os-sady-2-pokoje-CID3-ID16iyEM.html,private
https://www.olx.pl/d/oferta/mieszkanie-44m2-osiedle-na-stoku-CID3-ID16mHwI.html,private
https://www.olx.pl/d/oferta/mieszkanie-ktore-juz-zarabia-fv-23-CID3-ID16bUYP.html,private
https://www.olx.pl/d/oferta/sprzedam-mieszkanie-CID3-ID166Cp6.html,private
https://www.olx.pl/d/oferta/sprzedam-piekne-mieszkanie-al-solidarnosci-22-dzielnica-kielczanka-CID3-ID16uhUl.html,private
https://www.olx.pl/d/oferta/sprzedam-nowe-mieszkanie-CID3-ID12i79s.html,private
https://www.olx.pl/d/oferta/bezposrednio-mieszkakanie-59-m-blisko-centrum-CID3-ID16bq5x.html,private
https://www.olx.pl/d/oferta/sprzedam-mieszkanie-CID3-ID16mkWI.html,private
https://www.olx.pl/d/oferta/mieszkanie-na-sprzedaz-po-generalnym-remoncie-cena-z-nowymwyposazeniem-CID3-ID15ARUt.html,private
https://www.olx.pl/d/oferta/mieszkanie-2-pokojowe-CID3-ID16qwZF.html,private
https://www.olx.pl/d/oferta/sprzedam-mieszkanie-na-szydlowku-2-3-pokojowe-CID3-ID14WHcz.html,private
