Link,Rooms_Number
https://www.olx.pl/d/oferta/wyjamne-nowe-mieszkanie-centrum-kielc-smart-apart-CID3-ID16CLcI.html,1
https://www.olx.pl/d/oferta/kawalerka-po-remoncie-ul-wojewodzka-internet-i-tv-w-cenie-CID3-ID15T4iM.html,1
https://www.olx.pl/d/oferta/ul-mickiewicza-dostepne-od-zaraz-film-link-w-opisie-CID3-ID16yOeX.html,1
https://www.olx.pl/d/oferta/kawalerka-35m-centrum-kielce-CID3-ID16wFsa.html,1
https://www.olx.plhttps://www.otodom.pl/pl/oferta/komfortowa-kawalerka-do-wynajecia-w-okolicach-ujk-oraz-politechniki-ID4xeWx.html,1
https://www.olx.plhttps://www.otodom.pl/pl/oferta/wynajem-mieszkania-38m-ID4xiTv.html,1
https://www.olx.pl/d/oferta/kawalerka-na-ul-bukowej-CID3-ID16DYOm.html,1
https://www.olx.plhttps://www.otodom.pl/pl/oferta/kawalerka-po-remoncie-ul-okrzei-1-pietro-ID4x0TM.html,1
https://www.olx.pl/d/oferta/mieszkanie-ul-okrzei-duzy-balkon-miejsce-parkingowe-CID3-ID16p559.html,1
https://www.olx.pl/d/oferta/nowoczesna-kawalerka-na-wynajem-kielce-ul-klonowa-CID3-ID16Drvp.html,1
https://www.olx.pl/d/oferta/mieszkanie-do-wynajecia-kawalerka-na-wynajem-CID3-ID16D3fg.html,1
https://www.olx.pl/d/oferta/mieszkanie-do-wynajecia-CID3-ID11Z11E.html,1
https://www.olx.pl/d/oferta/miejsce-garazowe-w-plaza-tower-iii-dostepne-od-zaraz-CID3-ID14YWBi.html,1
https://www.olx.pl/d/oferta/bezczynszowe-mieszkanie-1-pokojowe-25-m2-ksm-kielce-CID3-ID16yTEI.html,1
https://www.olx.plhttps://www.otodom.pl/pl/oferta/kawalerka-z-duzym-balkonem-i-pietro-ul-strasza-os-kochanowskiego-ID4x1nU.html,1
https://www.olx.pl/d/oferta/kawalerka-kielce-CID3-ID16zfxM.html,1
https://www.olx.plhttps://www.otodom.pl/pl/oferta/przytulna-kawalerka-do-wynajecia-ID4vnLX.html,1
https://www.olx.pl/d/oferta/wynajme-kawalerke-o-pow-33-m2-CID3-ID16nDmW.html,1
https://www.olx.plhttps://www.otodom.pl/pl/oferta/do-wynajecia-kielce-centrum-apartament-25m-mieszkanie-2os-srodmiescie-ID4i9VL.html,1
https://www.olx.plhttps://www.otodom.pl/pl/oferta/wynajem-kawalerka-wysoki-standard-centrum-ul-niska-ID4rvDI.html,1
https://www.olx.plhttps://www.otodom.pl/pl/oferta/na-wynajem-mieszkanie-1-pokojowe-20m-ID4xdvT.html,1
https://www.olx.pl/d/oferta/kawalerka-ul-lotnicza-CID3-ID16CLUU.html,1
https://www.olx.pl/d/oferta/wynajme-mieszkanie-apartament-27-m2-ulica-jeleniowska-kielce-CID3-ID13ckhq.html,1
https://www.olx.pl/d/oferta/do-wynajecia-mieszkanie-35-m2-kielce-ul-krakowska-CID3-ID16zbk5.html,1
https://www.olx.pl/d/oferta/komfortowa-kawalerka-z-balkonem-centrum-CID3-ID16qjCI.html,1
https://www.olx.pl/d/oferta/nowa-kawalerka-ul-kaczynskiego-obok-rynku-CID3-ID16hVoW.html,1
https://www.olx.plhttps://www.otodom.pl/pl/oferta/jednopokojowe-umeblowane-ul-tektoniczna-ID4xeIt.html,1
https://www.olx.plhttps://www.otodom.pl/pl/oferta/samodzielne-mieszkanie-40m2-ck-centrum-hit-cenowy-ID44IgJ.html,1
https://www.olx.plhttps://www.otodom.pl/pl/oferta/apartament-studio-plaza-tower-ID4tu5i.html,1
https://www.olx.plhttps://www.otodom.pl/pl/oferta/-ID4vW5o.html,1
https://www.olx.pl/d/oferta/nowa-kawalerka-na-wynajem-warszawska-CID3-ID16zenb.html,1
https://www.olx.plhttps://www.otodom.pl/pl/oferta/mieszkanie-dostepne-od-zaraz-25-48m-ul-kwarciana-ID4x7FR.html,1
https://www.olx.pl/d/oferta/przytulne-mieszkanie-ul-warszawska-pierwszy-najem-CID3-ID16qP2i.html,1
https://www.olx.plhttps://www.otodom.pl/pl/oferta/apartament-30m-taras-ul-romualda-1-centrum-ID4bPqp.html,1
https://www.olx.plhttps://www.otodom.pl/pl/oferta/atrakcyjna-kawalerka-z-balkonem-na-slichowicach-ID4rnIj.html,1
https://www.olx.plhttps://www.otodom.pl/pl/oferta/kawalerka-w-cichej-i-spokojnej-okolicy-z-prywatnym-parkingiem-ID4x9xS.html,1
https://www.olx.plhttps://www.otodom.pl/pl/oferta/na-wynajem-nowa-kawalerka-26m-ID4vHMf.html,1
https://www.olx.pl/d/oferta/kawalerka-ul-szkolna-po-remoncie-oddzielna-kuchnia-CID3-ID16CGyM.html,1
https://www.olx.pl/d/oferta/kawalerka-na-wynajem-CID3-ID16lA9L.html,1
https://www.olx.pl/d/oferta/kawalerka-do-wynajecia-CID3-ID16lYqr.html,1
https://www.olx.pl/d/oferta/wynajme-kawalerke-sady-CID3-ID16A4pW.html,1
https://www.olx.plhttps://www.otodom.pl/pl/oferta/wynajem-mieszkania-sloneczne-wzgorze-ID3UMh6.html,1
https://www.olx.pl/d/oferta/mieszkanie-kawalerka-do-wynajecia-kielce-sady-blisko-ujk-politechnika-CID3-ID16srxL.html,1
https://www.olx.pl/d/oferta/mieszkanie-do-wynajecia-od-zaraz-CID3-ID16qkYh.html,1
https://www.olx.pl/d/oferta/mieszkanie-kawalerka-25m2-CID3-ID16BKtw.html,1
https://www.olx.pl/d/oferta/mieszkanie-na-wynajem-kielce-ul-wojska-polskiego-CID3-ID16k3NB.html,1
https://www.olx.pl/d/oferta/kawalerka-w-apartamentowcu-w-centrum-kielc-ul-wspolna-CID3-ID16ruBl.html,1
https://www.olx.pl/d/oferta/wynajme-mieszkanie-ksm-CID3-ID16Cc9F.html,1
https://www.olx.pl/d/oferta/kawalerka-do-wynajecia-26-7-m2-ksm-CID3-ID15wiMS.html,1
https://www.olx.pl/d/oferta/mieszkanie-36-m2-umeblowane-wynajme-CID3-ID16oVvs.html,1
https://www.olx.pl/d/oferta/kawalerka-31m2-warszawska-CID3-ID16uIoW.html,1
https://www.olx.pl/d/oferta/kawalerka-na-ksm-z-winda-CID3-ID16DVaX.html,1
https://www.olx.plhttps://www.otodom.pl/pl/oferta/premium-kawalerka-w-centrum-kielc-przy-rynku-lecha-kaczynskiego-6-ID4xbVx.html,1
https://www.olx.pl/d/oferta/do-wynajecia-kawalerka-26m-w-kielcach-zbozowa-CID3-ID165Xw8.html,1
https://www.olx.pl/d/oferta/kawalerka-do-wynajecia-bocianek-CID3-ID16wJcx.html,1
https://www.olx.plhttps://www.otodom.pl/pl/oferta/kawalerka-w-centrum-do-wynajecia-ID4vgaf.html,1
https://www.olx.pl/d/oferta/wynajme-kawalerke-na-ul-konopnickiej-osiedle-bocianek-kielce-CID3-ID12dJ5l.html,1
https://www.olx.pl/d/oferta/wynajme-mieszkanie-na-osiedlu-slichowice-ul-jurajska-kielce-CID3-ID16v7CT.html,1
https://www.olx.pl/d/oferta/atrakcyjna-kawalerka-przy-ul-klonowej-CID3-IDXkUIF.html,1
https://www.olx.pl/d/oferta/kawalerka-na-wynajem-ksm-po-generalnym-remoncie-CID3-ID15Shr1.html,1
https://www.olx.pl/d/oferta/wynajme-kawalerke-kielce-CID3-ID16vngG.html,1
https://www.olx.pl/d/oferta/kawalerka-do-wynajecia-centrum-miasta-30m2-CID3-ID1656NK.html,1
https://www.olx.pl/d/oferta/mieszkanie-wynajem-ul-bema-CID3-ID16s65B.html,1
https://www.olx.pl/d/oferta/nowoczesna-kawalerka-na-wynajem-kielce-ul-klonowa-CID3-ID11MrGM.html,1
https://www.olx.plhttps://www.otodom.pl/pl/oferta/mieszkanie-plaza-tower-13p-30m2-ID4vVH0.html,1
https://www.olx.pl/d/oferta/kawalerka-do-wynajecia-kielce-ul-zagnanska-78b-CID3-ID16AFGn.html,1
https://www.olx.pl/d/oferta/rezerwacja-warszawska-odswiezona-kawalerka-CID3-ID16oj8e.html,1
https://www.olx.pl/d/oferta/wynajme-kawalerke-prawie-na-rynku-kieleckim-CID3-ID15DDTd.html,1
https://www.olx.pl/d/oferta/mieszkanie-na-wynajem-os-swietokrzyskie-kielce-CID3-ID16jNwB.html,1
https://www.olx.plhttps://www.otodom.pl/pl/oferta/wynajme-kawalerke-w-centrum-kielc-obok-politechniki-na-3-miesiace-ID4l1zN.html,1
https://www.olx.pl/d/oferta/mieszkanie-do-wynajecia-kawalerka-z-garazem-ul-klonowa-CID3-IDNH4AI.html,1
https://www.olx.pl/d/oferta/wynajme-kawalerke-ksm-CID3-ID15Hkda.html,1
https://www.olx.pl/d/oferta/wynajme-mieszkanie-CID3-ID16crfn.html,1
https://www.olx.pl/d/oferta/nowe-mieszkanie-kozia-CID3-ID16eKUq.html,1
https://www.olx.pl/d/oferta/mieszkanie-do-wynajecia-dla-studenta-CID3-ID16wlJD.html,1
https://www.olx.pl/d/oferta/wynajme-mieszkanie-przy-ul-wojska-polskiego-CID3-ID16pS4k.html,1
https://www.olx.pl/d/oferta/wynajme-kawalerke-w-kielcach-CID3-ID14MIKu.html,1
https://www.olx.pl/d/oferta/kawalerka-z-balkonem-ksm-26-7-m-blisko-uczelni-CID3-ID16n0f6.html,1
https://www.olx.pl/d/oferta/wynajme-kawalerke-slichowice-CID3-ID15ayyM.html,1
https://www.olx.pl/d/oferta/duza-kawalerka-na-wynajem-kielce-ul-krakowska-CID3-ID16tn8w.html,1
https://www.olx.pl/d/oferta/wynajme-kawalerke-CID3-IDUxGJ8.html,1
https://www.olx.pl/d/oferta/wynajme-kawalerke-CID3-ID16dLIp.html,1
https://www.olx.pl/d/oferta/kawalerka-obok-politechniki-CID3-ID16yGf2.html,1
https://www.olx.pl/d/oferta/kawalerka-od-lipca-po-remoncie-mozliwosc-wynajecia-na-krotki-okres-CID3-ID15evKm.html,1
https://www.olx.pl/d/oferta/wynajem-mieszkania-kawalerka-centrum-wspolna-CID3-ID16qVOk.html,1
https://www.olx.pl/d/oferta/wynajem-mieszkania-kielce-CID3-ID16we2W.html,1
https://www.olx.pl/d/oferta/wynajme-kawalerke-CID3-ID15Xw8J.html,1
https://www.olx.pl/d/oferta/wynajem-mieszkania-kielce-CID3-ID10Kob8.html,1
https://www.olx.pl/d/oferta/wynajme-mieszkanie-CID3-ID16hAf1.html,1
https://www.olx.pl/d/oferta/wynajme-kawalerke-ul-lecha-kielce-CID3-ID14NE65.html,1
https://www.olx.pl/d/oferta/mieszkanie-blisko-centrum-CID3-ID16odRd.html,1
https://www.olx.pl/d/oferta/kawalerka-30m2-ul-zagnanska-CID3-ID14lvXZ.html,1
https://www.olx.pl/d/oferta/kawalerka-centrum-ul-nowy-swiat-wolna-od-zaraz-parking-1-pietro-balkon-CID3-ID16ojb8.html,1
https://www.olx.pl/d/oferta/kielce-pod-telegrafem-wrzosowa-f-ra-vat-wszystkie-media-ii-gie-p-CID3-IDvCxtX.html,1
https://www.olx.pl/d/oferta/wynajme-przytulna-kawalerke-na-ul-karlowicza-CID3-ID16vm2t.html,1
https://www.olx.pl/d/oferta/kawalerka-centrum-kielc-ul-zrodlowa-CID3-ID1654Xz.html,1
https://www.olx.pl/d/oferta/mieszkanie-1-pokojowe-tumlin-wegle-CID3-ID16qBDP.html,1
https://www.olx.pl/d/oferta/mieszkanie-kawalerka-w-centrum-kielce-ul-1-maja-CID3-ID15Vy3V.html,1
https://www.olx.pl/d/oferta/wynajme-kawalerke-29m-os-czarnow-blisko-centrum-CID3-ID16u6y1.html,1
https://www.olx.pl/d/oferta/kawalerka-po-generalnym-remoncie-balkon-piwnica-lokalizacja-ksm-CID3-ID16tpk3.html,1
https://www.olx.pl/d/oferta/kawalerka-kielce-ksm-CID3-ID14yJ40.html,1
https://www.olx.pl/d/oferta/wynajem-mieszkanie-kielce-centrum-zytnia-31m-kawalerka-CID3-ID16CmqZ.html,1
https://www.olx.pl/d/oferta/wynajme-sloneczne-mieszkanie-blisko-centrum-ujk-ksm-CID3-ID16A3tZ.html,1
https://www.olx.pl/d/oferta/rezerwacja-kawalerka-osiedle-na-gornej-z-duzum-tarasem-CID3-ID13rCIG.html,1
https://www.olx.pl/d/oferta/wynajme-kawalerke-w-kielcach-przy-ul-checinskiej-CID3-ID16xzfP.html,1
https://www.olx.pl/d/oferta/wynajme-kawalerke-kielce-przy-ul-wojska-polskiego-CID3-ID15aKNX.html,1
https://www.olx.pl/d/oferta/nowa-kawalerka-do-wynajecia-w-kielcach-CID3-ID163ycz.html,1
https://www.olx.pl/d/oferta/mieszkanie-kawalerka-28m2-kielce-ul-szkolna-wolne-od-zaraz-CID3-ID16AdCA.html,1
https://www.olx.pl/d/oferta/mieszkanie-40-m2-w-centrum-kielc-kosciuszki-CID3-ID16vpiy.html,1
https://www.olx.pl/d/oferta/kawalerka-osobna-kuchnia-balkon-przy-collegium-medicum-english-CID3-ID16skmX.html,1
https://www.olx.plhttps://www.otodom.pl/pl/oferta/kawalerka-ID4vRI7.html,1
https://www.olx.pl/d/oferta/mieszkanie-na-wynajem-kielce-47m2-CID3-ID15ycnl.html,1
https://www.olx.pl/d/oferta/kawalerka-orange-room-studio-centrum-kielc-CID3-ID15AsR0.html,1
https://www.olx.pl/d/oferta/tania-kawalerka-w-cenie-pokoju-do-wynajecia-blisko-centrum-CID3-ID158bav.html,1
https://www.olx.pl/d/oferta/wynajme-przytulna-duza-kawalerka-blisko-centrum-CID3-ID16rOMU.html,1
https://www.olx.pl/d/oferta/kawalerka-ksm-pierwsze-pietro-CID3-ID16B6qA.html,1
https://www.olx.pl/d/oferta/jasna-kawalerka-swietna-lokalizacja-CID3-IDXdm2w.html,1
https://www.olx.pl/d/oferta/kawalerka-ksm-do-wynajecia-CID3-ID16oXb9.html,1
https://www.olx.pl/d/oferta/kawalerka-wynajme-CID3-IDW6bng.html,1
https://www.olx.pl/d/oferta/mieszkanie-do-wynajecia-2-pokoje-CID3-ID16jVjC.html,2
https://www.olx.pl/d/oferta/wynajme-mieszkanie-48m2-2-pokoje-kielce-ul-zagnanska-plaza-CID3-ID16wkSX.html,2
https://www.olx.pl/d/oferta/wynajme-mieszkanie-blisko-politechniki-i-ujk-CID3-ID16opzT.html,2
https://www.olx.pl/d/oferta/2-pokojowe-ul-zagorska-media-w-cenie-CID3-ID16r3nj.html,2
https://www.olx.pl/d/oferta/mieszkanie-obok-politechniki-wspollokator-CID3-ID16y5Vg.html,2
https://www.olx.pl/d/oferta/wynajme-mieszkanie-2-pokojowe-CID3-ID16lrWG.html,2
https://www.olx.pl/d/oferta/wynajme-mieszkanie-kielce-kaczmarka-46m-kwadratowych-CID3-ID16Bmer.html,2
https://www.olx.plhttps://www.otodom.pl/pl/oferta/nowe-mieszkanie-w-centrum-36m2-ID4xia5.html,2
https://www.olx.pl/d/oferta/mieszkanie-do-wynajecia-klimatyzacja-wysoki-standard-centrum-CID3-IDQG8DX.html,2
https://www.olx.plhttps://www.otodom.pl/pl/oferta/sloneczne-2-pokoje-na-ksm-wynajme-ID4xgrB.html,2
https://www.olx.plhttps://www.otodom.pl/pl/oferta/do-wynajecia-2-pokoje-bocianek-kielce-ID4x7A9.html,2
https://www.olx.plhttps://www.otodom.pl/pl/oferta/2-pokoje-kuchnia-balkon-parking-zamkniete-osiedle-ID4xbj7.html,2
https://www.olx.pl/d/oferta/wynajme-mieszkanie-38m2-CID3-ID16wmkk.html,2
https://www.olx.plhttps://www.otodom.pl/pl/oferta/komfortowe-dwupokojowe-centrum-z-tarasem-ID4x2BW.html,2
https://www.olx.plhttps://www.otodom.pl/pl/oferta/wietrzniadwustronneparkingbalkonblisko-centrumfunkcjonalne-ID4xbKZ.html,2
https://www.olx.pl/d/oferta/sloneczne-2-pokojowe-mieszkanie-ul-strasza-CID3-ID16zf7Q.html,2
https://www.olx.plhttps://www.otodom.pl/pl/oferta/luksusowe-mieszkanie-na-wynajem-w-samym-centrum-ID4qpOa.html,2
https://www.olx.plhttps://www.otodom.pl/pl/oferta/mieszkanie-w-cichej-i-spokojnej-okolicy-na-prywatn-ID4vHOx.html,2
https://www.olx.plhttps://www.otodom.pl/pl/oferta/okazja-ID4vTPv.html,2
https://www.olx.plhttps://www.otodom.pl/pl/oferta/mieszkanie-w-scislym-centrum-rynek-ID4xg2o.html,2
https://www.olx.plhttps://www.otodom.pl/pl/oferta/piekne-nowe-dwupokojowe-mieszkanie-osiedle-legionow-ID4xdYk.html,2
https://www.olx.plhttps://www.otodom.pl/pl/oferta/nowe-mieszkanie-slichowice-ID4x2i3.html,2
https://www.olx.plhttps://www.otodom.pl/pl/oferta/apartament-2-pokoje-32m-ul-lotnicza-centrum-ID4vMUV.html,2
https://www.olx.pl/d/oferta/wynajme-mieszkanie-2-pokoje-nowe-z-miejscem-w-garazu-podziemnym-CID3-ID168lem.html,2
https://www.olx.pl/d/oferta/mieszkanie-na-wynajem-pod-firme-po-generalnym-remoncie-centrum-kielc-CID3-ID16tX0i.html,2
https://www.olx.pl/d/oferta/wynajem-mieszkania-kielce-ulica-romualda-CID3-ID16uUep.html,2
https://www.olx.plhttps://www.otodom.pl/pl/oferta/nowe-2-pokojowe-mieszkanie-z-garazem-ID4x8VY.html,2
https://www.olx.plhttps://www.otodom.pl/pl/oferta/oferta-super-plaza-2-ID4vmWj.html,2
https://www.olx.plhttps://www.otodom.pl/pl/oferta/dwupokojowe-mieszkanie-do-wynajecia-w-centrum-ID4vSIK.html,2
https://www.olx.plhttps://www.otodom.pl/pl/oferta/apartament-na-wynajem-baranowek-45m2-balkon-i-garaz-z-piwnica-ID4vX1o.html,2
https://www.olx.pl/d/oferta/mieszkanie-2-pokojowe-na-osiedlu-bocianek-kielce-CID3-IDQZKJz.html,2
https://www.olx.plhttps://www.otodom.pl/pl/oferta/dwupokojowe-mieszkanie-w-centrum-ul-zeromskiego-ID4vVTL.html,2
https://www.olx.plhttps://www.otodom.pl/pl/oferta/klimatyczna-kawalerka-w-centrum-ul-astronautow-ID4vZB5.html,2
https://www.olx.plhttps://www.otodom.pl/pl/oferta/wynajme-3-pokojowe-piekne-mieszkanie-bezposrednio-po-remoncie-ID4xbzU.html,2
https://www.olx.pl/d/oferta/mieszkanie-2-pokojowe-oferta-bezposrednia-CID3-ID16DjeM.html,2
https://www.olx.plhttps://www.otodom.pl/pl/oferta/nowe-2-pokoje-w-centrum-miasta-winda-nowy-budynek-ul-kaczynskiego-ID4x3qk.html,2
https://www.olx.pl/d/oferta/wynajme-mieszkanie-2-pokojowe-51-m2-os-kochanowskiego-kielce-CID3-ID15Onq2.html,2
https://www.olx.pl/d/oferta/do-wynajecia-kielce-ul-okrzei-2-pokoje-53m2-CID3-ID15UMF3.html,2
https://www.olx.pl/d/oferta/mieszkanie-2-pokojowe-CID3-ID16vuhF.html,2
https://www.olx.plhttps://www.otodom.pl/pl/oferta/sloneczne-2-pokojowe-mieszkanie-ul-targowa-centrum-ID4xeFv.html,2
https://www.olx.plhttps://www.otodom.pl/pl/oferta/2-pokoje-w-centrum-na-wynajem-ID4vLy7.html,2
https://www.olx.plhttps://www.otodom.pl/pl/oferta/48m2-kielce-wielkopolska-2-pokoje-ID4xcTx.html,2
https://www.olx.pl/d/oferta/mieszkanie-do-wynajecia-CID3-ID16CnBS.html,2
https://www.olx.plhttps://www.otodom.pl/pl/oferta/slichowice-ul-tektoniczna-dwa-pokoje-ID4aBxK.html,2
https://www.olx.pl/d/oferta/mieszkanie-na-wynajem-2-pokoje-kielce-pod-telegrafem-CID3-ID16BpiF.html,2
https://www.olx.plhttps://www.otodom.pl/pl/oferta/przestronne-mieszkanie-w-centrum-kielc-ID4piFc.html,2
https://www.olx.plhttps://www.otodom.pl/pl/oferta/mieszkanie-2-pok-53-m2-szydlowek-zamenhofa-ID4vo3l.html,2
https://www.olx.pl/d/oferta/mieszkanie-na-wynajem-CID3-ID16mM1O.html,2
https://www.olx.pl/d/oferta/mieszkanie-2-pok-oddzielna-kuchnia-wisniowa-na-szydlowku-od-zaraz-CID3-ID12yNb0.html,2
https://www.olx.pl/d/oferta/2-pokoje-53-m2-ul-hoza-17a-CID3-ID16wKnY.html,2
https://www.olx.pl/d/oferta/mieszkanie-kielce-wynajem-blisko-ujk-CID3-ID16n29s.html,2
https://www.olx.pl/d/oferta/mieszkanie-2-pokojowe-ul-marszalkowska-36m-duzy-balkon-15m-CID3-ID11SvUB.html,2
https://www.olx.pl/d/oferta/wynajme-2-pokojowe-mieszkanie-centrum-gotowe-do-zamieszkania-CID3-ID16r29o.html,2
https://www.olx.pl/d/oferta/nowe-mieszkanie-na-wynajem-kielce-ul-warszawska-CID3-ID16gtfK.html,2
https://www.olx.plhttps://www.otodom.pl/pl/oferta/2-pokoje-53m2-parking-centrum-ul-karczowkowska-ID4iesW.html,2
https://www.olx.pl/d/oferta/mieszkanie-2-pokojowe-ul-jagiellonska-CID3-ID16vvlq.html,2
https://www.olx.pl/d/oferta/mieszkanie-osiedle-bocianek-47m-CID3-ID16b6eU.html,2
https://www.olx.pl/d/oferta/rezerwacja-kawalerka-premium-w-centrum-wysoki-standard-CID3-ID13gI4E.html,2
https://www.olx.plhttps://www.otodom.pl/pl/oferta/wynajme-nowoczesne-mieszkanie-os-slichowice-rezerwacja-ID4xe09.html,2
https://www.olx.pl/d/oferta/2-pozoimowe-mieszkanie-w-kamienicy-41m2-CID3-ID16vyH4.html,2
https://www.olx.pl/d/oferta/mieszkanie-do-wynajecia-CID3-ID16r2ZI.html,2
https://www.olx.plhttps://www.otodom.pl/pl/oferta/2-pokoje-garderoba-balkon-po-remoncie-ID4vu7W.html,2
https://www.olx.pl/d/oferta/apartament-w-centrum-do-wynajecia-CID3-ID16rCTl.html,2
https://www.olx.pl/d/oferta/mieszkanie-ul-okrzei-CID3-ID16vE5u.html,2
https://www.olx.pl/d/oferta/wynajme-prosto-od-wlasciciela-osiedle-przy-parku-CID3-ID15XqlU.html,2
https://www.olx.pl/d/oferta/mieszkanie-43m-2-pokoje-marszalkowska-wynajme-CID3-ID16uASd.html,2
https://www.olx.pl/d/oferta/mieszkanie-dwupokojowe-na-sadach-CID3-ID16E2U3.html,2
https://www.olx.pl/d/oferta/wynajme-mieszkanie-41-m-kw-ul-galczynskiego-po-remoncie-CID3-ID16BOvc.html,2
https://www.olx.pl/d/oferta/mieszkanie-z-tarasem-40m-slichowice-CID3-ID16iw3h.html,2
https://www.olx.pl/d/oferta/do-wynajecia-2-pokoje-ul-konopnicka-bocianek-CID3-ID16E007.html,2
https://www.olx.pl/d/oferta/mieszkanie-na-wynajem-56m2-dwa-pokoje-ul-gliniana-3-herby-CID3-ID16x1cO.html,2
https://www.olx.pl/d/oferta/przestronne-2-pokojowe-mieszkanie-z-garazem-na-osiedlu-na-wrzosach-CID3-ID16qm4X.html,2
https://www.olx.pl/d/oferta/pokoje-dla-studentek-CID3-ID16pwoX.html,2
https://www.olx.plhttps://www.otodom.pl/pl/oferta/wynajme-mieszkanie-2-pokojowe-48-50m2-ul-sciegiennego-kielce-ID4vZgd.html,2
https://www.olx.plhttps://www.otodom.pl/pl/oferta/nowe-mieszkanie-2-pokoje-2-balkony-kielce-zagorska-ID4xfgP.html,2
https://www.olx.pl/d/oferta/wynajem-mieszkania-33-5m-w-pelni-wyposazone-CID3-ID16jRTA.html,2
https://www.olx.pl/d/oferta/wynajme-mieszkanie-CID3-ID16BPmH.html,2
https://www.olx.pl/d/oferta/centrum-mieszkanie-2-pokojowe-od-wlasciciela-CID3-ID16rCuX.html,2
https://www.olx.plhttps://www.otodom.pl/pl/oferta/wynajem-parter-w-domu-krakowska-ID4wySK.html,2
https://www.olx.pl/d/oferta/2-pokoje-widna-kuchnia-2-pietro-ul-hoza-CID3-ID16rukw.html,2
https://www.olx.pl/d/oferta/2-pokojowe-mieszkanie-od-sierpnia-os-kochanowskiego-CID3-ID16rTLS.html,2
https://www.olx.pl/d/oferta/wynajme-mieszkanie-kielce-ul-sloneczna-CID3-ID16A2l6.html,2
https://www.olx.plhttps://www.otodom.pl/pl/oferta/apartament-nowy-bocianek-parkowe-wzgorze-wynajme-ID4xgKS.html,2
https://www.olx.plhttps://www.otodom.pl/pl/oferta/wynajme-mieszkanie-2-pokojowe-sienkiewicza-ID4rMR5.html,2
https://www.olx.pl/d/oferta/mieszkanie-do-wynajecia-w-kielcach-od-wrzesnia-CID3-ID16wz2m.html,2
https://www.olx.pl/d/oferta/mieszkanie-na-wynajem-CID3-ID12PyPc.html,2
https://www.olx.pl/d/oferta/mieszkanie-dwupokojowe-do-wynajecia-centrum-ul-jasna-CID3-ID165l6Z.html,2
https://www.olx.pl/d/oferta/mieszkanie-os-leszczynska-w-apartamentowcu-5-pietro-duzy-taras-gardero-CID3-ID16x7XQ.html,2
https://www.olx.pl/d/oferta/nowe-mieszkanie-36-5m-dzielnica-lesniowka-kielce-CID3-ID16jBH5.html,2
https://www.olx.plhttps://www.otodom.pl/pl/oferta/mieszkanie-przy-politechnice-dla-studentow-ID4uvqG.html,2
https://www.olx.pl/d/oferta/wynajme-mieszkanie-kielce-CID3-ID16bNw0.html,2
https://www.olx.pl/d/oferta/mieszkanie-garaz-balkon-nowe-w-centrum-CID3-IDRGc13.html,2
https://www.olx.pl/d/oferta/wynajme-mieszkanie-34m2-ul-jagiellonska-kielce-CID3-ID11kP2o.html,2
https://www.olx.pl/d/oferta/mieszkanie-na-wynajem-CID3-ID15BtFz.html,2
https://www.olx.pl/d/oferta/mieszkanie-do-wynajecia-na-os-sady-CID3-ID16sx41.html,2
https://www.olx.pl/d/oferta/wynajme-mieszkanie-ksm-dwa-pokoje-blisko-centrum-CID3-ID16CQSY.html,2
https://www.olx.pl/d/oferta/wynajme-nowe-mieszkanie-na-ulicy-zbozowej-osiedle-na-gornej-CID3-ID12BPnT.html,2
https://www.olx.pl/d/oferta/mieszkanie-w-centrum-kielc-CID3-ID13F1Rn.html,2
https://www.olx.pl/d/oferta/wynajem-mieszkania-CID3-ID16wfh3.html,2
https://www.olx.pl/d/oferta/wynajme-nowoczesne-mieszkanie-na-os-slichowice-rezerwacja-CID3-ID16xYvS.html,2
https://www.olx.pl/d/oferta/mieszkanie-dwupokojowe-do-wynajecia-CID3-ID16jN4l.html,2
https://www.olx.pl/d/oferta/wynajme-kawalerke-nowowiejska-5-kielce-CID3-ID13nxu0.html,2
https://www.olx.pl/d/oferta/wynajem-mieszkania-CID3-ID16uQJx.html,2
https://www.olx.pl/d/oferta/mieszkanie-do-wynajecia-2-pokoje-os-pod-dalnia-po-remoncie-CID3-ID16pF7f.html,2
https://www.olx.pl/d/oferta/wynajme-mieszkanie-os-podkarczowka-CID3-ID16CfLR.html,2
https://www.olx.pl/d/oferta/wynajme-mieszkanie-46m2-CID3-ID16x6Pd.html,2
https://www.olx.pl/d/oferta/wynajme-bardzo-ladne-mieszkanie-CID3-ID14eVtD.html,2
https://www.olx.pl/d/oferta/mieszkanie-do-wynajecia-centrum-kielc-CID3-ID16xVmc.html,2
https://www.olx.pl/d/oferta/wynajme-mieszkanie-rezerwacja-CID3-ID142Xv6.html,2
https://www.olx.pl/d/oferta/mieszkanie-do-wynajecia-ul-lotnicza-tuz-obok-uniwersytetu-medycznego-CID3-ID16mHz7.html,2
https://www.olx.pl/d/oferta/ladne-mieszkanie-do-wynajecia-osiedle-ksm-CID3-ID16nYtE.html,2
https://www.olx.pl/d/oferta/wynajem-mieszkania-CID3-IDZrYWc.html,2
https://www.olx.pl/d/oferta/mieszkanie-40m2-na-wynajem-kielce-ul-puscha-4-CID3-ID16CpL3.html,2
https://www.olx.pl/d/oferta/do-wynajecia-2-pokojowe-mieszkanie-37-4-m-na-i-pietrze-CID3-ID161s7y.html,2
https://www.olx.pl/d/oferta/wynajem-mieszkania-plaza-kielce-CID3-ID16fg4U.html,2
https://www.olx.pl/d/oferta/nieaktualne-nowoczesne-mieszkanie-na-wynajem-CID3-ID164aLG.html,2
https://www.olx.pl/d/oferta/wynajme-mieszkanie-CID3-ID16ChPU.html,2
https://www.olx.pl/d/oferta/nowe-mieszkanie-do-wynajecia-lotnicza-CID3-ID16sMS3.html,2
https://www.olx.pl/d/oferta/do-wynajecia-przestronne-mieszkanie-47-m2-kielce-jagiellonska-CID3-ID16ry5D.html,2
https://www.olx.pl/d/oferta/mieszkanie-do-wynajecia-CID3-ID16y5Wn.html,2
https://www.olx.pl/d/oferta/mieszkanie-50m2-centrum-umeblowane-nowy-blok-okazja-CID3-ID13Zt6g.html,2
https://www.olx.pl/d/oferta/mieszkanie-kielce-osiedle-legionow-CID3-ID16memz.html,2
https://www.olx.pl/d/oferta/mieszkanie-do-wynajecia-CID3-ID16jB8i.html,2
https://www.olx.pl/d/oferta/mieszkanie-do-wynajecia-CID3-ID16h826.html,2
https://www.olx.pl/d/oferta/mieszkanie-na-wynajem-centrum-kielc-lokal-po-generalnym-remoncie-CID3-ID16orr5.html,2
https://www.olx.pl/d/oferta/mieszkanie-do-wynajecia-CID3-ID16i6dV.html,2
https://www.olx.pl/d/oferta/wynajme-mieszkanie-dodatkowo-platne-tylko-rachunki-CID3-ID15Aocv.html,2
https://www.olx.pl/d/oferta/mieszkanie-do-wynajecia-CID3-ID161ucH.html,2
https://www.olx.pl/d/oferta/mieszkanie-2-pokoje-CID3-IDOPYyX.html,2
https://www.olx.pl/d/oferta/do-wynajecia-mieszkanie-dwupokojowe-z-klimatyzacja-CID3-ID15Lyjb.html,2
https://www.olx.pl/d/oferta/mieszkanie-2-pokoje-osobna-kuchnia-umeblowane-w-dobrej-lokalizacji-CID3-ID16txqu.html,2
https://www.olx.pl/d/oferta/mieszkanie-2-pokojowe-centrum-CID3-ID14PJwV.html,2
https://www.olx.pl/d/oferta/mieszkanie-do-wynajecia-CID3-ID13Hrtw.html,2
https://www.olx.pl/d/oferta/wynajme-35m2-kielce-os-checinskie-CID3-ID16zgZh.html,2
https://www.olx.pl/d/oferta/mieszkanie-2-pokoje-nieprzechodnie-po-remoncie-super-lokalizacja-CID3-ID16ypaK.html,2
https://www.olx.pl/d/oferta/mieszkanie-2-pokojowe-47m-bocianek-CID3-ID16qPDJ.html,2
https://www.olx.pl/d/oferta/wynajme-mieszkanie-kielce-ul-lecha-po-remoncie-dobra-lokalizacja-CID3-ID164Khu.html,2
https://www.olx.pl/d/oferta/do-wynajecia-mieszkanie-2-pokojowe-ul-warszawska-105-kielce-CID3-ID16y5ro.html,2
https://www.olx.pl/d/oferta/kawalerka-z-wydzielona-sypialnia-29m2-centrum-balkon-CID3-ID16p9jo.html,2
https://www.olx.pl/d/oferta/wynajem-mieszkania-na-ul-zagorskiej-CID3-ID11xtZQ.html,2
https://www.olx.pl/d/oferta/nowe-mieszkanie-gorna-22-kielce-7-pietro-34m-w-pelni-wyposazone-CID3-ID11L6WG.html,2
https://www.olx.pl/d/oferta/wynajme-samodzielne-bezczynszowe-mieszkanie-w-centrum-kielc-CID3-ID16zvKQ.html,2
https://www.olx.pl/d/oferta/wynajme-mieszkanie-42-m2-umeblowane-w-centrum-kielc-CID3-ID15EVss.html,2
https://www.olx.pl/d/oferta/mieszkanie-w-centrum-do-wynajecia-CID3-ID16uTBx.html,2
https://www.olx.pl/d/oferta/mieszkanie-2-pokoje-kielce-ul-szkolna-CID3-ID16hagJ.html,2
https://www.olx.pl/d/oferta/mieszkanie-2-pokojowe-CID3-ID14Gp10.html,2
https://www.olx.pl/d/oferta/apartament-2-pokoje-ul-sabinowek-CID3-ID16BohX.html,2
https://www.olx.pl/d/oferta/mieszkanie-wynajem-apartament-2-pokoje-parking-sady-okazja-prywatnie-CID3-ID150hS9.html,2
https://www.olx.pl/d/oferta/mieszkanie-2-pokojowe-w-centrum-z-balkonem-ul-nowy-swiat-CID3-ID166SQ1.html,2
https://www.olx.pl/d/oferta/wynajme-mieszkanie-ksm-ul-chopina-CID3-ID14gwbL.html,2
https://www.olx.pl/d/oferta/wynajem-mieszkanie-CID3-ID14LA9h.html,2
https://www.olx.pl/d/oferta/cieple-tanie-przestronne-mieszkanie-w-centrum-kielc-CID3-IDPTxvY.html,2
https://www.olx.pl/d/oferta/mieszkanie-do-wynajecia-kielce-CID3-ID15bPMz.html,2
https://www.olx.pl/d/oferta/mieszkanie-2-pokojowe-do-wynajecia-ul-gorna-22-kielce-CID3-ID162EB3.html,2
https://www.olx.pl/d/oferta/wynajme-mieszkanie-43m2-ul-jesionowa-CID3-ID16zXap.html,2
https://www.olx.pl/d/oferta/mieszkanie-2-pokojowe-ventus-ix-wiekow-kielc-blisko-collegium-medicum-CID3-ID1658mv.html,2
https://www.olx.pl/d/oferta/wynajme-mieszkanie-w-apartamentowcu-plaza-CID3-IDFDJPT.html,2
https://www.olx.pl/d/oferta/mieszkanie-2-pokojowe-do-wynajecia-z-miejscem-w-garazu-podziemnym-CID3-ID16A7xH.html,2
https://www.olx.pl/d/oferta/wynajme-mieszkanie-w-kielcach-ul-sienkiewicza-CID3-IDWpCMp.html,2
https://www.olx.pl/d/oferta/aktualne-mieszkanie-oddzielne-2-pokoje-kielce-ul-slaska-28-CID3-ID129N97.html,2
https://www.olx.pl/d/oferta/mieszkanie-2-pokojowe-z-oddzielna-kuchnia-kielce-lotnicza-CID3-ID16iZom.html,2
https://www.olx.pl/d/oferta/mieszkanie-jagiellonska-52-kielce-CID3-ID15RnVj.html,2
https://www.olx.pl/d/oferta/mieszkanie-nowe-budownictwo-sowia-park-CID3-ID14gP4H.html,2
https://www.olx.pl/d/oferta/ladne-mieszkanie-centrum-kielc-CID3-ID15tltZ.html,2
https://www.olx.pl/d/oferta/wynajme-mieszkanie-w-kielcach-osiedle-przy-parku-CID3-ID13i2EB.html,2
https://www.olx.pl/d/oferta/do-wynajecia-2-pokoje-centrum-CID3-ID16xEzn.html,2
https://www.olx.pl/d/oferta/mieszkanie-2-pokojowe-CID3-IDX4iVf.html,2
https://www.olx.pl/d/oferta/mieszkanie-2-pokojowe-ul-zgoda-w-bardzo-dobrej-lokalizacji-CID3-ID1658Dy.html,2
https://www.olx.pl/d/oferta/2pokoje-zwierzeta-ok-piwnica-os-na-stoku-55a-CID3-ID16wFID.html,2
https://www.olx.pl/d/oferta/mieszkanie-2-pokojowe-centrum-dla-studentow-CID3-ID16jtNU.html,2
https://www.olx.pl/d/oferta/wynajme-43m2-mieszkanie-w-centrum-kielc-CID3-ID160XfN.html,2
https://www.olx.plhttps://www.otodom.pl/pl/oferta/nowe-mieszkanie-5-pietro-balkon-12m2-prestizowa-lokalizacja-2-pokoje-ID4vV39.html,2
https://www.olx.pl/d/oferta/wynajme-mieszkanie-ksm-48m2-dwa-pokoje-blisko-centrum-ujk-CID3-ID125wqB.html,2
https://www.olx.pl/d/oferta/mieszkanie-2-pok-46-m2-na-os-sloneczne-wzgorze-CID3-IDFcYKN.html,2
https://www.olx.pl/d/oferta/wynajme-mieszkanie-2-pokojowe-CID3-ID16ewVW.html,2
https://www.olx.pl/d/oferta/mieszkanie-centrum-52m2-CID3-ID16yRtF.html,2
https://www.olx.pl/d/oferta/mieszkanie-2-pokojowe-ksm-CID3-ID16d9yh.html,2
https://www.olx.pl/d/oferta/mieszkanie-do-wynajecia-w-centrum-ventus-CID3-ID15PKHH.html,2
https://www.olx.pl/d/oferta/mieszkanue-wysoki-standard-CID3-ID16yucw.html,2
https://www.olx.pl/d/oferta/wynajme-mieszkanie-47m2-2-pokoje-kuchnia-lazienka-parter-ul-klonowa-CID3-ID15n6H9.html,2
https://www.olx.pl/d/oferta/nowoczesne-3-pokoje-z-balkonem-i-garazem-osiedle-na-wrzosach-CID3-ID16AAtU.html,3
https://www.olx.pl/d/oferta/wynajme-mieszkanie-na-szydlowku-ul-bukowa-CID3-ID16Cpvj.html,3
https://www.olx.pl/d/oferta/wynajme-mieszkanie-3-pokoje-blisko-uczelni-CID3-ID16btdS.html,3
https://www.olx.plhttps://www.otodom.pl/pl/oferta/atrakcyjne-3-pokojowe-os-slichowice-ul-puscha-ID4xhY3.html,3
https://www.olx.plhttps://www.otodom.pl/pl/oferta/wynajmiemy-komfortowe-mieszkanie-ID4vT6h.html,3
https://www.olx.plhttps://www.otodom.pl/pl/oferta/apartament-klonowy-bulwar-3-pokoje-premium-ID4u4YL.html,3
https://www.olx.plhttps://www.otodom.pl/pl/oferta/3-pokoje-66m2-wysoki-standard-po-remoncie-ID4xaxH.html,3
https://www.olx.plhttps://www.otodom.pl/pl/oferta/nowoczesne-komfortowe-3-pokoje-z-widokiem-ID4rAaQ.html,3
https://www.olx.plhttps://www.otodom.pl/pl/oferta/60m2-w-centrum-miasta-3-osobne-pokoje-ul-niska-ID4rAls.html,3
https://www.olx.plhttps://www.otodom.pl/pl/oferta/apartament-kielce-witosa-73-m3-3-pokoje-1-p-ID4af4a.html,3
https://www.olx.pl/d/oferta/wynajem-mieszkania-CID3-ID16Dymn.html,3
https://www.olx.plhttps://www.otodom.pl/pl/oferta/komfortowe-3-pok-os-legionow-kolo-wdk-garaz-ID4vhYu.html,3
https://www.olx.pl/d/oferta/3-niezalezne-pokoje-naprzeciwko-politechniki-CID3-ID16zyjc.html,3
https://www.olx.plhttps://www.otodom.pl/pl/oferta/do-wynajecia-3-pokoje-z-ogrodkiem-nowy-bocianek-ID4vMgP.html,3
https://www.olx.pl/d/oferta/wynajme-mieszkanie-57m-po-odswiezeniu-w-nowym-budown-z-miejscem-park-CID3-ID16Bz29.html,3
https://www.olx.plhttps://www.otodom.pl/pl/oferta/komfortowy-apartament-restpark-60m2-ID4lPNA.html,3
https://www.olx.plhttps://www.otodom.pl/pl/oferta/3-pokoje-w-super-lokalizacji-ID4vpIl.html,3
https://www.olx.pl/d/oferta/mieszkanie-na-wynajem-kielce-ul-szwedzka-CID3-ID16w0a9.html,3
https://www.olx.pl/d/oferta/mieszkanie-na-wynajem-CID3-ID16ntKK.html,3
https://www.olx.pl/d/oferta/wynajme-mieszkanie-3-pokojowe-CID3-ID16zs2A.html,3
https://www.olx.pl/d/oferta/wynajme-mieszkanie-3pokoje-swietna-lokalizacja-CID3-ID16Dc4g.html,3
https://www.olx.pl/d/oferta/mieszkanie-komfortowe-75m-z-balkonem-1600-CID3-ID121o6O.html,3
https://www.olx.pl/d/oferta/dwupoziomowy-bezczynszowy-aparatament-bilcza-k-kielc-CID3-ID16Azar.html,3
https://www.olx.pl/d/oferta/wynajme-mieszkanie-3-pokoje-ksm-wielkopolska-CID3-IDIxBrC.html,3
https://www.olx.pl/d/oferta/wolne-2-pokoje-w-mieszkaniu-na-wynajem-w-centrum-CID3-ID13IXSB.html,3
https://www.olx.pl/d/oferta/okazja-cena-po-obnizce-2000-zl-wynajem-mieszkania-53-metry-z-garaze-CID3-IDWWn2L.html,3
https://www.olx.pl/d/oferta/mieszkanie-3-pokojowe-na-wynajem-kielce-ul-bohaterow-warszawy-CID3-ID16kBrI.html,3
https://www.olx.pl/d/oferta/wynajme-mieszkanie-2-pokojowe-kuchnia-50-m2-ul-winnicka-CID3-ID161jX1.html,3
https://www.olx.pl/d/oferta/mieszkanie-do-wynajecia-dla-studentow-kielce-ul-zagorska-ksm-CID3-ID14tuZU.html,3
https://www.olx.pl/d/oferta/wynajme-mieszkanie-trzy-pokojowe-54m2-w-pelni-wyposazone-CID3-ID16ph39.html,3
https://www.olx.pl/d/oferta/wynajme-mieszkanie-promocyjna-cena-CID3-ID16qDMv.html,3
https://www.olx.pl/d/oferta/wynajme-komfortowe-nowo-odswiezone-mieszkanie-57m-z-miejscem-parkingo-CID3-ID16uZv9.html,3
https://www.olx.pl/d/oferta/wynajme-3-pokojowe-mieszkanie-na-ul-lotnicza-CID3-ID16kAsD.html,3
https://www.olx.pl/d/oferta/mieszkanie-do-wynajecia-CID3-ID16vYiP.html,3
https://www.olx.pl/d/oferta/mieszkanie-do-wynajecia-kielce-os-dalnia-3-pokoje-56-m2-CID3-ID14ICE6.html,3
https://www.olx.plhttps://www.otodom.pl/pl/oferta/wynajem-3-pok-oddzielna-kuchnia-balkon-ksm-ID4vVun.html,3
https://www.olx.pl/d/oferta/mieszkanie-wynajem-kielce-ul-okrzei-CID3-IDSaUkw.html,3
https://www.olx.pl/d/oferta/3-pokojowe-mieszkanie-56-m-parter-ul-hoza-blisko-centrum-CID3-ID16kFHU.html,3
https://www.olx.pl/d/oferta/wspollokatora-wspollokatorki-najlepiej-spokojny-student-CID3-ID16CGz9.html,3
https://www.olx.pl/d/oferta/mieszkanie-3-pokojowe-z-duzym-balkonem-i-miejscem-w-garazu-podziemnym-CID3-ID12lu5f.html,3
https://www.olx.pl/d/oferta/kielce-mieszkanie-w-kielcach-65m2-3-pokoje-CID3-ID16C82Z.html,3
https://www.olx.pl/d/oferta/3-pokojowe-mieszkanie-os-ksm-CID3-ID120MAt.html,3
https://www.olx.pl/d/oferta/wynajme-mieszkanie-3-pok-z-tarasem-i-miejscem-garazowym-okrzei-kielce-CID3-ID16DiCJ.html,3
https://www.olx.pl/d/oferta/mieszkanie-do-wynajecia-CID3-ID16BdXi.html,3
https://www.olx.pl/d/oferta/mieszkanie-3-pokojowe-z-ogrodkiem-centrum-ul-zlota-CID3-ID16iObM.html,3
https://www.olx.pl/d/oferta/mieszkanie-do-wynajecia-3-pokojowe-os-swietokrzyskie-70m2-balkon-logia-CID3-ID12235V.html,3
https://www.olx.pl/d/oferta/wynajme-mieszkanie-3-pokoje-kielce-os-bocianek-ul-galczynskiego-CID3-ID16wvx5.html,3
https://www.olx.pl/d/oferta/mieszkanie-3-pokojowe-aleja-solidarnosci-blisko-ps-i-ujk-CID3-ID16sYcV.html,3
https://www.olx.pl/d/oferta/mieszkanie-do-wynajecia-71m-3-pokoje-CID3-ID16AygT.html,3
https://www.olx.pl/d/oferta/wynajme-mieszkanie-CID3-ID16xHIV.html,3
https://www.olx.pl/d/oferta/sloneczne-mieszkanie-do-wynajecia-dzielnica-kielczanka-CID3-ID16bVs7.html,3
https://www.olx.pl/d/oferta/wynajem-mieszkania-3-pokoje-ul-nowowiejska-5-sady-kielce-CID3-ID14j2Pg.html,3
https://www.olx.pl/d/oferta/mieszkanie-3-pokojowe-wynajme-os-sady-na-przeciw-politechniki-CID3-ID16zuAi.html,3
https://www.olx.pl/d/oferta/penthouse-wynajme-CID3-ID16pcZd.html,3
https://www.olx.pl/d/oferta/trzy-pokoje-do-wynajecia-dla-studentow-studentek-w-kielcach-CID3-ID11ZSCP.html,3
https://www.olx.plhttps://www.otodom.pl/pl/oferta/wynajme-nowe-3-pokojowe-mieszkanie-47m2-centrum-ul-kozia-z-garazem-ID4uBrs.html,3
https://www.olx.pl/d/oferta/wynajme-3-pokojowe-dla-studentow-politechniki-lub-ujk-na-bocianku-CID3-ID11toJg.html,3
https://www.olx.pl/d/oferta/wynajem-pokoju-w-mieszkaniu-kielce-CID3-ID16vRwU.html,4+
https://www.olx.pl/d/oferta/mieszkanie-5-pokojowe-na-wynajem-CID3-ID16Egay.html,4+
https://www.olx.pl/d/oferta/na-wynajem-mieszkanie-z-podworkiem-garazem-wiata-garazowa-baranowek-CID3-ID15qL8i.html,4+
https://www.olx.pl/d/oferta/mieszkanie-do-wynajecia-CID3-ID16iyId.html,4+
https://www.olx.pl/d/oferta/wynajme-mieszkanie-w-centrum-kielc-88m-przy-ul-panoramicznej-CID3-IDSRCGP.html,4+
https://www.olx.pl/d/oferta/mieszkanie-70-m2-4-pokoje-ul-mala-nowe-budownictwo-dostepny-garaz-CID3-ID13NHVk.html,4+
https://www.olx.pl/d/oferta/mieszkanie-do-wynajecia-4-pokoje-CID3-ID161Ugy.html?reason=extended_search_extended_distance,4+
https://www.olx.pl/d/oferta/mieszkanie-4-pokoje-kuchnia-lazienka-wc-CID3-ID16mZnJ.html?reason=extended_search_extended_distance,4+
