Link,Elevator
https://www.olx.pl/d/oferta/wynajme-mieszkanie-2-pokojowe-CID3-ID16lrWG.html,yes
https://www.olx.pl/d/oferta/mieszkanie-do-wynajecia-2-pokoje-CID3-ID16jVjC.html,yes
https://www.olx.pl/d/oferta/wynajme-mieszkanie-2-pokoje-nowe-z-miejscem-w-garazu-podziemnym-CID3-ID168lem.html,yes
https://www.olx.pl/d/oferta/nowoczesne-3-pokoje-z-balkonem-i-garazem-osiedle-na-wrzosach-CID3-ID16AAtU.html,yes
https://www.olx.pl/d/oferta/mieszkanie-obok-politechniki-wspollokator-CID3-ID16y5Vg.html,yes
https://www.olx.pl/d/oferta/wynajme-mieszkanie-kielce-kaczmarka-46m-kwadratowych-CID3-ID16Bmer.html,yes
https://www.olx.pl/d/oferta/wynajme-mieszkanie-48m2-2-pokoje-kielce-ul-zagnanska-plaza-CID3-ID16wkSX.html,yes
https://www.olx.pl/d/oferta/mieszkanie-do-wynajecia-klimatyzacja-wysoki-standard-centrum-CID3-IDQG8DX.html,yes
https://www.olx.pl/d/oferta/nowoczesna-kawalerka-na-wynajem-kielce-ul-klonowa-CID3-ID16Drvp.html,yes
https://www.olx.pl/d/oferta/wyjamne-nowe-mieszkanie-centrum-kielc-smart-apart-CID3-ID16CLcI.html,yes
https://www.olx.pl/d/oferta/kawalerka-kielce-CID3-ID16zfxM.html,yes
https://www.olx.pl/d/oferta/wynajme-kawalerke-o-pow-33-m2-CID3-ID16nDmW.html,yes
https://www.olx.pl/d/oferta/wynajem-mieszkania-kielce-ulica-romualda-CID3-ID16uUep.html,yes
https://www.olx.pl/d/oferta/kawalerka-ul-lotnicza-CID3-ID16CLUU.html,yes
https://www.olx.pl/d/oferta/wynajme-mieszkanie-apartament-27-m2-ulica-jeleniowska-kielce-CID3-ID13ckhq.html,yes
https://www.olx.pl/d/oferta/bezczynszowe-mieszkanie-1-pokojowe-25-m2-ksm-kielce-CID3-ID16yTEI.html,yes
https://www.olx.pl/d/oferta/nowa-kawalerka-na-wynajem-warszawska-CID3-ID16zenb.html,yes
https://www.olx.pl/d/oferta/mieszkanie-2-pokojowe-CID3-ID16vuhF.html,yes
https://www.olx.pl/d/oferta/przytulne-mieszkanie-ul-warszawska-pierwszy-najem-CID3-ID16qP2i.html,yes
https://www.olx.pl/d/oferta/3-niezalezne-pokoje-naprzeciwko-politechniki-CID3-ID16zyjc.html,yes
https://www.olx.pl/d/oferta/mieszkanie-na-wynajem-2-pokoje-kielce-pod-telegrafem-CID3-ID16BpiF.html,yes
https://www.olx.pl/d/oferta/kawalerka-do-wynajecia-CID3-ID16lYqr.html,yes
https://www.olx.pl/d/oferta/do-wynajecia-mieszkanie-35-m2-kielce-ul-krakowska-CID3-ID16zbk5.html,yes
https://www.olx.pl/d/oferta/mieszkanie-na-wynajem-CID3-ID16mM1O.html,yes
https://www.olx.pl/d/oferta/wynajme-mieszkanie-57m-po-odswiezeniu-w-nowym-budown-z-miejscem-park-CID3-ID16Bz29.html,yes
https://www.olx.pl/d/oferta/2-pokoje-53-m2-ul-hoza-17a-CID3-ID16wKnY.html,yes
https://www.olx.pl/d/oferta/mieszkanie-kielce-wynajem-blisko-ujk-CID3-ID16n29s.html,yes
https://www.olx.pl/d/oferta/mieszkanie-na-wynajem-kielce-ul-wojska-polskiego-CID3-ID16k3NB.html,yes
https://www.olx.pl/d/oferta/wynajme-2-pokojowe-mieszkanie-centrum-gotowe-do-zamieszkania-CID3-ID16r29o.html,yes
https://www.olx.pl/d/oferta/nowe-mieszkanie-na-wynajem-kielce-ul-warszawska-CID3-ID16gtfK.html,yes
https://www.olx.pl/d/oferta/kawalerka-w-apartamentowcu-w-centrum-kielc-ul-wspolna-CID3-ID16ruBl.html,yes
https://www.olx.pl/d/oferta/wynajme-mieszkanie-ksm-CID3-ID16Cc9F.html,yes
https://www.olx.pl/d/oferta/mieszkanie-do-wynajecia-CID3-ID11Z11E.html,yes
https://www.olx.pl/d/oferta/miejsce-garazowe-w-plaza-tower-iii-dostepne-od-zaraz-CID3-ID14YWBi.html,yes
https://www.olx.pl/d/oferta/mieszkanie-do-wynajecia-CID3-ID16r2ZI.html,yes
https://www.olx.pl/d/oferta/mieszkanie-ul-okrzei-CID3-ID16vE5u.html,yes
https://www.olx.pl/d/oferta/wynajme-prosto-od-wlasciciela-osiedle-przy-parku-CID3-ID15XqlU.html,yes
https://www.olx.pl/d/oferta/kawalerka-na-ksm-z-winda-CID3-ID16DVaX.html,yes
https://www.olx.pl/d/oferta/mieszkanie-z-tarasem-40m-slichowice-CID3-ID16iw3h.html,yes
https://www.olx.pl/d/oferta/wynajme-mieszkanie-3-pokojowe-CID3-ID16zs2A.html,yes
https://www.olx.pl/d/oferta/kawalerka-31m2-warszawska-CID3-ID16uIoW.html,yes
https://www.olx.pl/d/oferta/do-wynajecia-kawalerka-26m-w-kielcach-zbozowa-CID3-ID165Xw8.html,yes
https://www.olx.pl/d/oferta/przestronne-2-pokojowe-mieszkanie-z-garazem-na-osiedlu-na-wrzosach-CID3-ID16qm4X.html,yes
https://www.olx.pl/d/oferta/wynajem-mieszkania-33-5m-w-pelni-wyposazone-CID3-ID16jRTA.html,yes
https://www.olx.pl/d/oferta/wynajme-mieszkanie-CID3-ID16BPmH.html,yes
https://www.olx.pl/d/oferta/kawalerka-na-wynajem-ksm-po-generalnym-remoncie-CID3-ID15Shr1.html,yes
https://www.olx.pl/d/oferta/wynajme-kawalerke-kielce-CID3-ID16vngG.html,yes
https://www.olx.pl/d/oferta/kawalerka-do-wynajecia-centrum-miasta-30m2-CID3-ID1656NK.html,yes
https://www.olx.pl/d/oferta/kawalerka-do-wynajecia-kielce-ul-zagnanska-78b-CID3-ID16AFGn.html,yes
https://www.olx.pl/d/oferta/rezerwacja-warszawska-odswiezona-kawalerka-CID3-ID16oj8e.html,yes
https://www.olx.pl/d/oferta/wynajme-kawalerke-prawie-na-rynku-kieleckim-CID3-ID15DDTd.html,yes
https://www.olx.pl/d/oferta/mieszkanie-na-wynajem-os-swietokrzyskie-kielce-CID3-ID16jNwB.html,yes
https://www.olx.pl/d/oferta/mieszkanie-os-leszczynska-w-apartamentowcu-5-pietro-duzy-taras-gardero-CID3-ID16x7XQ.html,yes
https://www.olx.pl/d/oferta/wynajme-mieszkanie-kielce-CID3-ID16bNw0.html,yes
https://www.olx.pl/d/oferta/mieszkanie-garaz-balkon-nowe-w-centrum-CID3-IDRGc13.html,yes
https://www.olx.pl/d/oferta/mieszkanie-na-wynajem-CID3-ID15BtFz.html,yes
https://www.olx.pl/d/oferta/mieszkanie-do-wynajecia-na-os-sady-CID3-ID16sx41.html,yes
https://www.olx.pl/d/oferta/okazja-cena-po-obnizce-2000-zl-wynajem-mieszkania-53-metry-z-garaze-CID3-IDWWn2L.html,yes
https://www.olx.pl/d/oferta/wynajme-nowe-mieszkanie-na-ulicy-zbozowej-osiedle-na-gornej-CID3-ID12BPnT.html,yes
https://www.olx.pl/d/oferta/mieszkanie-w-centrum-kielc-CID3-ID13F1Rn.html,yes
https://www.olx.pl/d/oferta/nowe-mieszkanie-kozia-CID3-ID16eKUq.html,yes
https://www.olx.pl/d/oferta/wynajme-nowoczesne-mieszkanie-na-os-slichowice-rezerwacja-CID3-ID16xYvS.html,yes
https://www.olx.pl/d/oferta/mieszkanie-dwupokojowe-do-wynajecia-CID3-ID16jN4l.html,yes
https://www.olx.pl/d/oferta/wynajme-kawalerke-nowowiejska-5-kielce-CID3-ID13nxu0.html,yes
https://www.olx.pl/d/oferta/duza-kawalerka-na-wynajem-kielce-ul-krakowska-CID3-ID16tn8w.html,yes
https://www.olx.pl/d/oferta/wynajme-bardzo-ladne-mieszkanie-CID3-ID14eVtD.html,yes
https://www.olx.pl/d/oferta/mieszkanie-do-wynajecia-ul-lotnicza-tuz-obok-uniwersytetu-medycznego-CID3-ID16mHz7.html,yes
https://www.olx.pl/d/oferta/wynajme-kawalerke-CID3-ID16dLIp.html,yes
https://www.olx.pl/d/oferta/wynajem-mieszkania-CID3-IDZrYWc.html,yes
https://www.olx.pl/d/oferta/wynajme-kawalerke-CID3-ID15Xw8J.html,yes
https://www.olx.pl/d/oferta/wynajme-mieszkanie-CID3-ID16hAf1.html,yes
https://www.olx.pl/d/oferta/wynajem-mieszkania-plaza-kielce-CID3-ID16fg4U.html,yes
https://www.olx.pl/d/oferta/nieaktualne-nowoczesne-mieszkanie-na-wynajem-CID3-ID164aLG.html,yes
https://www.olx.pl/d/oferta/wynajme-mieszkanie-CID3-ID16ChPU.html,yes
https://www.olx.pl/d/oferta/nowe-mieszkanie-do-wynajecia-lotnicza-CID3-ID16sMS3.html,yes
https://www.olx.pl/d/oferta/wynajme-komfortowe-nowo-odswiezone-mieszkanie-57m-z-miejscem-parkingo-CID3-ID16uZv9.html,yes
https://www.olx.pl/d/oferta/wynajme-3-pokojowe-mieszkanie-na-ul-lotnicza-CID3-ID16kAsD.html,yes
https://www.olx.pl/d/oferta/mieszkanie-50m2-centrum-umeblowane-nowy-blok-okazja-CID3-ID13Zt6g.html,yes
https://www.olx.pl/d/oferta/mieszkanie-kielce-osiedle-legionow-CID3-ID16memz.html,yes
https://www.olx.pl/d/oferta/kawalerka-30m2-ul-zagnanska-CID3-ID14lvXZ.html,yes
https://www.olx.pl/d/oferta/kawalerka-centrum-ul-nowy-swiat-wolna-od-zaraz-parking-1-pietro-balkon-CID3-ID16ojb8.html,yes
https://www.olx.pl/d/oferta/wynajme-przytulna-kawalerke-na-ul-karlowicza-CID3-ID16vm2t.html,yes
https://www.olx.pl/d/oferta/kawalerka-centrum-kielc-ul-zrodlowa-CID3-ID1654Xz.html,yes
https://www.olx.pl/d/oferta/mieszkanie-kawalerka-w-centrum-kielce-ul-1-maja-CID3-ID15Vy3V.html,yes
https://www.olx.pl/d/oferta/wynajme-kawalerke-29m-os-czarnow-blisko-centrum-CID3-ID16u6y1.html,yes
https://www.olx.pl/d/oferta/3-pokojowe-mieszkanie-56-m-parter-ul-hoza-blisko-centrum-CID3-ID16kFHU.html,yes
https://www.olx.pl/d/oferta/nowe-mieszkanie-gorna-22-kielce-7-pietro-34m-w-pelni-wyposazone-CID3-ID11L6WG.html,yes
https://www.olx.pl/d/oferta/wynajem-mieszkanie-kielce-centrum-zytnia-31m-kawalerka-CID3-ID16CmqZ.html,yes
https://www.olx.pl/d/oferta/wspollokatora-wspollokatorki-najlepiej-spokojny-student-CID3-ID16CGz9.html,yes
https://www.olx.pl/d/oferta/rezerwacja-kawalerka-osiedle-na-gornej-z-duzum-tarasem-CID3-ID13rCIG.html,yes
https://www.olx.pl/d/oferta/mieszkanie-3-pokojowe-z-duzym-balkonem-i-miejscem-w-garazu-podziemnym-CID3-ID12lu5f.html,yes
https://www.olx.pl/d/oferta/kielce-mieszkanie-w-kielcach-65m2-3-pokoje-CID3-ID16C82Z.html,yes
https://www.olx.pl/d/oferta/nowa-kawalerka-do-wynajecia-w-kielcach-CID3-ID163ycz.html,yes
https://www.olx.pl/d/oferta/kawalerka-osobna-kuchnia-balkon-przy-collegium-medicum-english-CID3-ID16skmX.html,yes
https://www.olx.pl/d/oferta/mieszkanie-na-wynajem-kielce-47m2-CID3-ID15ycnl.html,yes
https://www.olx.pl/d/oferta/mieszkanie-2-pokojowe-w-centrum-z-balkonem-ul-nowy-swiat-CID3-ID166SQ1.html,yes
https://www.olx.pl/d/oferta/wynajme-mieszkanie-ksm-ul-chopina-CID3-ID14gwbL.html,yes
https://www.olx.pl/d/oferta/mieszkanie-3-pokojowe-z-ogrodkiem-centrum-ul-zlota-CID3-ID16iObM.html,yes
https://www.olx.pl/d/oferta/mieszkanie-2-pokojowe-do-wynajecia-ul-gorna-22-kielce-CID3-ID162EB3.html,yes
https://www.olx.pl/d/oferta/jasna-kawalerka-swietna-lokalizacja-CID3-IDXdm2w.html,yes
https://www.olx.pl/d/oferta/mieszkanie-2-pokojowe-ventus-ix-wiekow-kielc-blisko-collegium-medicum-CID3-ID1658mv.html,yes
https://www.olx.pl/d/oferta/mieszkanie-2-pokojowe-do-wynajecia-z-miejscem-w-garazu-podziemnym-CID3-ID16A7xH.html,yes
https://www.olx.pl/d/oferta/mieszkanie-2-pokojowe-z-oddzielna-kuchnia-kielce-lotnicza-CID3-ID16iZom.html,yes
https://www.olx.pl/d/oferta/mieszkanie-3-pokojowe-aleja-solidarnosci-blisko-ps-i-ujk-CID3-ID16sYcV.html,yes
https://www.olx.pl/d/oferta/mieszkanie-nowe-budownictwo-sowia-park-CID3-ID14gP4H.html,yes
https://www.olx.pl/d/oferta/sloneczne-mieszkanie-do-wynajecia-dzielnica-kielczanka-CID3-ID16bVs7.html,yes
https://www.olx.pl/d/oferta/wynajem-mieszkania-3-pokoje-ul-nowowiejska-5-sady-kielce-CID3-ID14j2Pg.html,yes
https://www.olx.pl/d/oferta/wynajme-mieszkanie-w-kielcach-osiedle-przy-parku-CID3-ID13i2EB.html,yes
https://www.olx.pl/d/oferta/mieszkanie-2-pokojowe-centrum-dla-studentow-CID3-ID16jtNU.html,yes
https://www.olx.pl/d/oferta/mieszkanie-3-pokojowe-wynajme-os-sady-na-przeciw-politechniki-CID3-ID16zuAi.html,yes
https://www.olx.pl/d/oferta/wynajme-43m2-mieszkanie-w-centrum-kielc-CID3-ID160XfN.html,yes
https://www.olx.pl/d/oferta/wynajme-mieszkanie-2-pokojowe-CID3-ID16ewVW.html,yes
https://www.olx.pl/d/oferta/mieszkanie-do-wynajecia-w-centrum-ventus-CID3-ID15PKHH.html,yes
https://www.olx.pl/d/oferta/trzy-pokoje-do-wynajecia-dla-studentow-studentek-w-kielcach-CID3-ID11ZSCP.html,yes
https://www.olx.pl/d/oferta/mieszkanue-wysoki-standard-CID3-ID16yucw.html,yes
https://www.olx.pl/d/oferta/wynajme-mieszkanie-2-pokojowe-51-m2-os-kochanowskiego-kielce-CID3-ID15Onq2.html,no
https://www.olx.pl/d/oferta/mieszkanie-na-wynajem-pod-firme-po-generalnym-remoncie-centrum-kielc-CID3-ID16tX0i.html,no
https://www.olx.pl/d/oferta/ul-mickiewicza-dostepne-od-zaraz-film-link-w-opisie-CID3-ID16yOeX.html,no
https://www.olx.pl/d/oferta/2-pokojowe-ul-zagorska-media-w-cenie-CID3-ID16r3nj.html,no
https://www.olx.pl/d/oferta/kawalerka-35m-centrum-kielce-CID3-ID16wFsa.html,no
https://www.olx.pl/d/oferta/mieszkanie-ul-okrzei-duzy-balkon-miejsce-parkingowe-CID3-ID16p559.html,no
https://www.olx.pl/d/oferta/sloneczne-2-pokojowe-mieszkanie-ul-strasza-CID3-ID16zf7Q.html,no
https://www.olx.pl/d/oferta/mieszkanie-do-wynajecia-kawalerka-na-wynajem-CID3-ID16D3fg.html,no
https://www.olx.pl/d/oferta/kawalerka-po-remoncie-ul-wojewodzka-internet-i-tv-w-cenie-CID3-ID15T4iM.html,no
https://www.olx.pl/d/oferta/mieszkanie-2-pokojowe-na-osiedlu-bocianek-kielce-CID3-IDQZKJz.html,no
https://www.olx.pl/d/oferta/mieszkanie-2-pokojowe-oferta-bezposrednia-CID3-ID16DjeM.html,no
https://www.olx.pl/d/oferta/wynajem-mieszkania-CID3-ID16Dymn.html,no
https://www.olx.pl/d/oferta/komfortowa-kawalerka-z-balkonem-centrum-CID3-ID16qjCI.html,no
https://www.olx.pl/d/oferta/wynajme-mieszkanie-na-szydlowku-ul-bukowa-CID3-ID16Cpvj.html,no
https://www.olx.pl/d/oferta/wynajem-pokoju-w-mieszkaniu-kielce-CID3-ID16vRwU.html,no
https://www.olx.pl/d/oferta/mieszkanie-do-wynajecia-CID3-ID16CnBS.html,no
https://www.olx.pl/d/oferta/kawalerka-ul-szkolna-po-remoncie-oddzielna-kuchnia-CID3-ID16CGyM.html,no
https://www.olx.pl/d/oferta/wynajme-kawalerke-sady-CID3-ID16A4pW.html,no
https://www.olx.pl/d/oferta/mieszkanie-kawalerka-do-wynajecia-kielce-sady-blisko-ujk-politechnika-CID3-ID16srxL.html,no
https://www.olx.pl/d/oferta/mieszkanie-do-wynajecia-od-zaraz-CID3-ID16qkYh.html,no
https://www.olx.pl/d/oferta/mieszkanie-2-pok-oddzielna-kuchnia-wisniowa-na-szydlowku-od-zaraz-CID3-ID12yNb0.html,no
https://www.olx.pl/d/oferta/mieszkanie-kawalerka-25m2-CID3-ID16BKtw.html,no
https://www.olx.pl/d/oferta/mieszkanie-2-pokojowe-ul-jagiellonska-CID3-ID16vvlq.html,no
https://www.olx.pl/d/oferta/mieszkanie-osiedle-bocianek-47m-CID3-ID16b6eU.html,no
https://www.olx.pl/d/oferta/wynajme-mieszkanie-38m2-CID3-ID16wmkk.html,no
https://www.olx.pl/d/oferta/rezerwacja-kawalerka-premium-w-centrum-wysoki-standard-CID3-ID13gI4E.html,no
https://www.olx.pl/d/oferta/mieszkanie-na-wynajem-kielce-ul-szwedzka-CID3-ID16w0a9.html,no
https://www.olx.pl/d/oferta/mieszkanie-na-wynajem-CID3-ID16ntKK.html,no
https://www.olx.pl/d/oferta/2-pozoimowe-mieszkanie-w-kamienicy-41m2-CID3-ID16vyH4.html,no
https://www.olx.pl/d/oferta/kawalerka-do-wynajecia-26-7-m2-ksm-CID3-ID15wiMS.html,no
https://www.olx.pl/d/oferta/mieszkanie-43m-2-pokoje-marszalkowska-wynajme-CID3-ID16uASd.html,no
https://www.olx.pl/d/oferta/mieszkanie-dwupokojowe-na-sadach-CID3-ID16E2U3.html,no
https://www.olx.pl/d/oferta/wynajme-mieszkanie-41-m-kw-ul-galczynskiego-po-remoncie-CID3-ID16BOvc.html,no
https://www.olx.pl/d/oferta/do-wynajecia-2-pokoje-ul-konopnicka-bocianek-CID3-ID16E007.html,no
https://www.olx.pl/d/oferta/mieszkanie-na-wynajem-56m2-dwa-pokoje-ul-gliniana-3-herby-CID3-ID16x1cO.html,no
https://www.olx.pl/d/oferta/kawalerka-do-wynajecia-bocianek-CID3-ID16wJcx.html,no
https://www.olx.pl/d/oferta/pokoje-dla-studentek-CID3-ID16pwoX.html,no
https://www.olx.pl/d/oferta/wynajme-kawalerke-na-ul-konopnickiej-osiedle-bocianek-kielce-CID3-ID12dJ5l.html,no
https://www.olx.pl/d/oferta/wynajme-mieszkanie-3pokoje-swietna-lokalizacja-CID3-ID16Dc4g.html,no
https://www.olx.pl/d/oferta/wynajme-mieszkanie-na-osiedlu-slichowice-ul-jurajska-kielce-CID3-ID16v7CT.html,no
https://www.olx.pl/d/oferta/mieszkanie-5-pokojowe-na-wynajem-CID3-ID16Egay.html,no
https://www.olx.pl/d/oferta/centrum-mieszkanie-2-pokojowe-od-wlasciciela-CID3-ID16rCuX.html,no
https://www.olx.pl/d/oferta/mieszkanie-komfortowe-75m-z-balkonem-1600-CID3-ID121o6O.html,no
https://www.olx.pl/d/oferta/nowoczesna-kawalerka-na-wynajem-kielce-ul-klonowa-CID3-ID11MrGM.html,no
https://www.olx.pl/d/oferta/dwupoziomowy-bezczynszowy-aparatament-bilcza-k-kielc-CID3-ID16Azar.html,no
https://www.olx.pl/d/oferta/2-pokoje-widna-kuchnia-2-pietro-ul-hoza-CID3-ID16rukw.html,no
https://www.olx.pl/d/oferta/wynajme-mieszkanie-kielce-ul-sloneczna-CID3-ID16A2l6.html,no
https://www.olx.pl/d/oferta/mieszkanie-do-wynajecia-w-kielcach-od-wrzesnia-CID3-ID16wz2m.html,no
https://www.olx.pl/d/oferta/mieszkanie-dwupokojowe-do-wynajecia-centrum-ul-jasna-CID3-ID165l6Z.html,no
https://www.olx.pl/d/oferta/wynajme-mieszkanie-34m2-ul-jagiellonska-kielce-CID3-ID11kP2o.html,no
https://www.olx.pl/d/oferta/wynajme-kawalerke-ksm-CID3-ID15Hkda.html,no
https://www.olx.pl/d/oferta/wynajme-mieszkanie-CID3-ID16crfn.html,no
https://www.olx.pl/d/oferta/wolne-2-pokoje-w-mieszkaniu-na-wynajem-w-centrum-CID3-ID13IXSB.html,no
https://www.olx.pl/d/oferta/wynajem-mieszkania-CID3-ID16wfh3.html,no
https://www.olx.pl/d/oferta/mieszkanie-3-pokojowe-na-wynajem-kielce-ul-bohaterow-warszawy-CID3-ID16kBrI.html,no
https://www.olx.pl/d/oferta/wynajme-mieszkanie-2-pokojowe-kuchnia-50-m2-ul-winnicka-CID3-ID161jX1.html,no
https://www.olx.pl/d/oferta/mieszkanie-do-wynajecia-dla-studenta-CID3-ID16wlJD.html,no
https://www.olx.pl/d/oferta/wynajme-mieszkanie-przy-ul-wojska-polskiego-CID3-ID16pS4k.html,no
https://www.olx.pl/d/oferta/wynajme-kawalerke-w-kielcach-CID3-ID14MIKu.html,no
https://www.olx.pl/d/oferta/wynajem-mieszkania-CID3-ID16uQJx.html,no
https://www.olx.pl/d/oferta/kawalerka-z-balkonem-ksm-26-7-m-blisko-uczelni-CID3-ID16n0f6.html,no
https://www.olx.pl/d/oferta/mieszkanie-do-wynajecia-2-pokoje-os-pod-dalnia-po-remoncie-CID3-ID16pF7f.html,no
https://www.olx.pl/d/oferta/wynajme-mieszkanie-os-podkarczowka-CID3-ID16CfLR.html,no
https://www.olx.pl/d/oferta/wynajme-kawalerke-slichowice-CID3-ID15ayyM.html,no
https://www.olx.pl/d/oferta/wynajme-mieszkanie-46m2-CID3-ID16x6Pd.html,no
https://www.olx.pl/d/oferta/mieszkanie-do-wynajecia-centrum-kielc-CID3-ID16xVmc.html,no
https://www.olx.pl/d/oferta/mieszkanie-do-wynajecia-dla-studentow-kielce-ul-zagorska-ksm-CID3-ID14tuZU.html,no
https://www.olx.pl/d/oferta/ladne-mieszkanie-do-wynajecia-osiedle-ksm-CID3-ID16nYtE.html,no
https://www.olx.pl/d/oferta/kawalerka-obok-politechniki-CID3-ID16yGf2.html,no
https://www.olx.pl/d/oferta/kawalerka-od-lipca-po-remoncie-mozliwosc-wynajecia-na-krotki-okres-CID3-ID15evKm.html,no
https://www.olx.pl/d/oferta/wynajem-mieszkania-kawalerka-centrum-wspolna-CID3-ID16qVOk.html,no
https://www.olx.pl/d/oferta/wynajem-mieszkania-kielce-CID3-ID16we2W.html,no
https://www.olx.pl/d/oferta/wynajme-mieszkanie-trzy-pokojowe-54m2-w-pelni-wyposazone-CID3-ID16ph39.html,no
https://www.olx.pl/d/oferta/wynajme-mieszkanie-promocyjna-cena-CID3-ID16qDMv.html,no
https://www.olx.pl/d/oferta/mieszkanie-blisko-centrum-CID3-ID16odRd.html,no
https://www.olx.pl/d/oferta/do-wynajecia-przestronne-mieszkanie-47-m2-kielce-jagiellonska-CID3-ID16ry5D.html,no
https://www.olx.pl/d/oferta/mieszkanie-do-wynajecia-CID3-ID16y5Wn.html,no
https://www.olx.pl/d/oferta/mieszkanie-do-wynajecia-kielce-os-dalnia-3-pokoje-56-m2-CID3-ID14ICE6.html,no
https://www.olx.pl/d/oferta/mieszkanie-do-wynajecia-CID3-ID16jB8i.html,no
https://www.olx.pl/d/oferta/mieszkanie-do-wynajecia-CID3-ID16iyId.html,no
https://www.olx.pl/d/oferta/mieszkanie-do-wynajecia-CID3-ID16h826.html,no
https://www.olx.pl/d/oferta/mieszkanie-na-wynajem-centrum-kielc-lokal-po-generalnym-remoncie-CID3-ID16orr5.html,no
https://www.olx.pl/d/oferta/mieszkanie-do-wynajecia-CID3-ID16i6dV.html,no
https://www.olx.pl/d/oferta/wynajme-mieszkanie-dodatkowo-platne-tylko-rachunki-CID3-ID15Aocv.html,no
https://www.olx.pl/d/oferta/kielce-pod-telegrafem-wrzosowa-f-ra-vat-wszystkie-media-ii-gie-p-CID3-IDvCxtX.html,no
https://www.olx.pl/d/oferta/mieszkanie-do-wynajecia-CID3-ID161ucH.html,no
https://www.olx.pl/d/oferta/mieszkanie-2-pokoje-CID3-IDOPYyX.html,no
https://www.olx.pl/d/oferta/do-wynajecia-mieszkanie-dwupokojowe-z-klimatyzacja-CID3-ID15Lyjb.html,no
https://www.olx.pl/d/oferta/mieszkanie-1-pokojowe-tumlin-wegle-CID3-ID16qBDP.html,no
https://www.olx.pl/d/oferta/mieszkanie-2-pokoje-osobna-kuchnia-umeblowane-w-dobrej-lokalizacji-CID3-ID16txqu.html,no
https://www.olx.pl/d/oferta/mieszkanie-2-pokojowe-centrum-CID3-ID14PJwV.html,no
https://www.olx.pl/d/oferta/mieszkanie-do-wynajecia-CID3-ID13Hrtw.html,no
https://www.olx.pl/d/oferta/wynajme-35m2-kielce-os-checinskie-CID3-ID16zgZh.html,no
https://www.olx.pl/d/oferta/mieszkanie-2-pokojowe-47m-bocianek-CID3-ID16qPDJ.html,no
https://www.olx.pl/d/oferta/wynajme-mieszkanie-kielce-ul-lecha-po-remoncie-dobra-lokalizacja-CID3-ID164Khu.html,no
https://www.olx.pl/d/oferta/do-wynajecia-mieszkanie-2-pokojowe-ul-warszawska-105-kielce-CID3-ID16y5ro.html,no
https://www.olx.pl/d/oferta/kawalerka-po-generalnym-remoncie-balkon-piwnica-lokalizacja-ksm-CID3-ID16tpk3.html,no
https://www.olx.pl/d/oferta/kawalerka-z-wydzielona-sypialnia-29m2-centrum-balkon-CID3-ID16p9jo.html,no
https://www.olx.pl/d/oferta/kawalerka-kielce-ksm-CID3-ID14yJ40.html,no
https://www.olx.pl/d/oferta/wynajme-samodzielne-bezczynszowe-mieszkanie-w-centrum-kielc-CID3-ID16zvKQ.html,no
https://www.olx.pl/d/oferta/wynajme-sloneczne-mieszkanie-blisko-centrum-ujk-ksm-CID3-ID16A3tZ.html,no
https://www.olx.pl/d/oferta/wynajme-mieszkanie-42-m2-umeblowane-w-centrum-kielc-CID3-ID15EVss.html,no
https://www.olx.pl/d/oferta/wynajme-kawalerke-w-kielcach-przy-ul-checinskiej-CID3-ID16xzfP.html,no
https://www.olx.pl/d/oferta/mieszkanie-2-pokoje-kielce-ul-szkolna-CID3-ID16hagJ.html,no
https://www.olx.pl/d/oferta/wynajme-mieszkanie-w-centrum-kielc-88m-przy-ul-panoramicznej-CID3-IDSRCGP.html,no
https://www.olx.pl/d/oferta/mieszkanie-2-pokojowe-CID3-ID14Gp10.html,no
https://www.olx.pl/d/oferta/wynajme-kawalerke-kielce-przy-ul-wojska-polskiego-CID3-ID15aKNX.html,no
https://www.olx.pl/d/oferta/3-pokojowe-mieszkanie-os-ksm-CID3-ID120MAt.html,no
https://www.olx.pl/d/oferta/mieszkanie-kawalerka-28m2-kielce-ul-szkolna-wolne-od-zaraz-CID3-ID16AdCA.html,no
https://www.olx.pl/d/oferta/wynajme-mieszkanie-3-pok-z-tarasem-i-miejscem-garazowym-okrzei-kielce-CID3-ID16DiCJ.html,no
https://www.olx.pl/d/oferta/mieszkanie-40-m2-w-centrum-kielc-kosciuszki-CID3-ID16vpiy.html,no
https://www.olx.pl/d/oferta/apartament-2-pokoje-ul-sabinowek-CID3-ID16BohX.html,no
https://www.olx.pl/d/oferta/mieszkanie-do-wynajecia-CID3-ID16BdXi.html,no
https://www.olx.pl/d/oferta/kawalerka-orange-room-studio-centrum-kielc-CID3-ID15AsR0.html,no
https://www.olx.pl/d/oferta/tania-kawalerka-w-cenie-pokoju-do-wynajecia-blisko-centrum-CID3-ID158bav.html,no
https://www.olx.pl/d/oferta/mieszkanie-wynajem-apartament-2-pokoje-parking-sady-okazja-prywatnie-CID3-ID150hS9.html,no
https://www.olx.pl/d/oferta/wynajme-przytulna-duza-kawalerka-blisko-centrum-CID3-ID16rOMU.html,no
https://www.olx.pl/d/oferta/wynajem-mieszkanie-CID3-ID14LA9h.html,no
https://www.olx.pl/d/oferta/cieple-tanie-przestronne-mieszkanie-w-centrum-kielc-CID3-IDPTxvY.html,no
https://www.olx.pl/d/oferta/mieszkanie-do-wynajecia-3-pokojowe-os-swietokrzyskie-70m2-balkon-logia-CID3-ID12235V.html,no
https://www.olx.pl/d/oferta/mieszkanie-do-wynajecia-kielce-CID3-ID15bPMz.html,no
https://www.olx.pl/d/oferta/wynajme-mieszkanie-43m2-ul-jesionowa-CID3-ID16zXap.html,no
https://www.olx.pl/d/oferta/aktualne-mieszkanie-oddzielne-2-pokoje-kielce-ul-slaska-28-CID3-ID129N97.html,no
https://www.olx.pl/d/oferta/mieszkanie-70-m2-4-pokoje-ul-mala-nowe-budownictwo-dostepny-garaz-CID3-ID13NHVk.html,no
https://www.olx.pl/d/oferta/wynajme-mieszkanie-3-pokoje-kielce-os-bocianek-ul-galczynskiego-CID3-ID16wvx5.html,no
https://www.olx.pl/d/oferta/mieszkanie-do-wynajecia-71m-3-pokoje-CID3-ID16AygT.html,no
https://www.olx.pl/d/oferta/kawalerka-ksm-do-wynajecia-CID3-ID16oXb9.html,no
https://www.olx.pl/d/oferta/mieszkanie-jagiellonska-52-kielce-CID3-ID15RnVj.html,no
https://www.olx.pl/d/oferta/wynajme-mieszkanie-CID3-ID16xHIV.html,no
https://www.olx.pl/d/oferta/ladne-mieszkanie-centrum-kielc-CID3-ID15tltZ.html,no
https://www.olx.pl/d/oferta/mieszkanie-2-pokojowe-CID3-IDX4iVf.html,no
https://www.olx.pl/d/oferta/mieszkanie-2-pokojowe-ul-zgoda-w-bardzo-dobrej-lokalizacji-CID3-ID1658Dy.html,no
https://www.olx.pl/d/oferta/wynajme-mieszkanie-ksm-48m2-dwa-pokoje-blisko-centrum-ujk-CID3-ID125wqB.html,no
https://www.olx.pl/d/oferta/mieszkanie-2-pokojowe-ksm-CID3-ID16d9yh.html,no
https://www.olx.pl/d/oferta/wynajme-mieszkanie-47m2-2-pokoje-kuchnia-lazienka-parter-ul-klonowa-CID3-ID15n6H9.html,no
https://www.olx.pl/d/oferta/wynajme-3-pokojowe-dla-studentow-politechniki-lub-ujk-na-bocianku-CID3-ID11toJg.html,no
