Link,Parking_Space
https://www.olx.pl/d/oferta/mieszkanie-3-pokojowe-wroclaw-ul-dabrowskiego-CID3-ID15GiXw.html,lack
https://www.olx.pl/d/oferta/wynajme-2-pok-od-1-08-2025-ul-odrzanska-wroclaw-samo-centrum-CID3-ID13Jwxi.html,lack
https://www.olx.pl/d/oferta/rezerwacja-mieszkanie-do-wynajecia-2-pokoje-33m2-CID3-ID16nBlZ.html,lack
https://www.olx.pl/d/oferta/mieszkanie-typu-studio-do-wynajecia-CID3-ID16wPkG.html,lack
https://www.olx.pl/d/oferta/studio-mieszkanie-mlyn-maria-bezposrednio-CID3-ID165TiZ.html,lack
https://www.olx.pl/d/oferta/ul-zakladowa-rozklad-meble-agd-balkon-garderoba-od-zaraz-CID3-ID16noV1.html,lack
https://www.olx.pl/d/oferta/kawalerka-z-osobna-kuchnia-od-1-wrzesnia-tramwaj-wsrod-zieleni-CID3-ID16BWxw.html,lack
https://www.olx.pl/d/oferta/ul-soltysowicka-2-pok-dla-studentow-osob-pracujacych-od-zaraz-CID3-ID16BRHd.html,lack
https://www.olx.pl/d/oferta/pl-ru-ua-nowa-kawalerka-tarnogaj-super-cena-CID3-ID16qBzD.html,lack
https://www.olx.pl/d/oferta/piekna-kawalerka-lakowa-bezposrednio-CID3-ID16fNKi.html,lack
https://www.olx.pl/d/oferta/wynajme-kawalerke-CID3-ID16BHE1.html,lack
https://www.olx.pl/d/oferta/mieszkanie-apartament-kawalerka-wroclaw-psie-pole-hydral-do-wynajecia-CID3-ID16js8s.html,lack
https://www.olx.pl/d/oferta/2-pokojowe-centrum-ul-traugutta-CID3-ID16vSiD.html,lack
https://www.olx.pl/d/oferta/kurkowa-36-2-pok-36m2-CID3-ID16rHN8.html,lack
https://www.olx.pl/d/oferta/3-pokojowe-50m2-wroclaw-ul-piekna-CID3-ID16AUVj.html,lack
https://www.olx.pl/d/oferta/przytulna-kawalerka-przy-dworcu-pkp-CID3-ID16BNu1.html,lack
https://www.olx.pl/d/oferta/2-pokoje-cybulskiego-bez-prowizji-CID3-ID16BPi2.html,lack
https://www.olx.pl/d/oferta/duza-kawalerka-w-bardzo-dobrym-standardzie-wroclaw-krzyki-CID3-ID16lusE.html,lack
https://www.olx.pl/d/oferta/do-wynajecia-kawalerka-dla-jednej-osoby-CID3-ID16pg7f.html,lack
https://www.olx.pl/d/oferta/mieszkanie-do-wynajecia-klecina-CID3-ID16wa04.html,lack
https://www.olx.pl/d/oferta/2-pokojowe-mieszkanie-z-duzym-balkonem-od-zaraz-CID3-ID16BcWB.html,lack
https://www.olx.pl/d/oferta/nowe-komfortowe-studio-tuz-przy-magnolii-CID3-ID15fzej.html,lack
https://www.olx.pl/d/oferta/mieszkanie-2-pokojowe-na-jesionowej-CID3-ID16x7B0.html,lack
https://www.olx.pl/d/oferta/mieszkanie-do-wynajecia-brzoskwiniowa-borowska-armii-krajowej-CID3-ID16BIYB.html,lack
https://www.olx.pl/d/oferta/dabrowskiego-kosciuszki-wroclaw-54m2-CID3-ID16x2hf.html,lack
https://www.olx.pl/d/oferta/mieszkanie-wroclaw-centrum-kawalerka-wynajem-niski-czynsz-nowa-manufak-CID3-ID16bBqf.html,lack
https://www.olx.pl/d/oferta/dwupokojowe-mieszkanie-51m-z-klimatyzacja-bez-posrednikow-CID3-ID16hTVH.html,lack
https://www.olx.pl/d/oferta/mieszkanie-ul-nyska-wroclaw-od-wrzesnia-CID3-ID16x7ED.html,lack
https://www.olx.pl/d/oferta/mieszkanie-4-pokojowe-kampus-politechniki-wroclawskiej-CID3-ID16wouB.html,lack
https://www.olx.pl/d/oferta/kawalerka-muchobor-wielki-CID3-ID16ugXz.html,lack
https://www.olx.pl/d/oferta/wynajme-kawalerke-wroclaw-centrum-ul-podworcowa-nowoczesny-budyne-CID3-ID16wPT1.html,lack
https://www.olx.pl/d/oferta/kawalerka-dla-studenta-grunwaldzka-sienkiewicza-pwr-awf-uw-umw-CID3-ID16xJE2.html,lack
https://www.olx.pl/d/oferta/kawalerka-przy-dworcu-glownym-CID3-ID16q6fK.html,lack
https://www.olx.pl/d/oferta/mieszkanie-na-wynajem-ul-lelewela-wroclaw-CID3-ID16BrDJ.html,lack
https://www.olx.pl/d/oferta/mieszkanie-do-wynajecia-tuz-przy-sky-tower-CID3-ID16yVo7.html,lack
https://www.olx.pl/d/oferta/do-wynajecia-mieszkanie-na-zernikach-CID3-ID16ssIf.html,lack
https://www.olx.pl/d/oferta/wynajme-kawalerke-CID3-ID16xajy.html,lack
https://www.olx.pl/d/oferta/mieszkanie-do-wynajecia-wroclaw-ul-wiezienna-CID3-ID16uCeG.html,lack
https://www.olx.pl/d/oferta/do-wynajecia-mieszkanie-3-pokojowe-na-oltaszynie-CID3-ID16risi.html,lack
https://www.olx.pl/d/oferta/mieszkanie-z-duza-antresola-na-wynajem-CID3-ID16xoil.html,lack
https://www.olx.pl/d/oferta/kawalerka-wroclaw-kazimierza-wielkiego-CID3-ID14l5rO.html,lack
https://www.olx.pl/d/oferta/studio-kawalerka-32mkw-ulica-jaracza-nowe-bud-2600-calosc-CID3-ID16yC7g.html,lack
https://www.olx.pl/d/oferta/kawalerka-przy-ulicy-t-kosciuszki-142d-CID3-ID16sh7B.html,lack
https://www.olx.pl/d/oferta/pl-ua-ru-37-2-klima-wyjatkowe-mieszkanie-CID3-ID16vTlR.html,lack
https://www.olx.pl/d/oferta/kawalerka-ul-bierutowska-od-zaraz-od-miesiaca-do-roku-czasu-CID3-ID16tJF7.html,lack
https://www.olx.pl/d/oferta/jednopokojowe-do-wynajecia-wroclaw-stysia-CID3-ID16h6TO.html,lack
https://www.olx.pl/d/oferta/kawalerka-mieszkanie-w-centrum-stare-miasto-ul-podwale-kolo-renomy-CID3-ID16BfNQ.html,lack
https://www.olx.pl/d/oferta/wynajme-dwupokojowe-mieszkanie-na-nadodrzu-CID3-ID16Bhr6.html,lack
https://www.olx.pl/d/oferta/wynajem-mieszkania-na-ul-szczytnickiej-nowe-CID3-ID15jRny.html,lack
https://www.olx.pl/d/oferta/mieszkanie-przy-ul-pretficza-do-wynajecia-od-01-08-2025r-CID3-ID16yqq6.html,lack
https://www.olx.pl/d/oferta/elegancka-wyremontowana-kawalerka-ul-kromera-wroclaw-CID3-ID165rii.html,lack
https://www.olx.pl/d/oferta/mieszkanie-42-m-wynajme-wroclaw-krzyki-hallera-okolice-CID3-ID16oMGN.html,lack
https://www.olx.pl/d/oferta/kawalerka-idealna-dla-singla-lub-pary-CID3-ID16gk3J.html,lack
https://www.olx.pl/d/oferta/wynajme-mieszkanie-dwupokojowe-CID3-ID16vYgM.html,lack
https://www.olx.pl/d/oferta/20-m2-mikro-kawalerka-ul-gornicza-CID3-ID16Bkwq.html,lack
https://www.olx.pl/d/oferta/szukamy-wspollokatora-wroclaw-biskupin-CID3-ID16szvR.html,lack
https://www.olx.pl/d/oferta/3-pokoje-pelen-rozklad-kielczowska-CID3-ID16rfMM.html,lack
https://www.olx.pl/d/oferta/nowoczesna-kawalerka-z-antresola-CID3-ID16ysBZ.html,lack
https://www.olx.pl/d/oferta/plac-grunwaldzki-mieszkanie-3-pokojowe-do-wynajecia-CID3-ID11eqGh.html,lack
https://www.olx.pl/d/oferta/wynajme-mieszkanie-CID3-ID16qYzC.html,lack
https://www.olx.pl/d/oferta/apartament-ok-rynek-google-green-tower-uniwersytet-CID3-ID16vmy0.html,lack
https://www.olx.pl/d/oferta/mieszkanie-51m2-wroclaw-olbin-prusa-CID3-ID15g2ZV.html,lack
https://www.olx.pl/d/oferta/wynajme-mieszkanie-ul-dluga-CID3-ID16uoI6.html,lack
https://www.olx.pl/d/oferta/wroclaw-legnicka-59d-kawalerka-27-m-cicha-widna-blisko-centrum-CID3-ID16nw7k.html,lack
https://www.olx.pl/d/oferta/wynajme-kawalerke-26-m2-ul-jaworska-4a-CID3-ID16yUff.html,lack
https://www.olx.pl/d/oferta/kawalerka-20-m2-kozanow-CID3-ID16t4Km.html,lack
https://www.olx.pl/d/oferta/wynajme-duza-kawalerke-przy-szewskiej-3200zl-bez-dodatkowych-oplat-CID3-ID16w92l.html,lack
https://www.olx.pl/d/oferta/kawalerka-we-wroclawiu-ul-sliczna-wrzesien-pazdziernik-2025-CID3-ID16Abnn.html,lack
https://www.olx.pl/d/oferta/kawalerka-na-wynajem-blisko-uniwersytet-wsb-i-dsw-od-01-07-2025-CID3-ID16p8s3.html,lack
https://www.olx.pl/d/oferta/mieszkanie-na-wynajem-wroclaw-ul-stronska-CID3-ID16yfaw.html,lack
https://www.olx.pl/d/oferta/kawalerka-przy-legnickiej-59-CID3-ID16oubr.html,lack
https://www.olx.pl/d/oferta/studio-37-m2-z-duzym-balkonem-umeblowane-krzyki-osiedle-centauris-CID3-ID16fI5m.html,lack
https://www.olx.pl/d/oferta/nowe-mieszkanie-w-centrum-wroclawia-CID3-ID16zEXE.html,lack
https://www.olx.pl/d/oferta/kawalerka-do-wynajecia-CID3-ID16tcDV.html,lack
https://www.olx.pl/d/oferta/2pokojeod-sierpniaksieze-male-CID3-ID16yCAC.html,lack
https://www.olx.pl/d/oferta/mieszkanie-na-wynajem-wroclaw-stare-miasto-ul-stawowa-CID3-ID16q9v5.html,lack
https://www.olx.pl/d/oferta/kawalerka-32-m-wroclaw-strzegomska-CID3-ID16y96t.html,lack
https://www.olx.pl/d/oferta/mieszkanie-wynajem-2-pokoje-z-balkonem-olimpia-port-wroclaw-CID3-ID16ALnV.html,lack
https://www.olx.pl/d/oferta/2-pokoje-pl-grunwaldzki-od-zaraz-ac-CID3-ID16l6u5.html,lack
https://www.olx.pl/d/oferta/rynek-2-pokojowe-ladne-CID3-ID16z5dN.html,lack
https://www.olx.pl/d/oferta/dwa-pokoje-wroclaw-gaj-w-nowym-budownictwie-CID3-ID16zuKk.html,lack
https://www.olx.pl/d/oferta/apartament-kawalerka-klimatyzacja-wynajem-bierutowska-park-hydral-2-CID3-ID15Qmzl.html,lack
https://www.olx.pl/d/oferta/wynajem-mieszkania-2-pokojowego-przy-ulicy-braniborskiej-CID3-ID16yFR8.html,lack
https://www.olx.pl/d/oferta/kawalerka-do-wynajecia-ul-wejherowska-CID3-ID16qLht.html,lack
https://www.olx.pl/d/oferta/super-kawalerka-ul-malopanewska-CID3-ID16Aw3X.html,lack
https://www.olx.pl/d/oferta/wynajem-1-osobowego-mieszkania-przy-ul-kosciuszki-89-wroclaw-CID3-ID16yx1K.html,lack
https://www.olx.pl/d/oferta/wynajme-mieszkanie-2-pokojowe-ul-hubska-wroclaw-CID3-ID16mzZO.html,lack
https://www.olx.pl/d/oferta/nowe-mieszkanie-2-pokoje-w-centrum-wroclawia-CID3-ID16txdB.html,lack
https://www.olx.pl/d/oferta/bez-prowizji-kawalerka-angel-city-z-dostepem-do-spa-CID3-ID16o8eN.html,lack
https://www.olx.pl/d/oferta/wynajme-mieszkanie-3-pok-wroclaw-gaj-CID3-ID16vTtm.html,lack
https://www.olx.pl/d/oferta/wynajme-kawalerke-na-ul-zeromskiego-wroclaw-CID3-ID16zMP3.html,lack
https://www.olx.pl/d/oferta/wynajme-od-zaraz-mieszkanie-3-pokoje-dla-studentow-wroclaw-szczepin-CID3-ID16s2c4.html,lack
https://www.olx.pl/d/oferta/mieszkanie-45m-2-pokoje-kuchnia-teczowa-CID3-ID16Ajbm.html,lack
https://www.olx.pl/d/oferta/2-pokoje-super-lokalizacja-ul-borowska-armii-krajowej-CID3-ID16rLO0.html,lack
https://www.olx.pl/d/oferta/mieszkanie-2-pokoje-40m2-klimatyzacja-ul-agrestowa-oltaszyn-CID3-ID16AOJv.html,lack
https://www.olx.pl/d/oferta/3-pok-ul-szczytnicka-27-kampus-grunwaldzki-green-day-CID3-ID16Acj1.html,lack
https://www.olx.pl/d/oferta/200-m-pasaz-grunwaldzki-od-1-sierpnia-CID3-ID16zfVc.html,lack
https://www.olx.pl/d/oferta/2-pokoje-38-10m2-pl-grunwaldzki-ul-szczytnicka-CID3-ID16t7PM.html,lack
https://www.olx.pl/d/oferta/doskonaly-punkt-w-miescie-CID3-IDPe0A0.html,lack
https://www.olx.pl/d/oferta/wynajme-mieszkanie-CID3-ID15Grs9.html,lack
https://www.olx.pl/d/oferta/mieszkanie-do-wynajecia-we-wroclawiu-srodmiescie-CID3-ID16wrYJ.html,lack
https://www.olx.pl/d/oferta/apartament-typu-studio-do-wynajecia-ul-walonska-z-dostepem-do-spa-CID3-ID16tbPE.html,lack
https://www.olx.pl/d/oferta/pl-ua-ru-cicha-okolica-48-m2-kowarzyka-CID3-ID16lwgW.html,lack
https://www.olx.pl/d/oferta/kawalerka-dla-studenta-dyrekcyjna-borowska-slezna-centrum-wroclavia-CID3-IDTp1eo.html,lack
https://www.olx.pl/d/oferta/3-pokoje-ul-prusa-nowy-blok-od-1-07-2025-CID3-ID16nN8w.html,lack
https://www.olx.pl/d/oferta/pl-ua-ru-28-2-ptasia-dobra-cena-CID3-ID16nevz.html,lack
https://www.olx.pl/d/oferta/kawalerka-35-m-bulwar-dedala-CID3-ID16flx1.html,lack
https://www.olx.pl/d/oferta/mieszkanie-kawalerka-16pietro-tarnogaj-ul-jesionowa-33m-CID3-ID107f8q.html,lack
https://www.olx.pl/d/oferta/mieszkanie-na-wynajem-od-zaraz-CID3-ID16lyPD.html,lack
https://www.olx.pl/d/oferta/ul-hallera-204-pierwszy-najem-balkon-grabiszyn-fat-CID3-ID16nMyG.html,lack
https://www.olx.pl/d/oferta/wroclaw-rynek-ul-odrzanska-CID3-ID15ZuN6.html,lack
https://www.olx.pl/d/oferta/kawalerka-od-zaraz-17m2-port-popowice-magnolia-legnicka-CID3-IDzf2SO.html,lack
https://www.olx.pl/d/oferta/wynajme-2-pokojowe-krzyki-CID3-ID16rKyM.html,lack
https://www.olx.pl/d/oferta/sloneczne-2-pok-balkon-wyszynskiego-CID3-ID16wWD0.html,lack
https://www.olx.pl/d/oferta/mieszkanie-wynajem-kozanow-wroclaw-2-pokoje-CID3-ID16wg5Y.html,lack
https://www.olx.pl/d/oferta/mieszkanie-2-pokoje-do-wynajecia-CID3-ID16oWwQ.html,lack
https://www.olx.pl/d/oferta/od-1-lipca-3-oddzielne-pokoje-sepolno-CID3-ID1679SI.html,lack
https://www.olx.pl/d/oferta/kawalerka-20-m2-plac-grunwaldzki-CID3-ID15IQsZ.html,lack
https://www.olx.pl/d/oferta/mieszkanie-do-wynajecia-krzyki-krucza-CID3-ID16fbTt.html,lack
https://www.olx.pl/d/oferta/wyjatkowa-kawalerka-z-antresola-2-min-od-rynku-bezposrednio-CID3-ID16k4Rv.html,lack
https://www.olx.pl/d/oferta/mieszkanie-na-wynajem-wroclaw-ul-teczowa-CID3-ID16spX7.html,lack
https://www.olx.pl/d/oferta/do-wynajecia-mieszkanie-3-pokojowe-wroclaw-ul-przejazdowa-CID3-ID16yRDc.html,lack
https://www.olx.pl/d/oferta/2-pokojowe-mieszkanie-CID3-ID16rOKW.html,lack
https://www.olx.pl/d/oferta/wynajme-kawalerke-26m2-wroclaw-plac-grunwaldzki-CID3-ID16hA6l.html,lack
https://www.olx.pl/d/oferta/mieszkanie-44-m2-2-pokoje-CID3-ID15o9xu.html,lack
https://www.olx.pl/d/oferta/osobna-duza-kuchnia-od-1-sierpnia-samo-centrum-obok-pkp-free-wifi-CID3-ID16skXb.html,lack
https://www.olx.pl/d/oferta/mieszkanie-2-pokojowe-na-maslicach-CID3-ID16sXQ3.html,lack
https://www.olx.pl/d/oferta/kawalerka-27m2-wroclaw-krzyki-apartamenty-wisniowa-CID3-ID16u1DC.html,lack
https://www.olx.pl/d/oferta/kawalerki-dla-mnie-CID3-ID16mOkH.html,lack
https://www.olx.pl/d/oferta/kawalerka-wroclaw-centrum-wynajem-CID3-ID16h9eM.html,lack
https://www.olx.pl/d/oferta/2-pokoje-prywatna-kuchnia-nadodrze-blisko-wyspy-slodowej-CID3-ID15W4PP.html,lack
https://www.olx.pl/d/oferta/norwida-2-osobne-pokoje-plac-grunwaldzki-CID3-ID16xqC8.html,lack
https://www.olx.pl/d/oferta/kawalerka-do-wynajecia-ul-tyrmanda-od-zaraz-CID3-ID16xhWq.html,lack
https://www.olx.pl/d/oferta/kawalerka-jaworska-obok-magnolii-3pietro-dostepna-od-zaraz-CID3-ID15C0dc.html,lack
https://www.olx.pl/d/oferta/kawalerka-mieszkanie-stancja-pokoj-pilsudskiego-krzyki-wroclaw-gaj-CID3-ID15OvFh.html,lack
https://www.olx.pl/d/oferta/mieszkanie-2-osobowe-do-wynajecia-soltysowice-CID3-ID16pkf4.html,lack
https://www.olx.pl/d/oferta/krzyki-3-pokojowe-z-balkonem-osobna-kuchnia-CID3-ID16lrwu.html,lack
https://www.olx.pl/d/oferta/kawalerka-na-muchoborze-malym-od-01-08-2100-media-bez-czynszu-CID3-ID15kbaI.html,lack
https://www.olx.pl/d/oferta/3-pokoje-do-wynajecia-popowice-CID3-ID16uq8L.html,lack
https://www.olx.pl/d/oferta/mieszkanie-do-wynajecia-ul-gajowicka-47m2-po-remoncie-CID3-ID16yA9m.html,lack
https://www.olx.pl/d/oferta/ul-polaka-kampus-grunwaldzki-2-pokoje-balkon-CID3-ID15RFIR.html,lack
https://www.olx.pl/d/oferta/3-pokoje-ul-barlickiego-CID3-ID15IR4t.html,lack
https://www.olx.pl/d/oferta/2-sypialnie-salon-z-aneksem-kuchennym-CID3-ID14lSDW.html,lack
https://www.olx.pl/d/oferta/do-wynajecia-mieszkanie-2-pokoje-ul-karola-olszewskiego-23c-wroclaw-CID3-ID16tzVI.html,lack
https://www.olx.pl/d/oferta/dwupokojowe-wroclaw-bartoszowice-biskupin-od-zaraz-CID3-ID16pCj2.html,lack
https://www.olx.pl/d/oferta/wynajem-mieszkanie-2-pokoje-57m2-wroclaw-karlowice-romanowskiego-CID3-ID12vth0.html,lack
https://www.olx.pl/d/oferta/wynajme-2-pokojowe-mieszkanie-44-m-wroclaw-ul-dluga-lokum-porto-CID3-ID16xve1.html,lack
https://www.olx.pl/d/oferta/mieszkanie-3-pokoje-na-grunwaldzie-CID3-ID16yWFL.html,lack
https://www.olx.pl/d/oferta/ciche-i-zielone-mieszkanie-przy-rynku-wroclawskim-CID3-ID16lnh7.html,lack
https://www.olx.pl/d/oferta/kawalerka-32m2-wroclaw-stablowice-CID3-IDQqQCZ.html,lack
https://www.olx.pl/d/oferta/zapraszam-anglojezycznej-kobiety-do-wspoldzielenia-mieszkania-na-rynku-CID3-ID16kIG4.html,lack
https://www.olx.pl/d/oferta/wroclaw-2-pokoje-50-m-wyposazone-tuz-obok-sky-tower-CID3-ID16v5Hr.html,lack
https://www.olx.pl/d/oferta/sliczne-mieszkanie-na-borku-z-balkonem-CID3-ID16gCWk.html,lack
https://www.olx.pl/d/oferta/mieszkanie-na-wynajem-dokerska-52m2-CID3-ID16t1Lh.html,lack
https://www.olx.pl/d/oferta/kawalerka-krzyki-drukarska-CID3-ID162WJn.html,lack
https://www.olx.pl/d/oferta/wynajem-2-pokojowego-mieszkania-grabiszyn-CID3-ID16s5OH.html,lack
https://www.olx.pl/d/oferta/do-wynajecia-2-pokojowe-CID3-ID159Z0z.html,lack
https://www.olx.pl/d/oferta/mieszkanie-do-wynajecia-CID3-ID13PlSk.html,lack
https://www.olx.pl/d/oferta/mieszkanie-do-wynajecia-2-pokoje-plus-salon-CID3-ID16wOhi.html,lack
https://www.olx.pl/d/oferta/2-pokoje-ul-pomorska-nowy-blok-od-1-07-2025r-CID3-ID16nR8w.html,lack
https://www.olx.pl/d/oferta/mieszkanie-3-pokojowe-do-wynajecia-centrum-stare-miasto-CID3-ID16iXMU.html,lack
https://www.olx.pl/d/oferta/trawowa-kawalerka-33-m2-niska-zabudowa-dla-sympatycznych-CID3-ID16sZwB.html,lack
https://www.olx.pl/d/oferta/trzypokojowe-mieszkanie-przy-lubuskiej-we-wroclawiu-CID3-IDL5pmc.html,lack
https://www.olx.pl/d/oferta/wynajme-kawalerke-32m2-w-centrum-wroclawia-ul-stawowa-CID3-ID16sRPZ.html,lack
https://www.olx.pl/d/oferta/mieszkanie-na-wynajem-przy-ul-slominskiego-40m-CID3-ID15L1mE.html,lack
https://www.olx.pl/d/oferta/mieszkanie-wroclaw-swidnicka-rynek-centrum-kawalerka-CID3-ID14GXDq.html,lack
https://www.olx.pl/d/oferta/mieszkanie-2-niezalezne-pokoje-lokum-di-trevi-tarnogaj-klimasa-CID3-ID16t3GB.html,lack
https://www.olx.pl/d/oferta/krzywoustego-na-wynajem-2-pok-gustownie-urzadzone-3000zl-CID3-ID163Bs1.html,lack
https://www.olx.pl/d/oferta/ul-skwierzynska3-pokojeumeblowaneuniwersytet-CID3-ID16wL2x.html,lack
https://www.olx.pl/d/oferta/wynajme-kawalerke-blisko-lotniska-we-wroclawiu-ul-zarembowicza-CID3-IDYtXag.html,lack
https://www.olx.pl/d/oferta/3-pokojowe-mieszkanie-45-m-po-remoncie-krzyki-CID3-ID16q2n2.html,lack
https://www.olx.pl/d/oferta/kawalerka-36m2garaz-balkonzielona-okolicabezposrednio-od-sierpnia-CID3-IDLmGp9.html,lack
https://www.olx.pl/d/oferta/nowoczesna-kawalerka-paulinska-bezposrednio-CID3-ID16fNkD.html,lack
https://www.olx.pl/d/oferta/mieszkanie-ul-tadeusza-kosciuszki-65-5m-8m-balkon-centrum-4-pokoje-CID3-ID16svLk.html,lack
https://www.olx.pl/d/oferta/kawalerka-soltysowice-CID3-ID16gQu8.html,lack
https://www.olx.pl/d/oferta/mieszkanie-2-pokojowe-wynajme-od-sierpnia-2025-wroclaw-rynek-swidnicka-CID3-ID16lg0L.html,lack
https://www.olx.pl/d/oferta/pl-ua-macedonska-3-pokojowe-osobna-kuchnia-CID3-ID16lupg.html,lack
https://www.olx.pl/d/oferta/dwupokojowe-mieszkanie-w-centrum-CID3-IDVBX6T.html,lack
https://www.olx.pl/d/oferta/kawalerka-legnicka-59-CID3-ID13eLIo.html,lack
https://www.olx.pl/d/oferta/do-wynajecia-2-pokojowe-mieszkanie-58m-z-tarasem-wroclaw-CID3-ID168Lt1.html,lack
https://www.olx.pl/d/oferta/wroclaw-do-wynajecia-3-pokoje-huby-ul-przestrzenna-CID3-ID16xcv4.html,lack
https://www.olx.pl/d/oferta/duza-kawalerka-z-antresola-od-1-sierpnia-free-wifi-CID3-ID16sk6D.html,lack
https://www.olx.pl/d/oferta/3-pokojowe-mieszkanie-na-wynajem-we-wroclawiu-hallera-krzyki-CID3-ID16nmYl.html,lack
https://www.olx.pl/d/oferta/mieszkanie-3-pokoje-rozkladowe-ul-jableczna-CID3-ID16jKUd.html,lack
https://www.olx.pl/d/oferta/od-zaraz-mieszkanie-kolo-placu-grunwaldzkiego-dwa-pokoje-wyposazone-CID3-ID16f1Cz.html,lack
https://www.olx.pl/d/oferta/wynajem-mieszkania-ulica-rydygiera-CID3-ID16eZcI.html,lack
https://www.olx.pl/d/oferta/komfortowa-kawalerka-psie-pole-CID3-IDRFnoS.html,lack
https://www.olx.pl/d/oferta/kawalerka-z-aneksem-kuchennym-stare-miasto-CID3-ID16uEeY.html,lack
https://www.olx.pl/d/oferta/3-pokoje-centrum-tv-balkon-od-01-08-CID3-ID16xCYG.html,lack
https://www.olx.pl/d/oferta/do-wynajecia-3-pokoje-75m2-3000zl-1500zl-prad-CID3-ID14XEeX.html,lack
https://www.olx.pl/d/oferta/wynajme-na-lato-kawalerke-20m2-przy-ul-wyszynskiego-do-wrzesnia-CID3-ID16vYL3.html,belonging_on_street
https://www.olx.pl/d/oferta/wynajme-mieszkanie-na-krzykach-CID3-ID15m1RH.html,belonging_on_street
https://www.olx.pl/d/oferta/do-wynajecia-3-pokojowe-mieszkanie-wroclaw-dobry-dojazd-do-uczelni-CID3-ID165d6i.html,belonging_on_street
https://www.olx.pl/d/oferta/kawalerka-od-zaraz-ul-dzialdowska-kowale-CID3-ID16v9eW.html,belonging_on_street
https://www.olx.pl/d/oferta/apartament-88m2-olimpia-port-na-wynajem-CID3-ID16nfO8.html,belonging_on_street
https://www.olx.pl/d/oferta/atrakcyjne-2-pokojowe-idealna-lokalizacja-CID3-ID16lxxQ.html,belonging_on_street
https://www.olx.pl/d/oferta/wynajme-komfortowe-mieszkanie-1-pokojowe-na-ul-mieleckiej-CID3-ID16y9o2.html,belonging_on_street
https://www.olx.pl/d/oferta/mieszkanie-5-pokojowe-CID3-ID16xUlq.html,belonging_on_street
https://www.olx.pl/d/oferta/mieszkanie-5-pok-w-centrum-wroclawia-dostepne-od-lipca-wroclaw-krzyki-CID3-ID1685ux.html,belonging_on_street
https://www.olx.pl/d/oferta/ladne-rozkladowe-mieszkanie-2-pokojowe-w-ok-dubois-i-wyspy-slodowej-CID3-ID16wWtj.html,belonging_on_street
https://www.olx.pl/d/oferta/muchobor-wielki-3-pokojowe-mieszkanie-do-wynajecia-po-remoncie-CID3-ID16etU8.html,belonging_on_street
https://www.olx.pl/d/oferta/wroclaw-rakowiecka-pol-domu-90-m2-ogrod-CID3-ID16y7at.html,belonging_on_street
https://www.olx.pl/d/oferta/pokoje-na-wynajem-wroclaw-kolista-CID3-ID16BWl2.html,belonging_on_street
https://www.olx.pl/d/oferta/wynajme-mieszkanie-2-pokojowe-wroclaw-ul-trzebnicka-21-CID3-ID16tZlc.html,belonging_on_street
https://www.olx.pl/d/oferta/mieszkanie-do-wynajecia-54m-CID3-ID16zQR7.html,belonging_on_street
https://www.olx.pl/d/oferta/wynajme-kawalerke-w-centrum-wroclawia-bezposrednio-CID3-ID1394NK.html,belonging_on_street
https://www.olx.pl/d/oferta/piekna-kawalerka-kepa-mieszczanska-CID3-ID16xOMZ.html,belonging_on_street
https://www.olx.pl/d/oferta/wynajme-3-pokojowe-mieszkanie-przy-skytower-CID3-ID164RVx.html,belonging_on_street
https://www.olx.pl/d/oferta/stylowe-mieszkanie-w-kompleksie-browary-wroclawskie-2-pokoje-51m2-CID3-ID15bzli.html,belonging_on_street
https://www.olx.pl/d/oferta/wynajme-mieszkanie-biskupin-CID3-ID16nL6P.html,belonging_on_street
https://www.olx.pl/d/oferta/3-pokoje-pelen-rozklad-rozanka-CID3-ID16BTfZ.html,belonging_on_street
https://www.olx.pl/d/oferta/wynajme-mieszkanie-wroclaw-skwierzynska-blisko-skytower-CID3-ID15bzrs.html,belonging_on_street
https://www.olx.pl/d/oferta/ladna-funkcjonalna-kawalerka-do-wynajecia-soltysowicka-wroclaw-CID3-ID16pRhJ.html,belonging_on_street
https://www.olx.pl/d/oferta/kawalerka-w-centrum-cicha-CID3-ID16p1qn.html,belonging_on_street
https://www.olx.pl/d/oferta/mieszkanie-dla-pary-osobowicka-2-pokoje-38m2-CID3-ID16BXPw.html,belonging_on_street
https://www.olx.pl/d/oferta/kawalerka-do-wynejecia-kowale-dzialdowska-bez-posrednikow-45m2-CID3-ID16uGGq.html,belonging_on_street
https://www.olx.pl/d/oferta/wynajme-mieszkanie-wroclaw-zakrzow-2-pokoje-balkon-super-widok-CID3-ID16qgRC.html,belonging_on_street
https://www.olx.pl/d/oferta/mieszkanie-3-pokoje-balkon-po-remoncie-poswietne-CID3-ID13Pa7v.html,belonging_on_street
https://www.olx.pl/d/oferta/3-pokoje-64-mkw-wynajem-bajana-lokalizacja-CID3-ID16BRsA.html,belonging_on_street
https://www.olx.pl/d/oferta/wynajme-mieszkanie-2-pokojowe-gadow-maly-ul-bajana-CID3-ID16BG6I.html,belonging_on_street
https://www.olx.pl/d/oferta/kawalerka-wynajem-CID3-ID16wvPw.html,belonging_on_street
https://www.olx.pl/d/oferta/mieszkanie-4-pokojowe-w-centrum-wroclawia-plac-staszica-wolne-05-08-CID3-ID16yvUF.html,belonging_on_street
https://www.olx.pl/d/oferta/kawalarka-z-balkonem-od-wrzesnia-ul-nyska-CID3-ID16k1tf.html,belonging_on_street
https://www.olx.pl/d/oferta/funkcjonalne-mieszkanie-pabianicka-2-pokoje-CID3-ID16BtZw.html,belonging_on_street
https://www.olx.pl/d/oferta/kawalerka-grabiszynska-centrum-CID3-ID16AoEq.html,belonging_on_street
https://www.olx.pl/d/oferta/36-m2-wroclaw-zlotniki-z-ogrodkiem-CID3-ID16BDR4.html,belonging_on_street
https://www.olx.pl/d/oferta/2-pokojowe-mieszkanie-do-wynajecia-na-ksiezu-malym-CID3-ID13XNRi.html,belonging_on_street
https://www.olx.pl/d/oferta/kawalerka-jednopokojow-traugutta-centr-rynek-uniw-poli-pkp-505-843-805-CID3-IDXg8tv.html,belonging_on_street
https://www.olx.pl/d/oferta/wynajme-mieszkanie-2-pokojowe-ul-bajana-CID3-ID16xfA7.html,belonging_on_street
https://www.olx.pl/d/oferta/kawalerka-do-wynajecia-ul-jemiolowa-CID3-ID16y1d9.html,belonging_on_street
https://www.olx.pl/d/oferta/kawalerka-wroclaw-plac-grunwaldzki-wynajem-od-zaraz-CID3-ID16vjmZ.html,belonging_on_street
https://www.olx.pl/d/oferta/wynajm-mieszkanie-art-decor-CID3-ID16BwW7.html,belonging_on_street
https://www.olx.pl/d/oferta/kawalerka-do-wynajecia-wroclaw-ul-orzechowa-CID3-ID16qPAi.html,belonging_on_street
https://www.olx.pl/d/oferta/rozkladowe-3-pok-olbinska-od-01-08-z-klimatyzacja-dla-studentow-CID3-ID16Ap1Z.html,belonging_on_street
https://www.olx.pl/d/oferta/do-wynajecia-mieszkanie-1pok-ul-pomorska-CID3-ID12BEkd.html,belonging_on_street
https://www.olx.pl/d/oferta/do-wynajecia-2-pokojowe-na-sepolnie-we-wroclawiu-CID3-ID16wFvF.html,belonging_on_street
https://www.olx.pl/d/oferta/wynajme-kawalerke-CID3-ID16uzOh.html,belonging_on_street
https://www.olx.pl/d/oferta/do-wynajecia-od-zaraz-kawalerka-33m2-ul-trawowa-muchobor-CID3-ID16qAku.html,belonging_on_street
https://www.olx.pl/d/oferta/dwupokojowe-mieszkanie-45m2-ul-zlotnicka-CID3-ID164Z1a.html,belonging_on_street
https://www.olx.pl/d/oferta/mieszkanie-wynajem-stalowa-rozkladowe-CID3-ID16BnHz.html,belonging_on_street
https://www.olx.pl/d/oferta/kawalerka-wroclaw-krakowska-nowa-CID3-ID16z8IJ.html,belonging_on_street
https://www.olx.pl/d/oferta/wolny-pokoj-dla-1-osoby-wroclaw-gajowice-blisko-ch-borek-CID3-ID15Idjw.html,belonging_on_street
https://www.olx.pl/d/oferta/mieszkanie-2pokojeszczepin3ptarasik10minrynekporemkapitaln-windaminrok-CID3-ID16BRbS.html,belonging_on_street
https://www.olx.pl/d/oferta/piekna-kawalerka-kepa-mieszczanska-CID3-ID16xOsD.html,belonging_on_street
https://www.olx.pl/d/oferta/2-pokoje-wysoki-standard-bezczynszowe-CID3-ID16sS6b.html,belonging_on_street
https://www.olx.pl/d/oferta/wynajme-mieszkanie-CID3-ID16BFlz.html,belonging_on_street
https://www.olx.pl/d/oferta/wynajme-mieszkanie-2-pokojowe-CID3-ID16sRuv.html,belonging_on_street
https://www.olx.pl/d/oferta/wynajme-mieszkanie-CID3-ID16wIhl.html,belonging_on_street
https://www.olx.pl/d/oferta/mieszkanie-65m2-ul-energetyczna-3-pokoje-3-4-osoby-4000-zl-CID3-ID16uneE.html,belonging_on_street
https://www.olx.pl/d/oferta/do-wynajecia-mieszkanie-ul-jaworska-6-wroclaw-CID3-ID16wcB3.html,belonging_on_street
https://www.olx.pl/d/oferta/wynajme-mieszkanie-studentom-CID3-ID16nDNW.html,belonging_on_street
https://www.olx.pl/d/oferta/wynajem-mieszkania-ul-wandy-rutkiewicz-3-pokoje-48-m-CID3-ID16BqiV.html,belonging_on_street
https://www.olx.pl/d/oferta/kawalerka-blisko-tramwaju-bezposrednio-od-wlasciciela-zlotniki-CID3-IDDYAj0.html,belonging_on_street
https://www.olx.pl/d/oferta/2-pokojowe-mieszkanie-na-biskupinie-bez-posrednikow-CID3-ID16BoiP.html,belonging_on_street
https://www.olx.pl/d/oferta/mieszkanie-na-wynajm-45-m2-2-pokojowe-na-kowalach-CID3-ID15BnZ5.html,belonging_on_street
https://www.olx.pl/d/oferta/kawalerka-w-scislym-centrum-CID3-ID12tDLG.html,belonging_on_street
https://www.olx.pl/d/oferta/wynajme-kawalerke-CID3-ID12y2Ui.html,belonging_on_street
https://www.olx.pl/d/oferta/kawalerka-duzy-metraz-na-wynajem-wroclaw-biskupin-CID3-ID16B4tD.html,belonging_on_street
https://www.olx.pl/d/oferta/oltaszyn-straczkowa-wynajne-mieszaniezaczynam-tutaj-bo-zawsze-lepie-CID3-ID16mnoO.html,belonging_on_street
https://www.olx.pl/d/oferta/2-pokojowe-mieszkanie-na-wynajem-z-balkonem-wyposazone-od-zaraz-CID3-ID16m90q.html,belonging_on_street
https://www.olx.pl/d/oferta/sliczna-kawalerka-ul-soltysowicka-koszarowa-CID3-ID11hO0l.html,belonging_on_street
https://www.olx.pl/d/oferta/mieszkanie-od-sierpnia-na-krzykach-CID3-ID16xAmm.html,belonging_on_street
https://www.olx.pl/d/oferta/kawalerka-36m2-bajana-CID3-ID16waL0.html,belonging_on_street
https://www.olx.pl/d/oferta/4-pokoje-dla-studentow-82-m2-ul-grunwaldzka-pl-eng-ua-CID3-ID16oZoW.html,belonging_on_street
https://www.olx.pl/d/oferta/super-urzadzony-inteligentny-apartament-z-ogrodem-w-centrum-wroclawia-CID3-ID16l7Su.html,belonging_on_street
https://www.olx.pl/d/oferta/na-wynajem-mieszkanie-38-metrow-wysoki-standard-centrum-CID3-ID16rwZm.html,belonging_on_street
https://www.olx.pl/d/oferta/manganowa-3-pokoje-osiedle-zamkniete-od-zaraz-CID3-ID16xf2R.html,belonging_on_street
https://www.olx.pl/d/oferta/wynajme-mieszkanie-2-pokojowe-wroclaw-grunwaldzka-CID3-ID16vFrt.html,belonging_on_street
https://www.olx.pl/d/oferta/sloneczna-cicha-kawalerka-w-swietnej-lokalizacji-CID3-ID16nIeD.html,belonging_on_street
https://www.olx.pl/d/oferta/kawalerka-do-wynajecia-CID3-ID16jCOd.html,belonging_on_street
https://www.olx.pl/d/oferta/mieszkanie-do-wynajecia-we-wroclawiu-blisko-rynku-CID3-ID16xUzx.html,belonging_on_street
https://www.olx.pl/d/oferta/pokoj-1os-biskupin-ul-spoldzielcza-50m-przystanek-nowy-materac-CID3-ID16oSx2.html,belonging_on_street
https://www.olx.pl/d/oferta/mieszkanie-na-wynajem-we-wroclawiu-przy-ul-brzoskwiniowej-CID3-ID16jCHP.html,belonging_on_street
https://www.olx.pl/d/oferta/2-pokoje-mieszkanie-wynajem-psie-pole-soltysowice-nowe-wojaczka-CID3-ID16lmAE.html,belonging_on_street
https://www.olx.pl/d/oferta/wroclaw-wynajem-kawalerka-CID3-ID16qpum.html,belonging_on_street
https://www.olx.pl/d/oferta/wynajme-dwupokojowe-przy-kazimierza-wielkiego-CID3-ID16Boqr.html,belonging_on_street
https://www.olx.pl/d/oferta/duza-cicha-kawalerka-w-centrum-wroclawia-przy-ulicy-skwierzynskiej-CID3-ID13Zsh4.html,belonging_on_street
https://www.olx.pl/d/oferta/wynajme-2-pokojowe-mieszkanie-blisko-centrum-we-wroclawiu-CID3-ID16tabj.html,belonging_on_street
https://www.olx.pl/d/oferta/2-pokojowe-mieszkanie-krzyki-dla-studentow-CID3-ID16y14d.html,belonging_on_street
https://www.olx.pl/d/oferta/nowe-dwupokojowe-rozkladowe-wroclaw-karlowice-ul-staffa-CID3-ID15tCQI.html,belonging_on_street
https://www.olx.pl/d/oferta/mieszkanie-do-wynajecia-CID3-ID16qasf.html,belonging_on_street
https://www.olx.pl/d/oferta/mieszkanie-110-m-4-pokoje-2-balkony-plac-grunwaldzki-CID3-ID16iJJD.html,belonging_on_street
https://www.olx.pl/d/oferta/kawalerka-na-wynajem-gaj-CID3-ID16yG6w.html,belonging_on_street
https://www.olx.pl/d/oferta/kawalerka-krzyki-ul-pilawska-CID3-IDTXIBJ.html,belonging_on_street
https://www.olx.pl/d/oferta/wynajme-dwupokojowe-przy-rynku-CID3-ID16uepC.html,belonging_on_street
https://www.olx.pl/d/oferta/kawalerka-do-wynajecia-dla-symatycznego-pana-CID3-ID15Y1by.html,belonging_on_street
https://www.olx.pl/d/oferta/kawalerka-wynajem-CID3-ID16qp5X.html,belonging_on_street
https://www.olx.pl/d/oferta/kawalerka-na-wynajem-krzyki-ul-deszczowa-CID3-ID16wGXd.html,belonging_on_street
https://www.olx.pl/d/oferta/do-wynajecia-mieszkanie-30-m-wroclaw-ul-kosciuszki-CID3-ID16zNq5.html,belonging_on_street
https://www.olx.pl/d/oferta/kawalerka-na-krzykach-32-m2-pierwszy-najem-CID3-ID16xjfv.html,belonging_on_street
https://www.olx.pl/d/oferta/3-pokojowe-mieszkanie-krzyki-wynajme-powstancow-slaskich-CID3-ID16ASgE.html,belonging_on_street
https://www.olx.pl/d/oferta/mieszkanie42m2znajdujacesieprzyulicyredyckiej32-we-wroclawiu-CID3-ID16pyfk.html,belonging_on_street
https://www.olx.pl/d/oferta/twoja-kawalerka-blisko-uczelni-bez-posrednikow-CID3-ID16kGrp.html,belonging_on_street
https://www.olx.pl/d/oferta/studio-dla-1-osoby-1900-zl-bez-dodatkowych-oplat-CID3-ID16uQRV.html,belonging_on_street
https://www.olx.pl/d/oferta/wynajem-kawalerki-CID3-ID16rZMo.html,belonging_on_street
https://www.olx.pl/d/oferta/pokoj-do-wynajecia-super-lokalizacja-CID3-ID11LEbn.html,belonging_on_street
https://www.olx.pl/d/oferta/wygodny-wjazd-garaz-inzynierska-wroclaw-CID3-ID16mhd1.html,belonging_on_street
https://www.olx.pl/d/oferta/kawalerka-stablowice-28m2-CID3-ID16Bgx5.html,belonging_on_street
https://www.olx.pl/d/oferta/mieszkanie-na-wynajem-spizowa-CID3-ID16mi4N.html,belonging_on_street
https://www.olx.pl/d/oferta/wolne-od-sierpnia-kawalerka-wynajem-grunwald-norwida-2300-CID3-ID10X1zm.html,belonging_on_street
https://www.olx.pl/d/oferta/mieszkania-do-wynajecia-we-wroclawiu-CID3-ID15vQ9M.html,belonging_on_street
https://www.olx.pl/d/oferta/mieszkanie-kawalerka-na-wynajem-soltysowice-36-6m-CID3-ID13qG0h.html,belonging_on_street
https://www.olx.pl/d/oferta/pokoj-do-wynajecia-CID3-ID16c2c9.html,belonging_on_street
https://www.olx.pl/d/oferta/kawalerka-25m2-1-pietro-l-kowale-CID3-ID14bSo9.html,belonging_on_street
https://www.olx.pl/d/oferta/mieszkanie-3-pokojowe-na-ul-zeromskiego-CID3-ID16snIk.html,belonging_on_street
https://www.olx.pl/d/oferta/mieszkanie-do-wynajecia-CID3-ID16q7Xu.html,belonging_on_street
https://www.olx.pl/d/oferta/kawalerka-z-sypialnia-36m2-wroclaw-centrum-do-wynajecia-od-07-2025-CID3-ID16hZ1U.html,belonging_on_street
https://www.olx.pl/d/oferta/dwupokojowe-mieszkanie-na-brochowie-wynajme-dlugo-i-krotkoterminowo-CID3-ID13CcDa.html,belonging_on_street
https://www.olx.pl/d/oferta/wynajme-mieszkanie-plac-grunwaldzki-CID3-ID15Wh9M.html,belonging_on_street
https://www.olx.pl/d/oferta/kawalerka-z-parkingiem-i-piwnica-ul-na-ostatnim-groszu-CID3-ID16zuT5.html,belonging_on_street
https://www.olx.pl/d/oferta/grabiszynek-3pok-61m2-osobno-kuchnia-2500-oplaty-CID3-ID16fT4b.html,belonging_on_street
https://www.olx.pl/d/oferta/wynajme-mieszkanie-3-pok-na-popowicachh-CID3-ID16yQFs.html,belonging_on_street
https://www.olx.pl/d/oferta/kawalerka-ul-kosciuszki-do-wynajecia-CID3-ID15FZn1.html,belonging_on_street
https://www.olx.pl/d/oferta/mieszkanie-2-pokojowe-do-wynajecia-ul-miernicza-przedmiescie-olawskie-CID3-ID16AYf4.html,belonging_on_street
https://www.olx.pl/d/oferta/nowoczesna-kawalerka-35m2-wojnow-strachocin-CID3-ID16yX1a.html,belonging_on_street
https://www.olx.pl/d/oferta/wynajme-mieszkanie-2-pokoje-38-m-CID3-ID16nDX9.html,belonging_on_street
https://www.olx.pl/d/oferta/mieszkanie-do-wynajecia-CID3-ID12cunb.html,belonging_on_street
https://www.olx.pl/d/oferta/trzypokojowe-mieszkanie-do-wynajecia-fat-grabiszynska-3-pokoje-CID3-ID16A0A1.html,belonging_on_street
https://www.olx.pl/d/oferta/nowa-kolo-rynku-niskie-oplaty-0-prowizji-promocja-dla-par-CID3-ID16hNsa.html,belonging_on_street
https://www.olx.pl/d/oferta/2-pokojowe-mieszkanie-do-wynajecia-CID3-ID16kaTg.html,belonging_on_street
https://www.olx.pl/d/oferta/2-pok-balkon-krzyki-skarbowcow-od-01-08-CID3-ID16zpVT.html,belonging_on_street
https://www.olx.pl/d/oferta/do-wynajecia-kawalerka-przy-parku-poludniowym-CID3-ID16rVaX.html,belonging_on_street
https://www.olx.pl/d/oferta/do-wynajecia-kawalerka-CID3-ID16jY7N.html,belonging_on_street
https://www.olx.pl/d/oferta/do-wynajecia-mieszkanie-2-pokoje-teatralna-scisle-centrum-wroclaw-CID3-ID14u0Af.html,belonging_on_street
https://www.olx.pl/d/oferta/mieszkanie-kawalerka-ul-wyszynskiego-srodmiescie-CID3-ID16ATex.html,belonging_on_street
https://www.olx.pl/d/oferta/duza-kawalerka-z-ogrodkiem-pierwszy-wynajem-CID3-ID16kNtp.html,belonging_on_street
https://www.olx.pl/d/oferta/wynajme-przestronna-kawalerke-w-centrum-wroclawia-z-duzym-tarasem-CID3-ID16uZgR.html,belonging_on_street
https://www.olx.pl/d/oferta/przestronna-kawalerka35m2-krzyki-gaj-ul-stronska-CID3-ID16vDQl.html,belonging_on_street
https://www.olx.pl/d/oferta/zarezerwowane-kawalerka-na-wynajem-wroclaw-CID3-ID16xZxB.html,belonging_on_street
https://www.olx.pl/d/oferta/wynajme-mieszkanie-dwa-pokoje-ul-wilanowska-zakrzow-wroclaw-CID3-ID12aAOC.html,belonging_on_street
https://www.olx.pl/d/oferta/mieszkanie-dwupokojowe-do-wynajecia-centrum-CID3-ID16rRld.html,belonging_on_street
https://www.olx.pl/d/oferta/mieszkanie-na-wynajem-muchobor-wielki-CID3-ID16u2sM.html,belonging_on_street
https://www.olx.pl/d/oferta/do-wynajecia-mieszkanie-2-pokoje-36-m-kozanow-CID3-ID16szwM.html,belonging_on_street
https://www.olx.pl/d/oferta/kawalerka-inowroclawska-CID3-ID16yvRC.html,belonging_on_street
https://www.olx.pl/d/oferta/mieszkanie-obok-ul-jednosci-narodowej-CID3-ID15EJyw.html,belonging_on_street
https://www.olx.pl/d/oferta/bezposrednio-2-pok-mieszkanie-wroclaw-krzyki-CID3-ID16zQpq.html,belonging_on_street
https://www.olx.pl/d/oferta/mieszkanie-z-ogrodkiem-ul-slezna-wroclaw-od-08-2025-do-07-2026-CID3-ID16xwa2.html,belonging_on_street
https://www.olx.pl/d/oferta/mieszkanie-do-wynajecia-CID3-ID16zWQI.html,belonging_on_street
https://www.olx.pl/d/oferta/do-wynajecia-kawalerka-CID3-ID16zwUM.html,belonging_on_street
https://www.olx.pl/d/oferta/mieszkanie-do-wynajecia-CID3-ID16AOSs.html,belonging_on_street
https://www.olx.pl/d/oferta/mieszkanie-2-pokojowe-36-m2-na-ul-skwierzynskiej-juz-dostepne-CID3-ID16AGhF.html,belonging_on_street
https://www.olx.pl/d/oferta/kawalerka-wroclaw-wynajem-CID3-ID16eZzn.html,belonging_on_street
https://www.olx.pl/d/oferta/przytulna-kawalerka-CID3-ID16uW4V.html,belonging_on_street
https://www.olx.pl/d/oferta/mieszkanie-1-pokojowe-w-poblizu-centrum-wroclawia-CID3-ID162lCe.html,belonging_on_street
https://www.olx.pl/d/oferta/mieszkanie-dwupokojowe-42m-ul-jableczna-pelen-rozklad-CID3-ID16iKYR.html,belonging_on_street
https://www.olx.pl/d/oferta/2-pokoje-z-balkonem-pets-friendly-magnolia-park-CID3-ID16ePDB.html,belonging_on_street
https://www.olx.pl/d/oferta/mieszkanie-do-wynajecia-wroclaw-pl-staszica-od-01-08-2025-CID3-ID16yw2s.html,belonging_on_street
https://www.olx.pl/d/oferta/mieszkanie-3-pokojowe-w-centrum-CID3-ID16rLwG.html,belonging_on_street
https://www.olx.pl/d/oferta/3-pokojowe-mieszkanie-na-wynajem-centrum-szczepin-CID3-ID16wqQP.html,belonging_on_street
https://www.olx.pl/d/oferta/kawalerka-33m2-na-kozanowie-CID3-ID16ojvx.html,belonging_on_street
https://www.olx.pl/d/oferta/komfortowy-apartament-w-zielonej-czesci-wroclawia-CID3-ID16qW8U.html,belonging_on_street
https://www.olx.pl/d/oferta/3-pokojowe-mieszkanie-do-wynajecia-okolice-ul-grabiszynska-hallera-CID3-IDWGH0w.html,belonging_on_street
https://www.olx.pl/d/oferta/mieszkanie-do-wynajecia-centrum-wroclawia-CID3-ID16uB7a.html,belonging_on_street
https://www.olx.pl/d/oferta/sliczna-kawalerka-ul-soltysowicka-koszarowa-CID3-ID16v4p7.html,belonging_on_street
https://www.olx.pl/d/oferta/mieszkanie-obok-2-parkow-42m-CID3-ID16uA2S.html,belonging_on_street
https://www.olx.pl/d/oferta/mieszkanie-z-ogrodkiem-piwnica-i-miejscem-parkingowym-CID3-ID168qj0.html,belonging_on_street
https://www.olx.pl/d/oferta/piekne-2-pok-34-m2-grabiszyn-bez-posrednikow-umeblowane-CID3-ID16vwy2.html,belonging_on_street
https://www.olx.pl/d/oferta/do-wynajecia-mieszkanie-80-metrow-z-tarasem-CID3-ID16ARE6.html,belonging_on_street
https://www.olx.pl/d/oferta/wynajme-mieszkanie-jedno-pokojowe-CID3-ID164Nhc.html,belonging_on_street
https://www.olx.pl/d/oferta/4-pokojowe-mieszkanie-ul-legnicka-CID3-ID140CvR.html,belonging_on_street
https://www.olx.pl/d/oferta/mieszkanie-do-wynajecia-2-pokoje-kozanow-CID3-ID16zsdn.html,belonging_on_street
https://www.olx.pl/d/oferta/ul-powstancow-sl-oddzielna-kuchnia-agd-meble-wanna-CID3-ID163Iea.html,belonging_on_street
https://www.olx.pl/d/oferta/luksusowy-mikro-apartament-plac-grunwaldzki-CID3-ID16xFIw.html,belonging_on_street
https://www.olx.pl/d/oferta/kawalerka-we-wroclawiu-CID3-ID146twa.html,belonging_on_street
https://www.olx.pl/d/oferta/wynajem-2-pok-mieszk-42m2-ul-kowarzykaposwietne-komorka-lokatorska-CID3-ID15GHr5.html,belonging_on_street
https://www.olx.pl/d/oferta/kawalerka-ul-graniczna-CID3-ID16keH6.html,belonging_on_street
https://www.olx.pl/d/oferta/kawalerka-apartamenty-strzegomska-CID3-ID16uFkG.html,belonging_on_street
https://www.olx.pl/d/oferta/mieszkanie-do-wynajecia-gaj-wroclaw-studenckie-blisko-uczelni-CID3-ID16xsps.html,belonging_on_street
https://www.olx.pl/d/oferta/do-wynajecia-mieszkanie-5-pietro-CID3-ID16w97b.html,belonging_on_street
https://www.olx.pl/d/oferta/do-wynajecia-mieszkanie-w-kamienicy-ul-krakowska-armii-krajowej-CID3-ID16mJQz.html,belonging_on_street
https://www.olx.pl/d/oferta/nowe-mieszkanie-kawalerka-do-wynajecia-CID3-ID16q4wj.html,belonging_on_street
https://www.olx.pl/d/oferta/mieszkanie-stanislawskiego-bez-posrednikow-CID3-ID16r3U4.html,belonging_on_street
https://www.olx.pl/d/oferta/wynajme-mieszkanie-kawalerka-blisko-skytower-balkon-garderoba-28m2-CID3-ID16yX96.html,belonging_on_street
https://www.olx.pl/d/oferta/mieszkanie-do-wynajecia-psie-pole-ul-kurlandzka-26-CID3-ID12qVyq.html,belonging_on_street
https://www.olx.pl/d/oferta/mieszkanie-3-pokojowe-z-tarasem-wsrod-zieleni-83-mkw-szpital-borowska-CID3-ID16zEqy.html,belonging_on_street
https://www.olx.pl/d/oferta/wynajme-mieszkanie-64-m2-gaj-jableczna-wroclaw-CID3-ID16zyZD.html,belonging_on_street
https://www.olx.pl/d/oferta/wynajme-mieszkanie-wroclaw-ul-klimasa-CID3-ID16fprB.html,belonging_on_street
https://www.olx.pl/d/oferta/wynajme-mieszkanie-18m-2-ul-soltysowicka-CID3-ID16p8Rb.html,belonging_on_street
https://www.olx.pl/d/oferta/do-wynajecia-dwupokojowe-mieszkanie-na-karlowicach-CID3-ID16yjiK.html,belonging_on_street
https://www.olx.pl/d/oferta/do-wynajecia-mieszkanie-5-pokojowe-przy-magnolii-CID3-ID16APsH.html,belonging_on_street
https://www.olx.pl/d/oferta/centrum-wroclaw-rynek-wynajme-bez-posrednikow-CID3-ID16qJvl.html,belonging_on_street
https://www.olx.pl/d/oferta/mieszkanie-na-wynajem-3-pok-57m2-popowice-CID3-ID15vmPZ.html,belonging_on_street
https://www.olx.pl/d/oferta/mieszkanie-do-wynajecia-CID3-ID16wohx.html,belonging_on_street
https://www.olx.pl/d/oferta/do-wynajecia-mieszkanie-dwupokojowe-CID3-ID15XNbg.html,belonging_on_street
https://www.olx.pl/d/oferta/ul-uznanskiego-meble-agd-rozklad-balkon-wolne-od-zaraz-CID3-ID16eOgL.html,belonging_on_street
https://www.olx.pl/d/oferta/wynajem-mieszkania-CID3-ID15yYjk.html,belonging_on_street
https://www.olx.pl/d/oferta/mieszkanie-2-pokojowe-stablowice-43m2-klimatyzacja-CID3-ID16uO9A.html,belonging_on_street
https://www.olx.pl/d/oferta/stylowe-mieszkanie-z-antresola-i-balkonem-do-wynajecia-bez-prowizji-CID3-IDSvMG8.html,belonging_on_street
https://www.olx.pl/d/oferta/wynajme-mieszkanie-5-pokojowe-ul-malopanewska-CID3-ID16APmS.html,belonging_on_street
https://www.olx.pl/d/oferta/wynajme-2-pokojowe-mieszkanie-na-osiedlu-nowe-zerniki-we-wroclawiu-CID3-ID16yOtf.html,belonging_on_street
https://www.olx.pl/d/oferta/piekne-mieszkanie-do-wynajecia-CID3-ID16ot7r.html,belonging_on_street
https://www.olx.pl/d/oferta/do-wynajecia-kawalerka-przy-ul-wybrzeze-pasteura-dzielnica-srodmiescie-CID3-ID15t2w4.html,belonging_on_street
https://www.olx.pl/d/oferta/2pokoje-z-kuchnia-rezerwacja-CID3-ID13vqWy.html,belonging_on_street
https://www.olx.pl/d/oferta/wynajme-mieszkanie-we-wroclawiu-przy-ul-sleznej-CID3-ID14du8o.html,belonging_on_street
https://www.olx.pl/d/oferta/mieszkanko-na-wynajem-25m2-centrum-parter-CID3-ID16vcSB.html,belonging_on_street
https://www.olx.pl/d/oferta/wynajme-2-pokojowe-dla-studentow-CID3-ID16qMMk.html,belonging_on_street
https://www.olx.pl/d/oferta/3-pokoje-na-gaju-ul-klodzka-CID3-ID16vODl.html,belonging_on_street
https://www.olx.pl/d/oferta/2-pokojowe-mieszkanie-wroclaw-osiedle-sobieskiego-CID3-ID11Njqh.html,belonging_on_street
https://www.olx.pl/d/oferta/sloneczna-kawalerka-w-swietnej-lokalizacji-CID3-ID16s46h.html,belonging_on_street
https://www.olx.pl/d/oferta/mieszkanie-2-pokojowe-na-wynajem-od-sierpnia-na-hubach-CID3-ID16wvrC.html,belonging_on_street
https://www.olx.pl/d/oferta/wynajme-mieszkanie-CID3-ID14AXGE.html,belonging_on_street
https://www.olx.pl/d/oferta/wygodny-apartament-w-centrum-kepa-mieszczanska-dmowskiego-CID3-ID167B9F.html,belonging_on_street
https://www.olx.pl/d/oferta/wynajme-przytulne-mieszkanie-na-polance-CID3-ID16lLn0.html,belonging_on_street
https://www.olx.pl/d/oferta/przestronne-mieszkanie-na-biskupinie-ul-brandta-CID3-ID15hEr3.html,belonging_on_street
https://www.olx.pl/d/oferta/2-pokojowe-ul-strzegomska-51-okolica-business-garden-dsw-CID3-ID16zvh6.html,belonging_on_street
https://www.olx.pl/d/oferta/4-pokojowe-rozkladowe-ul-kasprowicza-4500-zl-calosc-3km-od-rynku-CID3-ID16rcQz.html,belonging_on_street
https://www.olx.pl/d/oferta/mieszkanie-53-m2-na-biskupinie-zarezerwowane-CID3-ID16xVz6.html,belonging_on_street
https://www.olx.pl/d/oferta/mieszkanie-dla-pary-lub-singla-CID3-ID16oeWB.html,belonging_on_street
https://www.olx.pl/d/oferta/wynajem-kawalerki-studio-centrum-wroclaw-CID3-ID138XRh.html,belonging_on_street
https://www.olx.pl/d/oferta/kawalerka-20m2-przy-ul-grabiszynskiej-pl-legionow-CID3-ID14bTug.html,belonging_on_street
https://www.olx.pl/d/oferta/do-wynajecia-2-pokojowe-mieszkanie-ul-kruszwicka-pl-strzegomski-CID3-ID16lNH9.html,belonging_on_street
https://www.olx.pl/d/oferta/mieszkanie-do-wynajecia-CID3-ID16n62U.html,belonging_on_street
https://www.olx.pl/d/oferta/mieszkanie-do-wynajecia-w-centrum-wroclawia-CID3-ID16pZqc.html,belonging_on_street
https://www.olx.pl/d/oferta/2-pokojowe-mieszkanie-krzyki-CID3-ID12R2Z3.html,belonging_on_street
https://www.olx.pl/d/oferta/twoja-kawalerka-blisko-uczelni-bez-posrednikow-CID3-ID16jNHX.html,belonging_on_street
https://www.olx.pl/d/oferta/apartament-nowa-papiernia-z-balkonem-CID3-ID16wGoq.html,belonging_on_street
https://www.olx.pl/d/oferta/przytulne-3-pok-mieszkanie-balkon-CID3-ID16rpVg.html,belonging_on_street
https://www.olx.pl/d/oferta/wolne-od-1-08-2025-mieszkanie-ul-nowodworska-39-nowy-dwor-CID3-ID16nKPx.html,belonging_on_street
https://www.olx.pl/d/oferta/wynajme-kuzniki-dostepne-01-7-2500-CID3-ID16mBf4.html,belonging_on_street
https://www.olx.pl/d/oferta/nowa-kawalerka-z-balkonem-zeromskiego-51-srodmiescie-wysoki-standard-CID3-ID164bna.html,belonging_on_street
https://www.olx.pl/d/oferta/wynajme-studentom-lub-osoba-pracujacym-od-zaraz-2-osobowy-pokoj-CID3-ID12G5X7.html,belonging_on_street
https://www.olx.pl/d/oferta/wynajme-mieszkanie-2-pokoje-z-balkonem-obok-pl-grunwaldzkiego-CID3-ID12rZ6Y.html,belonging_on_street
https://www.olx.pl/d/oferta/krotkoterminowe-wynajem-max-6-osob-CID3-ID16sNci.html,belonging_on_street
https://www.olx.pl/d/oferta/jaworska-26m2-od-zaraz-dobry-standard-fvat-CID3-ID16g7bd.html,belonging_on_street
https://www.olx.pl/d/oferta/3-przestronne-pokoje-z-osobna-i-duza-kuchnia-ul-bajana-CID3-ID15jFmb.html,belonging_on_street
https://www.olx.pl/d/oferta/wynajme-mieszkanie-CID3-ID16ktgn.html,belonging_on_street
https://www.olx.pl/d/oferta/2-oddzielne-pokoje-ul-soltysowicka-koszarowa-CID3-ID1676iO.html,belonging_on_street
https://www.olx.pl/d/oferta/kawalerka-27-m2-srodmiescie-ul-reja-2600-zl-za-calosc-CID3-ID16rRNZ.html,belonging_on_street
https://www.olx.pl/d/oferta/33m2-z-oddzielna-kuchnia-przy-rondzie-lotnikow-psie-pole-CID3-ID16xMmR.html,belonging_on_street
https://www.olx.pl/d/oferta/3-pokoje-ul-grabiszynska-darmowy-internet-od-polowy-lipca-CID3-ID16lhAC.html,belonging_on_street
https://www.olx.pl/d/oferta/kawalerka-chetnie-sie-wynajmie-na-miesiac-dwa-trzy-przy-sky-tower-CID3-ID13G5CU.html,belonging_on_street
https://www.olx.pl/d/oferta/mieszkanie-na-wynajem-3-pokojowe-na-ul-wieczystej-w-pelni-wyposazone-CID3-ID16nvxL.html,belonging_on_street
https://www.olx.pl/d/oferta/wynajem-mieszkania-3-pokojowego-wroclaw-ul-balzaka-oporow-CID3-ID16iU0p.html,belonging_on_street
https://www.olx.pl/d/oferta/wynajme-mieszkanie-przy-ulicy-zawalnej-CID3-ID16uiA4.html,belonging_on_street
https://www.olx.pl/d/oferta/kawalerka-1-pietro-balkon-kuchnia-salon-garderoba-CID3-ID16xDXO.html,belonging_on_street
https://www.olx.pl/d/oferta/oltaszyn-2pok-50m2-rozkladowe-w-domu-jednorodz-2600-oplaty500zl-CID3-ID16fUaY.html,belonging_on_street
https://www.olx.pl/d/oferta/idealne-dla-singla-lub-pary-studio-potokowa-maslice-CID3-ID13WvrF.html,belonging_on_street
https://www.olx.pl/d/oferta/2pok-pilsudskiego-podwale-renoma-rynek-CID3-ID15ce1k.html,belonging_on_street
https://www.olx.pl/d/oferta/3-pokojowe-mieszkanie-do-wynajecia-CID3-ID12h517.html,belonging_on_street
https://www.olx.pl/d/oferta/dwupokojowe-mieszkanie-na-wynajem-CID3-ID161oVd.html,belonging_on_street
https://www.olx.pl/d/oferta/wynajme-2pok-56m2-stare-miasto-ul-pochyla-winda-2-balkony-CID3-ID16q9g5.html,belonging_on_street
https://www.olx.pl/d/oferta/mieszkanie-1-pokojowe-23m2-ul-gornicza-53-pietro-3-media-miejskie-CID3-ID16AddM.html,belonging_on_street
https://www.olx.pl/d/oferta/pokoj-z-kuchnia-swiezo-po-remoncie-2000-zl-w-tym-media-gaz-prad-CID3-ID16oPlN.html,belonging_on_street
https://www.olx.pl/d/oferta/wroclaw-mieszkanie-3-pokojowe-przy-aquaparku-CID3-ID16vaIr.html,belonging_on_street
https://www.olx.pl/d/oferta/do-wynajecia-2-pokojowe-mieszkanie-na-osiedlu-popowice-CID3-ID16pMqT.html,belonging_on_street
https://www.olx.pl/d/oferta/mieszkanie-dwupoziomowe-40-25-CID3-ID16up1K.html,belonging_on_street
https://www.olx.pl/d/oferta/wynajme-3-pokoje-na-browarach-wroclawskich-CID3-ID16syE3.html,belonging_on_street
https://www.olx.pl/d/oferta/83m2-mieszkanie-4-pokojowe-6500-zl-wszystko-gadow-CID3-ID15VA41.html,belonging_on_street
https://www.olx.pl/d/oferta/mieszkanie-na-wynajem-2-pokoje-ul-sliczna-krzyki-CID3-IDI3bRq.html,belonging_on_street
https://www.olx.pl/d/oferta/kawalerka-do-wynajecia-CID3-ID16v69q.html,belonging_on_street
https://www.olx.pl/d/oferta/komfortowe-mieszkanie-1-pokojowe-przy-placu-dominikanskim-CID3-ID16x6su.html,belonging_on_street
https://www.olx.pl/d/oferta/mieszkanie-3-pokojowe-na-wynajem-CID3-ID16wxq3.html,belonging_on_street
https://www.olx.pl/d/oferta/kawalerka-przy-tarasach-grabiszynskichh-CID3-ID11tCqU.html,belonging_on_street
https://www.olx.pl/d/oferta/przytulne-mieszkanie-na-rozance-z-balkonem-CID3-ID16y8dt.html,belonging_on_street
https://www.olx.pl/d/oferta/mieszkanie-3-pokojowe-z-balkonem-na-zielonym-osiedlu-we-wroclawiu-CID3-ID16nNxu.html,belonging_on_street
https://www.olx.pl/d/oferta/atrakcyjne-mieszkanie-na-wynajem-CID3-ID16yR1H.html,belonging_on_street
https://www.olx.pl/d/oferta/klecina-dozynkowa-8d-miejsce-post-balkon-CID3-ID16vwLk.html,belonging_on_street
https://www.olx.pl/d/oferta/kawalerka-po-remoncie-muchobor-wielki-ul-godlewskiego-30m2-CID3-ID16udNS.html,belonging_on_street
https://www.olx.pl/d/oferta/4-pokojowe-rozkladowe-ul-kasprowicza-4800-zl-calosc-3km-od-rynku-CID3-ID16rcl5.html,belonging_on_street
https://www.olx.pl/d/oferta/do-wynajecia-komfortowe-wyposazone-dwupokojowe-mieszkanie-CID3-ID16jcFG.html,belonging_on_street
https://www.olx.pl/d/oferta/mieszkanie-muchobor-wielki-CID3-ID16yaGA.html,belonging_on_street
https://www.olx.pl/d/oferta/do-wynajecia-mieszkanie-wroclaw-ul-szczytnicka-2-pokoje-CID3-ID16x9eK.html,belonging_on_street
https://www.olx.pl/d/oferta/jasne-mieszkanie-3-pokojowe-nieopodal-magnolia-park-dobra-komunikacja-CID3-ID16xsc3.html,belonging_on_street
https://www.olx.pl/d/oferta/2-pokoje-jableczna-pelen-rozklad-bez-prowizji-CID3-ID160WcK.html,belonging_on_street
https://www.olx.pl/d/oferta/wynajme-mieszkanie-2-pokoje-65m-kredka-i-olowek-CID3-ID162XOE.html,belonging_on_street
https://www.olx.pl/d/oferta/wynajme-2-pokojowe-mieszkanie-CID3-ID15LFwC.html,belonging_on_street
https://www.olx.pl/d/oferta/mieszkanie-2-pokojowe-wroclaw-w-poblizu-uwr-CID3-ID168CIG.html,belonging_on_street
https://www.olx.pl/d/oferta/kawalerka-wolna-od-1-sierpnia-dla-singla-lub-pary-pracujacej-CID3-ID16rKrQ.html,belonging_on_street
https://www.olx.pl/d/oferta/kawalerka-kozanow-CID3-ID16fpiw.html,belonging_on_street
https://www.olx.pl/d/oferta/wynajme-mieszkanie-w-bloku-w-centrum-wroclawia-CID3-ID16qk8d.html,belonging_on_street
https://www.olx.pl/d/oferta/mieszkanie-45m2-2-pok-wroclaw-jagielly-5-CID3-ID16qGZT.html,belonging_on_street
https://www.olx.pl/d/oferta/mieszkanie-do-wynajecia-55m2-CID3-ID12Gskl.html,belonging_on_street
https://www.olx.pl/d/oferta/mieszkanie-2-pokojowe-ul-slowianska-od-1-08-CID3-ID16rnO8.html,belonging_on_street
https://www.olx.pl/d/oferta/wynajme-mieszkanie-3-pokojwe-CID3-ID16i4pd.html,belonging_on_street
https://www.olx.pl/d/oferta/kawalerka-na-wynajem-boczna-grabiszynskiej-CID3-ID16zoSl.html,belonging_on_street
https://www.olx.pl/d/oferta/wynajme-mieszkanie-62m2-na-al-wisniowej-przy-powst-slaskich-CID3-ID16s5SM.html,belonging_on_street
https://www.olx.pl/d/oferta/wynajme-mieszkanie-studenckie-we-wroclawiu-42-00-m2-CID3-ID166Oyu.html,belonging_on_street
https://www.olx.pl/d/oferta/dwupoziomowe-mieszkanie-80-m2-wroclaw-zalesie-CID3-ID16vJac.html,belonging_on_street
https://www.olx.pl/d/oferta/kawalerka-z-tarasem-plac-kromera-CID3-ID16gqin.html,belonging_on_street
https://www.olx.pl/d/oferta/wynajem-zerniki-2-pokoje-51m-CID3-ID16lPQ6.html,belonging_on_street
https://www.olx.pl/d/oferta/kawalerka-29-m2-ii-pietro-miejsce-postojowe-ul-gorlicka-CID3-ID16xaJV.html,belonging_on_street
https://www.olx.pl/d/oferta/kawalerka-do-wynajecia-CID3-ID15VHl0.html,belonging_on_street
https://www.olx.pl/d/oferta/przytulne-klimatyzowane-2-pokojowe-mieszkanie-przy-sky-tower-CID3-ID16ryJv.html,belonging_on_street
https://www.olx.pl/d/oferta/umeblowana-kawalerka-do-wynajecia-CID3-ID16kvgs.html,belonging_on_street
https://www.olx.pl/d/oferta/mieszkanie-2-pokojowe-do-wynajecia-2-700zl-CID3-ID14Wgxi.html,belonging_on_street
https://www.olx.pl/d/oferta/mieszkanie-2-pokoje-47-m2-przedmiescie-olawskie-CID3-IDX786s.html,belonging_on_street
https://www.olx.pl/d/oferta/mieszkanie-do-wynajecia-CID3-IDDdg3T.html,belonging_on_street
https://www.olx.pl/d/oferta/mieszkanie-35-m2-wroclaw-CID3-ID12cm79.html,belonging_on_street
https://www.olx.pl/d/oferta/kawalerka-wolnostojaca-do-wynajecia-stablowice-ul-gorecka-CID3-ID167hrF.html,belonging_on_street
https://www.olx.pl/d/oferta/apartament-2-pokojowy-z-tarasem-wroclaw-stablowice-CID3-ID14KI2M.html,belonging_on_street
https://www.olx.pl/d/oferta/3-pokoje-47-m-wroclaw-krzyki-po-remoncie-3000-zl-oplaty-CID3-ID16x4pJ.html,belonging_on_street
https://www.olx.pl/d/oferta/wynajme-mieszkanie-2-pokoje-33m2-balkon-umeblowane-wroclaw-muchobor-CID3-ID16rZl4.html,belonging_on_street
https://www.olx.pl/d/oferta/wynajmie-mieszkanie-2-pokoje-widna-kuchnia-wysoki-parter-logia-CID3-ID15T3zM.html,belonging_on_street
https://www.olx.pl/d/oferta/mieszkanie-48m2-szczepin-blisko-centrum-CID3-ID16wKgA.html,belonging_on_street
https://www.olx.pl/d/oferta/przestrzenna-sloneczna-kawalerka-36-7m-wroclaw-srodmiescie-CID3-ID15rorn.html,belonging_on_street
https://www.olx.pl/d/oferta/mieszkanie-w-centrum-ciche-2-pokojowe-rozkladowe-41m2-CID3-ID135Hr5.html,belonging_on_street
https://www.olx.pl/d/oferta/przytulne-mieszkanie-partet-muchobr-maly-CID3-ID16gkKe.html,belonging_on_street
https://www.olx.pl/d/oferta/kawalerka-34m2-jagodno-krzyki-ul-wagnera-bezposrednio-CID3-ID16fr0p.html,belonging_on_street
https://www.olx.pl/d/oferta/mieszkanie-2-pokojowe-hallera-50m2-blisko-borka-rozkladowe-CID3-ID16gNWb.html,belonging_on_street
https://www.olx.pl/d/oferta/mieszkanie-dwupokojowe-typu-loft-CID3-ID167DoI.html,belonging_on_street
https://www.olx.pl/d/oferta/mieszkanie-do-wynajecia-3-pokojowe-w-centrum-10-minut-do-rynku-CID3-ID16oNVo.html,belonging_on_street
https://www.olx.pl/d/oferta/wynajme-dla-max-5-os-mieszkanie-ul-stysia-31-pow-56m2-CID3-ID16z8UK.html,belonging_on_street
https://www.olx.pl/d/oferta/mieszkanie-dwu-pokojowe-we-wroclawiu-CID3-ID15ZQjs.html,belonging_on_street
https://www.olx.pl/d/oferta/duze-mieszkanie-wolne-strachocin-bez-kaucji-CID3-ID159o3A.html,belonging_on_street
https://www.olx.pl/d/oferta/kawalerka-na-oporowie-CID3-ID1358u1.html,belonging_on_street
https://www.olx.pl/d/oferta/mieszkanie-72m2-czynsz-2900-CID3-ID16xsie.html,belonging_on_street
https://www.olx.pl/d/oferta/glogowska-szczepin-2-osobne-pok-oddzielna-kuchnia-od-sierpnia-CID3-ID16wC5X.html,belonging_on_street
https://www.olx.pl/d/oferta/kawalerka-wroclaw-muchobor-wielki-CID3-ID16iyhq.html,belonging_on_street
https://www.olx.pl/d/oferta/mieszkanie-2-pokojowe-wroclaw-CID3-ID15Y4x4.html,belonging_on_street
https://www.olx.pl/d/oferta/mieszkanie-2-pokojowe-z-parkingiem-na-gaju-CID3-ID16xg4J.html,belonging_on_street
https://www.olx.pl/d/oferta/2-pokojowe-mieszkanie-na-nowym-dworze-CID3-ID165bBy.html,belonging_on_street
https://www.olx.pl/d/oferta/wroclaw-rozanka-mieszkanie-4-pokoje-wynajem-3200-zl-plus-media-CID3-ID16jrgl.html,belonging_on_street
https://www.olx.pl/d/oferta/2-pok-oddzielna-kuchnia-super-lokalizacja-w-centum-okolice-pl-bema-CID3-IDRFf5t.html,belonging_on_street
https://www.olx.pl/d/oferta/przytulne-2-pokojowe-mieszkanie-magnolia-astra-drzewieckiego-CID3-ID16ySMk.html,belonging_on_street
https://www.olx.pl/d/oferta/mieszkanie-na-wynajem-3-pokojowe-ul-krynicka-CID3-ID16y0LV.html,belonging_on_street
https://www.olx.pl/d/oferta/mieszkanie-2-pokoje-46m2-klima-po-remoncie-taras-CID3-ID16oXTq.html,belonging_on_street
https://www.olx.pl/d/oferta/kawalerka-nowe-zerniki-pasaz-radinga-CID3-ID16bCv4.html,belonging_on_street
https://www.olx.pl/d/oferta/mieszkanie-2-pokojowe-wroclaw-klecina-45-m-kw-media-w-cenie-CID3-ID16sere.html,belonging_on_street
https://www.olx.pl/d/oferta/mieszkanie-85m-2-sypialnie-salon-2-x-miejsce-postojowe-CID3-ID124psa.html,belonging_on_street
https://www.olx.pl/d/oferta/mieszkanie-oltaszyn-100-m2-CID3-ID13J5m3.html,belonging_on_street
https://www.olx.pl/d/oferta/mieszkanie-do-wynajecia-rozkladowe-nowe-budownictwo-grabiszynska-CID3-ID16yjjo.html,guarded
https://www.olx.pl/d/oferta/elegancki-apartament-3-pokojowy-swietna-komunikacja-CID3-ID16pFBk.html,guarded
https://www.olx.pl/d/oferta/legnicka-popowice-magnolia-bez-posrednikow-CID3-ID16nNHd.html,guarded
https://www.olx.pl/d/oferta/sloneczny-i-przestronny-apartament-blisko-rynku-CID3-ID16t5si.html,guarded
https://www.olx.pl/d/oferta/mieszkanie-do-wynajecia-CID3-ID16BANL.html,guarded
https://www.olx.pl/d/oferta/nowa-duza-kawalerka-z-wydzielonym-miejscem-do-spania-CID3-ID16olys.html,guarded
https://www.olx.pl/d/oferta/mieszkanie-do-wynajecia-CID3-ID16wgbo.html,guarded
https://www.olx.pl/d/oferta/dwupokojowe-50m-blisko-centrum-CID3-ID16z9dQ.html,guarded
https://www.olx.pl/d/oferta/wynajem-2-pokojowego-mieszkania-w-kamienicy-powstancow-sl-od-1-09-2025-CID3-ID15M3Oh.html,guarded
https://www.olx.pl/d/oferta/3-pokoje-na-kameralnym-osiedlu-ul-balzaka-CID3-ID15Pyag.html,guarded
https://www.olx.pl/d/oferta/luksusowe-2-pokoje-na-brochowie-pierwszy-najem-CID3-ID16fCrW.html,guarded
https://www.olx.pl/d/oferta/przytulna-kawalerka-z-balkonem-na-jagodnie-osiedle-cztery-pory-roku-CID3-ID16q9Ou.html,guarded
https://www.olx.pl/d/oferta/kawalerka-wroclaw-legnicka-30m2-od-sierpnia-magnolia-CID3-ID16BDIZ.html,guarded
https://www.olx.pl/d/oferta/sloneczny-i-przestronny-apartament-blisko-rynku-CID3-ID16fINM.html,guarded
https://www.olx.pl/d/oferta/wynajme-mieszkanie-wroclaw-srodmiescie-CID3-ID16vlmy.html,guarded
https://www.olx.pl/d/oferta/kawalerka-30m2-srodmiescie-ul-prusa-blisko-pwr-CID3-ID16vIXj.html,guarded
https://www.olx.pl/d/oferta/przytulne-mieszkanie-na-gadowie-szybowcowa-CID3-ID15k6FZ.html,guarded
https://www.olx.pl/d/oferta/wynajme-mieszkanie-we-wroclawiu-na-ul-komuny-paryskiej-zapraszam-CID3-ID16vdxv.html,guarded
https://www.olx.pl/d/oferta/3-pok-pelny-rozklad-15min-na-grunwald-i-rynek-CID3-ID16AGa1.html,guarded
https://www.olx.pl/d/oferta/mieszkanie-na-wynajem-zakladowa-11y-wroclaw-CID3-ID15mIPP.html,guarded
https://www.olx.pl/d/oferta/atrakcyjne-mieszkanie-2-pokojowe-dla-1-3-osob-od-1-10-2025-r-CID3-ID16yXTP.html,guarded
https://www.olx.pl/d/oferta/nowy-apartament-przy-rzece-w-centrum-jacuzzi-sauna-w-cenie-CID3-ID16i1SW.html,guarded
https://www.olx.pl/d/oferta/kawalerka-na-ul-prusa-31m2-blisko-pl-grunwaldzkiego-od-wrzesnia-CID3-ID16AUNl.html,guarded
https://www.olx.pl/d/oferta/2-pokoje-z-balkonem-zielone-partynice-CID3-ID16qpB2.html,guarded
https://www.olx.pl/d/oferta/mieszkanie-80m2-sepolno-parking-prywatny-CID3-ID15orZC.html,guarded
https://www.olx.pl/d/oferta/kromera-dlugosza-nowoczesna-kawalerka-duzy-balkon-parking-CID3-ID16pQGx.html,guarded
https://www.olx.pl/d/oferta/wynajem-mieszkanie-browary-wroclawskie-CID3-ID15Zpbp.html,guarded
https://www.olx.pl/d/oferta/ladna-kawalerka-do-wynajecia-od-29-06-2025-CID3-ID16oGEG.html,guarded
https://www.olx.pl/d/oferta/kawalerki-do-wynajecia-parking-w-cenie-fitness-CID3-IDTpW0b.html,guarded
https://www.olx.pl/d/oferta/wynajme-mieszkanie-tuz-przy-rynku-CID3-ID16pXk6.html,guarded
https://www.olx.pl/d/oferta/wynajme-2-pokojowe-mieszkanie-z-bakonem-i-naziemnym-parkingiem-CID3-ID15SaJR.html,guarded
https://www.olx.pl/d/oferta/mieszkanie-do-wynajecia-31-m-CID3-ID16oQdi.html,guarded
https://www.olx.pl/d/oferta/do-wynajecia-2-pokojowe-mieszkanie-49-m-miejsce-parkingowe-wroclaw-CID3-ID16glIZ.html,guarded
https://www.olx.pl/d/oferta/kawalerka-ul-ostrowskiego-fabryczna-CID3-ID16kAZS.html,guarded
https://www.olx.pl/d/oferta/okazja-2-pok-z-balkonem-w-cenie-kawalerki-CID3-ID160ur2.html,guarded
https://www.olx.pl/d/oferta/mieszkanie-3-pokoje-aneks-olimpia-port-CID3-ID16kbxy.html,guarded
https://www.olx.pl/d/oferta/studio-od-zaraz-parking-fitness-recepcja-CID3-IDbkHkp.html,guarded
https://www.olx.pl/d/oferta/mieszkanie-do-wynajecia-CID3-ID16jTGB.html,guarded
https://www.olx.pl/d/oferta/luksusowy-apartament-40m2-pierwszy-najem-okolice-ronda-powstancow-sl-CID3-ID16gD6g.html,guarded
https://www.olx.pl/d/oferta/na-wynajem-pierwszy-najem-CID3-ID15q325.html,guarded
https://www.olx.pl/d/oferta/klimatyczne-2-pokojowe-lokum-po-remoncie-w-centrum-wroclawia-CID3-ID16sWb4.html,guarded
https://www.olx.pl/d/oferta/mieszkanie-dla-studenta-politechniki-wroclawskiej-CID3-ID16rcUr.html,guarded
https://www.olx.pl/d/oferta/2-pokoje-z-ogrodkiem-drohobycka-parking-bez-prowizji-CID3-ID160USt.html,guarded
https://www.olx.pl/d/oferta/piekne-mieszkanie-51-m-lokum-di-trevi-po-remoncie-rozkladowe-od-1-09-CID3-ID16wPWS.html,guarded
https://www.olx.pl/d/oferta/mieszkanie-do-wynajecia-kawalerka-wroclaw-CID3-ID16mwGZ.html,guarded
https://www.olx.pl/d/oferta/do-wynajecia-kawalerka-ul-prusa-CID3-ID1454Sk.html,guarded
https://www.olx.pl/d/oferta/od-sierpnia-2-pok-pl-grunwaldzki-pwr-CID3-ID16wZvT.html,guarded
https://www.olx.pl/d/oferta/wynajem-2-pokojowe-mieszkanie-ul-dmowskiego-CID3-ID16sOsO.html,guarded
https://www.olx.pl/d/oferta/4-pokoje-z-klimatyzacja-i-jadalnia-ul-poleska-CID3-ID16tVFn.html,guarded
https://www.olx.pl/d/oferta/do-wynajecia-kawalerka-z-osobna-kuchnia-CID3-ID16gvz8.html,guarded
https://www.olx.pl/d/oferta/mieszkanie-rozklad-2-pokoje-taras-miejsce-postojowe-rozanka-CID3-ID16xauv.html,guarded
https://www.olx.pl/d/oferta/jamesa-cooka-2-pokoje-bez-prowizji-CID3-ID16yh6M.html,guarded
https://www.olx.pl/d/oferta/od-16-07-atal-city-square-2-pok-oddzielna-kuchnia-garaz-bezposrednio-CID3-ID16sF5F.html,guarded
https://www.olx.pl/d/oferta/3-pokojowe-mieszkanie-dla-studentow-CID3-ID16vhTJ.html,guarded
https://www.olx.pl/d/oferta/kawalerka-z-balkonem-tramwaj-park-grabiszyn-wroclaw-od-jutra-CID3-ID160eSG.html,guarded
https://www.olx.pl/d/oferta/wynajem-mieszkania-prywatnie-jesionowa-wroclaw-CID3-ID16w48k.html,guarded
https://www.olx.pl/d/oferta/wynajme-kawalerke-centrum-wroclawia-24-7-recepcja-nowe-budownictwo-CID3-ID16jrY6.html,guarded
https://www.olx.pl/d/oferta/kawalerka-mieszkanie-wroclaw-krzyki-jagodno-CID3-ID16ti7f.html,guarded
https://www.olx.pl/d/oferta/mieszkanie-2-pokojowe-na-wynajem-naprzeciw-ogrodu-botanicznego-CID3-ID16tpgG.html,guarded
https://www.olx.pl/d/oferta/kawalerka-wroclaw-ul-teczowa-wynajem-CID3-ID13hROf.html,guarded
https://www.olx.pl/d/oferta/wynajem-mieszkania-CID3-ID16hCk9.html,guarded
https://www.olx.pl/d/oferta/mieszkanie-do-wynajecia-CID3-ID16fvuk.html,guarded
https://www.olx.pl/d/oferta/mieszkanie-na-wynajem-wroclaw-ul-otynska-4-CID3-ID138pzs.html,guarded
https://www.olx.pl/d/oferta/3-osobne-pokoje-osobna-kuchnia-balkon-klimatyzacja-parking-centrum-CID3-ID16qG9Y.html,guarded
https://www.olx.pl/d/oferta/rezerwacja-apartamenty-28m2-z-balkonem-od-wlasciciela-CID3-ID16hWdT.html,guarded
https://www.olx.pl/d/oferta/wynajme-mieszkanie-55m-3-pok-stalowa-parking-balkon-CID3-ID15JZEh.html,guarded
https://www.olx.pl/d/oferta/mieszkanie-2-pokoje-kamienica-balkon-parking-wroclavia-aquapark-uwr-CID3-ID11NIbS.html,guarded
https://www.olx.pl/d/oferta/lokal-50m2-bp-od-wlasciciela-krzyki-borek-CID3-ID14iFPh.html,guarded
https://www.olx.pl/d/oferta/przytulne-2-pok-balkon-dworzec-po-remoncie-CID3-ID16gLWg.html,guarded
https://www.olx.pl/d/oferta/mieszkanie-2-pokojowe-przy-ul-traugutta-CID3-ID15s15B.html,guarded
https://www.olx.pl/d/oferta/ogrody-hallera-79-m-z-miejscem-w-garazu-i-klimatyzacja-CID3-ID16mEyS.html,guarded
https://www.olx.pl/d/oferta/nowe-3-pok-mieszkanie-70m2-kom-lok-miejsce-postojowe-kuzniki-CID3-ID169pc0.html,guarded
https://www.olx.pl/d/oferta/na-wynajem-mieszkanie-2-pokoje-50m2-wroclaw-ul-poniatowskiego-7-CID3-ID16xnaL.html,guarded
https://www.olx.pl/d/oferta/3-pok-mieszkanie-bezposrednio-teczowa-stare-miasto-wroclaw-CID3-ID16wdWm.html,guarded
https://www.olx.pl/d/oferta/wynajme-mieszkanie-59-m-wroclaw-muchobor-wielki-ul-wankowicza-CID3-ID16valm.html,guarded
https://www.olx.pl/d/oferta/wynajme-kawalerke-CID3-ID16vCqu.html,garage
https://www.olx.pl/d/oferta/wynajme-2-pokojowe-nowe-mieszkanie-o-wysokim-standardzie-z-ogrodkiem-CID3-IDYeCzs.html,garage
https://www.olx.pl/d/oferta/kawalerka-pets-friendly-bez-prowizji-od-zaraz-CID3-ID16rqxA.html,garage
https://www.olx.pl/d/oferta/2-pokojowe-mieszkanie-nowe-atal-city-square-ul-madalinskiego-CID3-ID16qZ2S.html,garage
https://www.olx.pl/d/oferta/2-pokojowe-mieszkanie-klimatyzacja-ul-polaka-pl-grunwaldzki-CID3-ID16wZIi.html,garage
https://www.olx.pl/d/oferta/wynajme-kawalerke-w-centrum-wroclawia-na-grobli-CID3-IDFNgdV.html,garage
https://www.olx.pl/d/oferta/luksusowe-nowe-klimatyzowane-mieszkanie-na-starym-miescie-CID3-ID16wu4C.html,garage
https://www.olx.pl/d/oferta/wroclaw-centrum-2-pokoje-balkon-wysoki-standard-klimatyzacja-CID3-ID16bVx5.html,garage
https://www.olx.pl/d/oferta/3-pokojowy-apartament-browary-wroclawskie-CID3-ID13G0tx.html,garage
https://www.olx.pl/d/oferta/2-pokojowe-mieszkanie-z-klimatyzacja-kurkowa-14-od-zaraz-CID3-ID15PUNm.html,garage
https://www.olx.pl/d/oferta/studio-27m2-zwierzaki-ok-bezposrednio-CID3-ID16kxAu.html,garage
https://www.olx.pl/d/oferta/piekne-2-pokoje-jesionowa-bez-prowizji-CID3-ID15TfAp.html,garage
https://www.olx.pl/d/oferta/wynajme-mieszkanie-psie-pole-ogrod-garaz-2-pokoje-CID3-ID16y7UY.html,garage
https://www.olx.pl/d/oferta/przytulna-i-nowa-kawalerka-ogrodek-super-cena-CID3-ID16BFYH.html,garage
https://www.olx.pl/d/oferta/2-pokoje-garaz-balkon-silownia-od-zaraz-CID3-ID16BImY.html,garage
https://www.olx.pl/d/oferta/2-pokojowe-mieszkanie-sienkiewicza-residence-pierwszy-najem-garaz-CID3-ID16BWA4.html,garage
https://www.olx.pl/d/oferta/mieszkanie-z-garazem-i-miejscem-parkingowym-wroclaw-soltysowicka-CID3-ID16sY8t.html,garage
https://www.olx.pl/d/oferta/nowe-z-miejscem-garazowym-z-meblami-od-zaraz-CID3-ID15MWMV.html,garage
https://www.olx.pl/d/oferta/wysoki-standard-2-pokoje-garaz-balkon-CID3-ID16BTeJ.html,garage
https://www.olx.pl/d/oferta/2-pokoje-od-zaraz-bez-prowizji-pets-friendly-zakladowa-CID3-ID16yzEO.html,garage
https://www.olx.pl/d/oferta/2-oddzielne-pokoje-od-11-08-bez-posrednikow-jaworska-CID3-ID16C0Qf.html,garage
https://www.olx.pl/d/oferta/2-pokoje-z-oddzielna-kuchnia-ul-borowska-CID3-ID16BUaT.html,garage
https://www.olx.pl/d/oferta/wynajme-zupelnie-nowy-pokoj-jednoosobowy-centrum-wroclaw-od-zaraz-CID3-ID16AMsG.html,garage
https://www.olx.pl/d/oferta/wynajme-mieszkanie-2-pokojowe-54m2-zegiestowska-CID3-ID16zMdX.html,garage
https://www.olx.pl/d/oferta/dwupoziomowe-mieszkanie-z-tarasmi-i-parkingiem-biskupin-CID3-ID16BRWV.html,garage
https://www.olx.pl/d/oferta/2-pok-ul-obornicka-balkon-garaz-CID3-ID16qxP5.html,garage
https://www.olx.pl/d/oferta/2-pokoje-browary-wroclawskie-wynajem-CID3-ID16qnC6.html,garage
https://www.olx.pl/d/oferta/4-pok-komorka-balkon-ok-sky-tower-CID3-ID16u77h.html,garage
https://www.olx.pl/d/oferta/1najem-nowe-szafy-balkon-parking-park-skowroni-1min-CID3-ID16l2tG.html,garage
https://www.olx.pl/d/oferta/mieszkanie-do-wynajecia-ul-zawidowska-wroclaw-CID3-ID16vSao.html,garage
https://www.olx.pl/d/oferta/kawalerka-w-legnicka-street-z-parkingiem-w-cenie-CID3-ID16zhsz.html,garage
https://www.olx.pl/d/oferta/mieszkanie-na-wynajem-CID3-ID16xb10.html,garage
https://www.olx.pl/d/oferta/wroclaw-fabryczna-nowy-dwor-chociebuska-nowe-we-speek-english-CID3-ID16qg4w.html,garage
https://www.olx.pl/d/oferta/wynajem-wroclaw-maslice-2-pokojowe-mieszkanie-pierwszy-najem-CID3-ID16BEE0.html,garage
https://www.olx.pl/d/oferta/do-wynajecia-2-pokojowe-mieszkanie-ul-krzycka-85a-wroclaw-CID3-ID16BNC8.html,garage
https://www.olx.pl/d/oferta/dwupokojowy-apartament-w-centrum-miasta-ul-mieszczanska-CID3-ID16BeOR.html,garage
https://www.olx.pl/d/oferta/2-pokojowe-mieszkanie-wroclaw-blisko-dworca-glownego-CID3-ID16nhF0.html,garage
https://www.olx.pl/d/oferta/widok-odra-taras-premium-pralnia-garaz-browary-wroc-CID3-ID16l2UC.html,garage
https://www.olx.pl/d/oferta/mieszkanie-na-wynajem-z-tarasem-48m2-CID3-ID16lHjZ.html,garage
https://www.olx.pl/d/oferta/2-pokoje-balkon-komorka-lokatorska-garaz-ul-skrzydlata-CID3-ID16B4Nj.html,garage
https://www.olx.pl/d/oferta/typu-studio-garaz-dla-pary-lub-singla-CID3-ID16B9ZM.html,garage
https://www.olx.pl/d/oferta/1-pokojowe-w-centrum-krzyki-huby-ul-sliczna-wynajem-CID3-ID16vAKg.html,garage
https://www.olx.pl/d/oferta/wynajme-mieszkanie-z-klimatyzacja-wroclaw-jagodno-drabika-CID3-ID14bgm7.html,garage
https://www.olx.pl/d/oferta/piekne-mieszkanie-2-pokojowe-z-garazem-ulica-obornicka-CID3-ID16BzXW.html,garage
https://www.olx.pl/d/oferta/luksusowe-2-pokojowe-mieszkanie-magnolia-park-legnicka-CID3-ID16xvJU.html,garage
https://www.olx.pl/d/oferta/wynajem-mieszkania-wroclaw-stablowice-2-pokoje-z-balkonem-i-garaz-CID3-ID16npCY.html,garage
https://www.olx.pl/d/oferta/jasne-2-pokoje-blisko-parku-blisko-centrum-CID3-ID16oLW5.html,garage
https://www.olx.pl/d/oferta/kawalerka-do-wynajecia-wroclaw-legnicka-CID3-ID16zMbr.html,garage
https://www.olx.pl/d/oferta/nowoczesne-2-pok-taras-garaz-klecina-CID3-ID16vIqV.html,garage
https://www.olx.pl/d/oferta/wynajem-mieszkania-wroclaw-gadow-ul-bajana-widok-balkon-garaz-CID3-ID16nqzo.html,garage
https://www.olx.pl/d/oferta/do-wynajecia-nowoczesne-2-pok-mieszkanie-p-podziemny-wroclaw-CID3-ID16cwnm.html,garage
https://www.olx.pl/d/oferta/mieszkanie-trzypokojowe-53m2-jagodno-20-taniej-na-pierwszy-miesiac-CID3-ID16qQNu.html,garage
https://www.olx.pl/d/oferta/mieszkanie-na-wynajem-di-trevi-cieple-i-przytulne-CID3-ID16Az03.html,garage
https://www.olx.pl/d/oferta/nadodrze-kurkowa-2-pokoje-garaz-CID3-ID16qKth.html,garage
https://www.olx.pl/d/oferta/mieszkanie-60m2-klimatyzacja-miejsce-w-garazu-podziemnyn-silownia-CID3-ID16BD9w.html,garage
https://www.olx.pl/d/oferta/kawalerka-do-wynajecia-we-wroclawiu-kamienna-32-m2-zarezerwowane-CID3-ID16vVCe.html,garage
https://www.olx.pl/d/oferta/maslice-3-pokoje-balkon-klima-garaz-fabryczna-CID3-ID15U0WH.html,garage
https://www.olx.pl/d/oferta/kleczkowska-przytulne-sloneczne-mieszkanie-do-wynajecia-od-zaraz-CID3-IDTwI7T.html,garage
https://www.olx.pl/d/oferta/duza-kawalerka-od-15-07-bez-posrednikow-pets-friendly-CID3-ID16rron.html,garage
https://www.olx.pl/d/oferta/mieszkanie-kawalerka-na-wynajem-wroclaw-psie-pole-CID3-ID16iaQi.html,garage
https://www.olx.pl/d/oferta/mieszkanie-27-metrow-do-wynajecia-z-podwojnym-m-post-gwiazdzista-10-CID3-ID160k1h.html,garage
https://www.olx.pl/d/oferta/kawalerka-na-wynajem-CID3-ID16sZm5.html,garage
https://www.olx.pl/d/oferta/wynajem-mieszkania-58m-3-pokoje-pradzynskiego-48-mieszkanie-wroclaw-CID3-ID16jZXa.html,garage
https://www.olx.pl/d/oferta/3-pok-balkon-garderoba-widok-na-miast-CID3-ID16vHXu.html,garage
https://www.olx.pl/d/oferta/przytulne-mieszkanie-2-pokojowe-na-spokojnym-i-zielonym-oporowie-CID3-ID16tR0b.html,garage
https://www.olx.pl/d/oferta/2pok-vespucciego-olimpia-port-CID3-ID16nP1a.html,garage
https://www.olx.pl/d/oferta/do-wynajecia-3-pokojowe-mieszkanie-z-tarasem-garazem-komorka-oporow-CID3-ID16vGcg.html,garage
https://www.olx.pl/d/oferta/wynajme-dwupokojowe-mieszkanie-w-centrum-wroclawia-50m2-CID3-ID16Ba1n.html,garage
https://www.olx.pl/d/oferta/kawalerka-na-wynajem-30-m2-wroclaw-przedmiescie-olawskie-CID3-ID16vDjO.html,garage
https://www.olx.pl/d/oferta/2pokojeod-sierpniateczowatarasgaraz-CID3-ID16yBCb.html,garage
https://www.olx.pl/d/oferta/widne-2-pokoje-40m2-bezposrednio-jagodno-CID3-ID16kyai.html,garage
https://www.olx.pl/d/oferta/mieszkanie-wroclaw-ul-opolska-ksieze-male-krzyki-CID3-ID16rzgR.html,garage
https://www.olx.pl/d/oferta/mieszkanie-ogrody-hallera-72-m2-3-pokoje-parter-wroclaw-CID3-ID15ozrf.html,garage
https://www.olx.pl/d/oferta/3-pok-parking-i-komorka-w-cenie-ul-walonska-CID3-ID16wYUn.html,garage
https://www.olx.pl/d/oferta/ciche-lokum-przy-rynku-i-rzece-odra-tower-CID3-ID15K0pN.html,garage
https://www.olx.pl/d/oferta/na-wynajemwyjatkowy-apartament-z-ogrodkiem-w-cichej-zielonej-okolicy-CID3-ID16lnqg.html,garage
https://www.olx.pl/d/oferta/kawalerka-psie-pole-ul-redycka-od-zaraz-CID3-ID16x5kr.html,garage
https://www.olx.pl/d/oferta/mieszkanie-56-metrow-stablowice-olbrachtowska-przepiekny-widok-CID3-ID16z2ZL.html,garage
https://www.olx.pl/d/oferta/rychtalska-promenady-wroclawskie-umeblowana-kawalerka-CID3-ID11D8ay.html,garage
https://www.olx.pl/d/oferta/apartment-on-sikorskiego-street-CID3-ID15zFWy.html,garage
https://www.olx.pl/d/oferta/widne-2-pokoje-36m2-zwierzaki-mile-widziane-bezposrednio-CID3-ID16jKfA.html,garage
https://www.olx.pl/d/oferta/mieszkanie-na-kamiennej-CID3-ID16oeD8.html,garage
https://www.olx.pl/d/oferta/do-wynajecia-mieszkanie-3pok-ul-slezna-CID3-ID16cZxT.html,garage
https://www.olx.pl/d/oferta/nowe-2-pokojowe-mieszkanie-z-garazem-i-ogrodem-wroclaw-obornicka-CID3-ID16qqAW.html,garage
https://www.olx.pl/d/oferta/komfortowa-kawalerka-wroclaw-nowa-lesnica-CID3-ID15QujH.html,garage
https://www.olx.pl/d/oferta/mieszkanie-na-wynajem-na-oltaszynie-pierwszy-najem-CID3-ID163RY3.html,garage
https://www.olx.pl/d/oferta/mieszkanie-z-ogrodkiem-wroclaw-zaulek-rogozinski-od-sierpnia-CID3-ID16fDW4.html,garage
https://www.olx.pl/d/oferta/kawalerka-27-m-w-prestizowym-kompleksie-bez-prowizji-CID3-ID16qU7a.html,garage
https://www.olx.pl/d/oferta/apartament-mieszkanie-w-centrum-2-tarasy-2-pokoje-wysoki-standard-CID3-ID15IN24.html,garage
https://www.olx.pl/d/oferta/mikroapartament-wygodny-idealna-lokalizacja-i-czegoz-chciec-wiecej-CID3-ID11ooME.html,garage
https://www.olx.pl/d/oferta/mieszkanie-2pokojowe-z-klimatyzacja-miejsce-w-garazu-olimpia-port-CID3-ID16wD6h.html,garage
https://www.olx.pl/d/oferta/widok-na-miasto-taras-i-balkon-centrum-CID3-ID16vHOx.html,garage
https://www.olx.pl/d/oferta/luksusowa-kawalerka-krzyki-balkon-garaz-CID3-ID16rgWh.html,garage
https://www.olx.pl/d/oferta/do-wynajecia-komfortowe-3-pokojowe-mieszkanie-CID3-IDSwwkK.html,garage
https://www.olx.pl/d/oferta/do-wynajecia-nowoczesne-mieszkanie-ul-gwiazdzista-wroclaw-CID3-ID16xswi.html,garage
https://www.olx.pl/d/oferta/rewelacyjne-studio-widok-na-odre-balkon-parking-klimatyzacja-CID3-ID16oJXO.html,garage
https://www.olx.pl/d/oferta/2-pok-65m2-garaz-balkon-maslice-ul-polnocna-od-zaraz-CID3-ID16yBQQ.html,garage
https://www.olx.pl/d/oferta/nowe-mieszkanie-na-osiedlu-zielna-55-metrow-CID3-ID16kgYk.html,garage
https://www.olx.pl/d/oferta/super-kawalerka-z-oddzielna-kuchnia-CID3-ID16AtZO.html,garage
https://www.olx.pl/d/oferta/pl-ua-ru-loft-nowa-papiernia-45m2-CID3-ID16gcAw.html,garage
https://www.olx.pl/d/oferta/mieszkanie-na-wynajem-CID3-ID16tvCl.html,garage
https://www.olx.pl/d/oferta/nowy-apartament-2-pokojowy-klimatyzacja-balkon-centrum-braniborska-CID3-ID16jUBG.html,garage
https://www.olx.pl/d/oferta/do-wynajecia-mieszkanie-2-pokojowe-37m2-na-jagodnie-juz-dostepne-CID3-ID16Ai0A.html,garage
https://www.olx.pl/d/oferta/miszkanie-2-pokojowe-wroclaw-al-wisniowa-CID3-ID16sfI8.html,garage
https://www.olx.pl/d/oferta/3-pokoje-luksusowe-kepa-mieszczanska-bez-prowizji-CID3-ID16mct9.html,garage
https://www.olx.pl/d/oferta/pl-ru-eng-dwopokojowe-57-m2-duzy-balkon-parking-CID3-ID16gTY1.html,garage
https://www.olx.pl/d/oferta/wynajme-mieszkanie-98m2-CID3-ID16jOqI.html,garage
https://www.olx.pl/d/oferta/nowoczesne-2-pokojowe-mieszkanie-drabika-jagodno-miejsce-parkingowe-CID3-ID16dddg.html,garage
https://www.olx.pl/d/oferta/mieszkanie-56m-madalinskiego-garaz-komorka-dwa-balkony-CID3-ID15g3qm.html,garage
https://www.olx.pl/d/oferta/mieszkanie-2-pokoje-w-centrum-z-miejscem-postojowym-CID3-ID16tIaR.html,garage
https://www.olx.pl/d/oferta/2-pokoje-atal-city-square-pierwszy-najem-CID3-ID16AkVM.html,garage
https://www.olx.pl/d/oferta/2-pokoje-garaz-krzycka-bezposrednio-CID3-ID16alUE.html,garage
https://www.olx.pl/d/oferta/luksusowe-mieszkanie-dla-konesera-garderoba-garaz-klimatyzacja-spa-CID3-ID15R8bw.html,garage
https://www.olx.pl/d/oferta/lux-kawalerka-z-miejscem-parkingowym-CID3-ID16qMco.html,garage
https://www.olx.pl/d/oferta/nowoczesne-mieszkanie-wysoka-przy-partynicach-CID3-ID16uGbc.html,garage
https://www.olx.pl/d/oferta/2-pokoje-ul-kamienna-bezposrednio-CID3-ID15HnVM.html,garage
https://www.olx.pl/d/oferta/mieszkanie-3-pokoje-jagodno-taras-garaz-CID3-ID14eJEc.html,garage
https://www.olx.pl/d/oferta/kawalerka-33m2-oddziela-kuchnia-balkon-pixel-house-od-sierpnia-CID3-ID16A0Ix.html,garage
https://www.olx.pl/d/oferta/wroclaw-apartament-bulwar-staromiejski-CID3-ID16sWaE.html,garage
https://www.olx.pl/d/oferta/mieszkanie-wynajem-CID3-ID12OVr7.html,garage
https://www.olx.pl/d/oferta/mieszkanie-3-pokojowe-na-wynajem-oporow-CID3-ID16uZLQ.html,garage
https://www.olx.pl/d/oferta/mieszkanie-studio-malopanewska-CID3-IDUsrCp.html,garage
https://www.olx.pl/d/oferta/mieszkanie-na-wynajem-nowe-zerniki-wroclaw-45m2-2-pokoje-plus-garaz-CID3-ID16sD3O.html,garage
https://www.olx.pl/d/oferta/4-pokojowe-mieszkanie-na-wynajem-oltaszyn-wroclaw-CID3-ID16sPeO.html,garage
https://www.olx.pl/d/oferta/2-pokoje-ul-asfaltowa-klimatyzacja-garaz-umeblowane-CID3-ID16wKxH.html,garage
https://www.olx.pl/d/oferta/wynajme-mieszlanie-CID3-ID16qsE7.html,garage
https://www.olx.pl/d/oferta/mieszkanie-na-wynajem-35m2-balkon-9m2-garaz-podziemny-CID3-ID16AVft.html,garage
https://www.olx.pl/d/oferta/mieszkanie-2-pokojowe-w-centrum-CID3-ID16h6O2.html,garage
https://www.olx.pl/d/oferta/klecina-dozynkowa-3-pokoje-60m2-balkon-garaz-CID3-ID16zMNw.html,garage
https://www.olx.pl/d/oferta/dwupokojowe-50m2-lux-klima-parking-kepa-mieszczanska-CID3-ID16i5Uj.html,garage
https://www.olx.pl/d/oferta/nowoczesne-2-pokoje-z-balkonem-przy-hali-strzegomskiej-wroclaw-CID3-ID16olmw.html,garage
https://www.olx.pl/d/oferta/dyrekcyjna-dawida-2-pok-55-m2-taras-parking-CID3-ID16oOtl.html,garage
https://www.olx.pl/d/oferta/do-wynajecia-mieszkanie-2pok-ul-kamienna-miejsce-postojowe-CID3-ID16zmAj.html,garage
https://www.olx.pl/d/oferta/promenady-wroclawskie-50-m2-ogrodek-CID3-ID16AxMK.html,garage
https://www.olx.pl/d/oferta/apartament-2pok-balkon-loggia-jagielly-CID3-ID16xJc6.html,garage
https://www.olx.pl/d/oferta/dwu-pokojowe-mieszkanie-52-m2-z-garazem-gabinet-lub-biuro-CID3-IDU4JFQ.html,garage
https://www.olx.pl/d/oferta/wynajem-nowe-mieszkanie-2-pokoje-atal-city-square-madalinskiego-CID3-ID16AkAE.html,garage
https://www.olx.pl/d/oferta/ogrodek-nowe-mieszkanie-w-centrum-CID3-ID165F4L.html,garage
https://www.olx.pl/d/oferta/sienkiewicza-2-pokoje-garaz-komorka-53-m2-piekny-widok-z-balkonu-CID3-ID167yaL.html,garage
https://www.olx.pl/d/oferta/mieszkanie-do-wynajecia-sienkiewicza-matejki-ogrod-botaniczny-centrum-CID3-ID169KP1.html,garage
https://www.olx.pl/d/oferta/nowe-3-pokoje-klimatyzacja-garaz-nowogrodzka-CID3-ID15smso.html,garage
https://www.olx.pl/d/oferta/mieszkanie-do-wynajecia-CID3-ID16xwPy.html,garage
https://www.olx.pl/d/oferta/pl-en-ua-ru-2-pok-48m-wysoki-standard-parking-wojszyce-CID3-ID16zI2b.html,garage
https://www.olx.pl/d/oferta/kawalerka-z-tarasem-i-garazem-malopanewska-bez-prowizji-CID3-ID160TNr.html,garage
https://www.olx.pl/d/oferta/mieszkanie-wynajem-2-pokoje-psie-pole-ul-rycerska-garaz-w-cenie-CID3-ID16ATRB.html,garage
https://www.olx.pl/d/oferta/mieszkanie-przy-braniborskiej-CID3-ID16qqCg.html,garage
https://www.olx.pl/d/oferta/wynajme-mieszkanie-2-pokojowe-nowe-zerniki-CID3-ID16mLaz.html,garage
https://www.olx.pl/d/oferta/wynajme-mieszkanie-z-miejscem-postojowym-w-garazu-podziemnym-komorka-CID3-ID12BqP0.html,garage
https://www.olx.pl/d/oferta/apartament-1-pok-blisko-rynku-CID3-ID16qlb2.html,garage
https://www.olx.pl/d/oferta/maslice-ul-suwalska-wynajem-CID3-ID153bRj.html,garage
https://www.olx.pl/d/oferta/do-wynajecia-kawalerka-z-osobna-kuchnia-27-m-legnicka-wroclaw-CID3-ID16zomK.html,garage
https://www.olx.pl/d/oferta/mieszkanie-2pok-rozklad-klimatyzacja-taras-garaz-komorka-jagodno-CID3-ID16h8Vy.html,garage
https://www.olx.pl/d/oferta/pierwszy-najem-nowe-2-pokojowe-mieszkanie-ul-zawidowska-fabryczna-CID3-ID16vH6K.html,garage
https://www.olx.pl/d/oferta/sloneczne-umeblowane-mieszkanie-2-pokoje-kuchnia-ul-prudnicka-CID3-ID16v4WF.html,garage
https://www.olx.pl/d/oferta/mieszkanie-pakoslawska-kliamtyzacja-marino-kamienskiego-CID3-ID15RXf1.html,garage
https://www.olx.pl/d/oferta/krzyki-zegiestowska-lux-lux-dwa-pok-taras-47mkw-2700zl-plus-oplaty-CID3-ID16i5jY.html,garage
https://www.olx.pl/d/oferta/mieszkanie-lipa-piotrowska-na-doby-najem-krotko-terminowy-CID3-ID14ILSW.html,garage
https://www.olx.pl/d/oferta/dwupokojowe-mieszkanie-do-wynajecia-CID3-ID15n84M.html,garage
https://www.olx.pl/d/oferta/od-16-07-mieszkanie-2-pok-w-centrum-ul-madalinskiego-CID3-ID16mMPN.html,garage
https://www.olx.pl/d/oferta/mieszkanie-2-pokojowe-port-popowice-CID3-ID16xIVa.html,garage
https://www.olx.pl/d/oferta/do-wynajecia-luksusowy-apartament-ul-wichrowa-4-pokoje-CID3-ID15Zgm0.html,garage
https://www.olx.pl/d/oferta/2-pok-45m2-garaz-kom-lok-krzyki-oltaszyn-wojszyce-nefrytowa-CID3-ID16zloV.html,garage
https://www.olx.pl/d/oferta/braniborska-centrum-apartament-do-wynajecia-centrum-z-garazem-CID3-ID16looC.html,garage
https://www.olx.pl/d/oferta/2-pokojowe-mieszkanie-oporow-ul-balzaka-ogrodek-garaz-CID3-ID16mcrZ.html,garage
https://www.olx.pl/d/oferta/3-pokojowe85-m2-m-garazowe-czajkowskiego-65-okolice-pl-kromera-CID3-ID16zKuo.html,garage
https://www.olx.pl/d/oferta/ladna-kawalerka-na-gwiazdzistej-CID3-IDMU2MC.html,garage
https://www.olx.pl/d/oferta/nowe-mieszkanie-zlotniki-komorka-garaz-CID3-ID16kXMW.html,garage
https://www.olx.pl/d/oferta/na-wynajem-wolne-od-zaraz-CID3-ID16ut8u.html,garage
https://www.olx.pl/d/oferta/piekne-mieszkanie-pierwszy-najem-ul-jankiela-CID3-ID15vxtz.html,garage
https://www.olx.pl/d/oferta/mieszkanie-3-pokojowe-CID3-ID15q2Cc.html,garage
https://www.olx.pl/d/oferta/wynajem-mieszkania-na-kepie-mieszczanskiej-centrum-nadodrze-CID3-ID12tXKd.html,garage
https://www.olx.pl/d/oferta/do-wynajecia-mieszkanie-legnicka-59c-wroclaw-CID3-ID15fGRV.html,garage
https://www.olx.pl/d/oferta/kawalerka-kepamieszczanska-35m-balkon-winda-wynajem-CID3-ID16ukYk.html,garage
https://www.olx.pl/d/oferta/mieszkanie-do-wynajecia-ul-zakladowa-promenady-wroclawskie-CID3-ID16yVjp.html,garage
https://www.olx.pl/d/oferta/mieszkanie-do-wynajecia-nowa-papiernia-kosciuszki-142-centrum-miasta-CID3-ID16wLMv.html,garage
https://www.olx.pl/d/oferta/mieszkanie-z-balkonem-komorka-lok-oraz-miejscem-w-garazu-pod-CID3-ID16rFNX.html,garage
https://www.olx.pl/d/oferta/3-pok-balkon-garaz-oltaszyn-od-01-08-CID3-ID16rqkP.html,garage
https://www.olx.pl/d/oferta/mieszkanie-wroclaw-wojszyce-super-mieszkanie-w-super-cenie-58m2-CID3-ID15JHH9.html,garage
https://www.olx.pl/d/oferta/ksiecia-witolda-2-pokoje-balkon-garaz-stare-miasto-CID3-ID15Pye7.html,garage
https://www.olx.pl/d/oferta/mieszkanie-dwupokojowe-nowa-manufaktura-wroclaw-centrum-dwa-pokoje-CID3-IDQb9Du.html,garage
https://www.olx.pl/d/oferta/rezerwacja-2-pokoje-z-miejscem-postojowym-w-cenie-CID3-ID164w0R.html,garage
https://www.olx.pl/d/oferta/rezerwacja-2-pokoje-legnicka-od-wrzesnia-CID3-ID16x6BP.html,garage
https://www.olx.pl/d/oferta/wynajme-2-pokojowe-rozkladowe-wroclaw-ul-drabika-CID3-ID16sWDv.html,garage
https://www.olx.pl/d/oferta/3-pok-55m2-ul-zakladowa-balkon-CID3-ID16wFzT.html,garage
https://www.olx.pl/d/oferta/wynajme-ladne-4-pokojowe-we-wroclawiu-CID3-ID122YrO.html,garage
https://www.olx.pl/d/oferta/nowa-papiernia-3-pokoje-66m2-balkon-garaz-krzyki-CID3-ID13HDml.html,garage
https://www.olx.pl/d/oferta/wynajme-mieszkanie-39m2-z-klimatyzacja-ul-nyska-wroclaw-CID3-ID13ca2s.html,garage
https://www.olx.pl/d/oferta/nowe-nikt-nie-mieszkal-2-pok-49m-przy-rynku-swiebodzkim-wroclaw-CID3-ID16eIcp.html,garage
https://www.olx.pl/d/oferta/dwupokojowe-47m2-kepa-mieszczanska-wroclaw-CID3-ID16gfSm.html,garage
https://www.olx.pl/d/oferta/2-pokoje-komfortowe-ladne-garaz-balkon-CID3-ID16wcuu.html,garage
https://www.olx.pl/d/oferta/krzyki-4-pokoje-101m2-2-balkony-garaz-centrum-blisko-rynku-CID3-ID16sVeZ.html,garage
https://www.olx.pl/d/oferta/mieszkanie-do-wynajecia-107m2-CID3-ID1467NE.html,garage
https://www.olx.pl/d/oferta/apartament-2-pokojowy-okolica-rynku-ul-wlodkowica-garaz-podziemny-CID3-ID161PUx.html,garage
https://www.olx.pl/d/oferta/do-wynajecia-2-pok-z-balkonem-krzyki-oltaszyn-bez-prowizji-CID3-ID15VDvw.html,garage
https://www.olx.pl/d/oferta/mieszkanie-54-m-hala-garazowa-ul-przyjazni-CID3-ID16giSG.html,garage
https://www.olx.pl/d/oferta/2-pok-grunwaldzki-wyszynskiego-balkon-kolo-green-day-CID3-ID16wYwm.html,garage
https://www.olx.pl/d/oferta/wynajme-mieszkanie-psie-pole-bez-posrednikow-rezerwacja-CID3-ID13VvIh.html,garage
https://www.olx.pl/d/oferta/do-wynajecia-2-pok-mieszkanie-po-remoncie-ul-skarbowcow-krzyki-CID3-ID154X21.html,garage
https://www.olx.pl/d/oferta/83-mkw-dwa-poziomy-pilczyce-ul-szklarska-CID3-ID16njJy.html,garage
https://www.olx.pl/d/oferta/super-lokalizacja-krzyki-3pok-zwycieska-80-m2-garderoba-CID3-ID14rIjJ.html,garage
https://www.olx.pl/d/oferta/mieszkanie-40m2-m2-wroclaw-krakowskie-tarasy-CID3-ID16n7RK.html,garage
https://www.olx.pl/d/oferta/apartament-3-pokoje-69m2-ogrody-hallera-od-01-08-2025-CID3-ID16xvgV.html,garage
https://www.olx.pl/d/oferta/3-pokoje-parking-komorka-lokatorska-balkon-ul-slezna-krzyki-CID3-ID16nbRq.html,garage
https://www.olx.pl/d/oferta/2-pokojowe-rozkladowe-mieszkanie-z-parkingiem-i-komorka-gratis-CID3-ID16qXMP.html,garage
https://www.olx.pl/d/oferta/od-wlasciciela-1-1-w-angel-city-balkon-w-patio-spa-gym-pl-ua-en-CID3-ID16uK7G.html,garage
https://www.olx.pl/d/oferta/braniborska-sliczne-nowe-2-pokoje-balkon-CID3-ID16lXYx.html,garage
https://www.olx.pl/d/oferta/od-01-09-3-pokojowe-2-lazienki-klimatyzacja-wojszyce-oltaszyn-CID3-IDPV8ln.html,garage
https://www.olx.pl/d/oferta/wynajme-mieszkanie-50m2-wysoki-standard-al-architektow-wroclaw-CID3-ID16fvtg.html,garage
https://www.olx.pl/d/oferta/mieszkanie-na-wynajem-CID3-ID16tthg.html,garage
https://www.olx.pl/d/oferta/2-pokojowe-mieszkanie-do-wynajecia-w-srodmiesciu-wroclaw-CID3-ID16mOQA.html,garage
https://www.olx.pl/d/oferta/apartament-wolny-od-zaraz-CID3-IDYjOd9.html,garage
https://www.olx.pl/d/oferta/duzy-przestronny-2-pozomowy-apartament-na-krzykach-CID3-ID14d25v.html,garage
https://www.olx.pl/d/oferta/mieszkanie-2-pok-z-balkonem-parkingiem-podziemnym-i-komorka-lokat-CID3-ID16fm65.html,garage
https://www.olx.pl/d/oferta/4-pok-93m2-2-miejsca-postojowe-krzyki-wojszyce-ul-klasztorna-CID3-ID15Z24Z.html,garage
https://www.olx.pl/d/oferta/soltysowice-2-pokoje-balkon-garaz-psie-pole-korona-CID3-ID164Cw4.html,garage
https://www.olx.pl/d/oferta/dwa-pokoje-na-starym-miescie-m-post-duzy-balkon-CID3-ID16qpQj.html,garage
https://www.olx.pl/d/oferta/mieszkanie-pod-wynajem-ul-litomska-szczepin-CID3-ID16khyP.html,garage
https://www.olx.pl/d/oferta/mieszkanie-trzypokojowe-dwie-lazienki-maslice-CID3-ID16xHOc.html,garage
https://www.olx.pl/d/oferta/mieszkanie-61m2-na-wynajem-biskupin-CID3-ID1612d1.html,garage
https://www.olx.pl/d/oferta/pl-ua-eng-1-pok-30-m-parking-spa-silownia-CID3-ID16vEfK.html,garage
https://www.olx.pl/d/oferta/teczowa-2-pokoje-balkon-garaz-stare-miasto-CID3-ID164DOj.html,garage
https://www.olx.pl/d/oferta/nowoczesna-kawalerka-na-wynajem-CID3-ID15Zp17.html,garage
https://www.olx.pl/d/oferta/mieszkanie-do-wynajecia-wroclaw-ksieze-male-CID3-ID16kxC9.html,garage
https://www.olx.pl/d/oferta/2-pokoje-oddzielna-kuchnia-50m2-klima-garaz-legnicka-CID3-ID169mHs.html,garage
https://www.olx.pl/d/oferta/mieszkanie-3-pokojowe-67m2-CID3-ID156kgL.html,garage
https://www.olx.pl/d/oferta/funkcjonalne-mieszkanie-na-wynajem-doskonala-lokalizacja-wroclaw-CID3-ID16rX83.html,garage
https://www.olx.pl/d/oferta/apartament-2-pokoje-kepa-mieszczanska-przy-parku-CID3-ID16pQeA.html,garage
https://www.olx.pl/d/oferta/do-wynajecia-luksusowe-2-pokojowe-mieszkanie-dostepne-od-zaraz-CID3-ID16sdhB.html,garage
https://www.olx.pl/d/oferta/mieszkanie-49m2-2-pokoje-taras-garaz-w-cenie-zwierzeta-maslice-CID3-ID16qRk6.html,garage
https://www.olx.pl/d/oferta/nowoczesne-mieszkanie-z-balkonem-od-1-czerwca-braniborska-centrum-CID3-ID1633gH.html,garage
https://www.olx.pl/d/oferta/mieszkanie-2-pokojowe-na-rozance-na-wynajem-CID3-ID14QJHP.html,garage
https://www.olx.pl/d/oferta/mieszkanie-3-pokojowe-do-wynajecia-ul-kawalerzystow-CID3-ID16tnFJ.html,garage
https://www.olx.pl/d/oferta/mieszkanie-3-pokojowe-z-piwnica-i-miejscem-postojowym-CID3-ID11Gi75.html,garage
https://www.olx.pl/d/oferta/komfortowe-klimatyzowane-2-pokojowe-mieszkanie-na-jagodnie-CID3-ID14jS8h.html,garage
https://www.olx.pl/d/oferta/3-pok-mieszkanie-w-prestizowej-inwestycji-krzyki-CID3-ID15PX9k.html,garage
https://www.olx.pl/d/oferta/rezerwacja-wynajme-cale-mieszkanie-62m-2pok-aneks-rozanka-CID3-ID13NBl2.html,garage
https://www.olx.pl/d/oferta/mieszkanie-ul-kamienna-od-sierpnia-miejsce-w-garazu-CID3-ID15Tr6g.html,garage
https://www.olx.pl/d/oferta/miejsce-w-garazu-podziemnym-ul-gagarina-CID3-IDOuY1p.html,garage
https://www.olx.pl/d/oferta/duza-i-przytulna-kawalerka-przy-placu-grunwaldzkim-od-polowy-lipca-CID3-ID16lJbA.html,parking_zone_identifier
https://www.olx.pl/d/oferta/mieszkanie-do-wynajecia-ul-gajowicka-ok-40-m2-CID3-ID16x5Hx.html,parking_zone_identifier
https://www.olx.pl/d/oferta/mieszkanie-2-pokojowe-37-m2-nowe-wysoki-standard-mlyn-maria-CID3-ID14kdBl.html,parking_zone_identifier
https://www.olx.pl/d/oferta/ul-sadowa-tuz-przy-rynku-kawalerka-z-osobna-kuchnia-i-balkonem-CID3-ID16tNDJ.html,parking_zone_identifier
https://www.olx.pl/d/oferta/kawalerka-w-scislym-centrum-pl-nowy-targ-CID3-ID16o7pf.html,parking_zone_identifier
https://www.olx.pl/d/oferta/ustawne-ciche-pomalowaniu-szafy-balkon-mpk-2min-CID3-ID16l28V.html,parking_zone_identifier
https://www.olx.pl/d/oferta/mieszkanie-do-wynajecia-CID3-ID16sAIh.html,parking_zone_identifier
https://www.olx.pl/d/oferta/apartament-162-m2-w-zabytkowej-kamienicy-CID3-ID16hccQ.html,parking_zone_identifier
https://www.olx.pl/d/oferta/do-wynajecia-przytulne-mieszkanie-1-pokojowe-tarnogaj-od-sierpnia-CID3-ID16wsyI.html,parking_zone_identifier
https://www.olx.pl/d/oferta/wynajme-2-pokojowe-mieszkanie-z-ogrodem-wroclaw-zlotniki-podhalanska-CID3-ID16mIBY.html,parking_zone_identifier
https://www.olx.pl/d/oferta/kawalerka-blisko-centrum-magnolia-park-popowice-CID3-ID16wp7Q.html,parking_zone_identifier
https://www.olx.pl/d/oferta/pl-ru-eng-kawalerka-25m2-centrum-calosc-ok-2750-zl-pet-friendly-CID3-ID16hNvx.html,parking_zone_identifier
https://www.olx.pl/d/oferta/wynajem-mieszkania-3-pokoje-z-balkonem-ul-piaskowa-CID3-ID16aLHz.html,parking_zone_identifier
https://www.olx.pl/d/oferta/mieszkanie-do-wynajecia-wroclaw-wojrowicka-4a-2-pokoje-46m-parking-CID3-ID139aED.html,parking_zone_identifier
https://www.olx.pl/d/oferta/mieszkanie-2-pokojowe-promenady-wroclawskie-CID3-ID13VhcK.html,parking_zone_identifier
https://www.olx.pl/d/oferta/piekna-kawalerka-z-antresola-przy-dworcu-gl-pkp-od-zaraz-1-08-CID3-ID15UoE8.html,parking_zone_identifier
https://www.olx.pl/d/oferta/mieszkanie-2-pok-balkon-i-p-ulica-norblina-biskupin-od-sieprnia-CID3-ID16ritK.html,parking_zone_identifier
https://www.olx.pl/d/oferta/pilne-wynajem-mieszkan-CID3-ID14QmUQ.html,parking_zone_identifier
https://www.olx.pl/d/oferta/jugoslawianska-3-pok-58m2-1-4p-rozklad-balkon-CID3-ID16mpM2.html,parking_zone_identifier
https://www.olx.pl/d/oferta/mieszkanie-na-wynajem-wroclaw-gaj-krzyki-59m3-CID3-ID16okxy.html,parking_zone_identifier
https://www.olx.pl/d/oferta/mieszkanie-65-m-CID3-ID14TBHl.html,parking_zone_identifier
https://www.olx.pl/d/oferta/mieszkanie-willowe-CID3-ID13Ae3N.html,parking_zone_identifier
https://www.olx.pl/d/oferta/mieszkanie-w-centrum-olesnicy-2-pok-apartament-salon-wyposazone-CID3-ID10gby0.html?reason=extended_search_extended_distance,parking_zone_identifier
https://www.olx.pl/d/oferta/mieszkanie-dwupokojowe-z-kuchnia-lazienka-wyposazone-centrum-olesnica-CID3-ID16pmJ9.html?reason=extended_search_extended_distance,parking_zone_identifier
https://www.olx.pl/d/oferta/3-pokojowe-z-balkonem-i-ogrzewaniem-miejskim-CID3-ID16x7bH.html?reason=extended_search_extended_distance,parking_zone_identifier
https://www.olx.pl/d/oferta/klimatyczne-mieszkanie-do-wynajecia-CID3-ID16qeur.html?reason=extended_search_extended_distance,parking_zone_identifier
https://www.olx.pl/d/oferta/atrakcyjne-mieszkanie-na-wynajem-w-swidnicy-70m2-wynajem-okazjonalny-CID3-ID15Tkx3.html?reason=extended_search_extended_distance,parking_zone_identifier
https://www.olx.pl/d/oferta/atrakcyjna-kawalerka-w-centrum-swidnicy-24m2-CID3-ID15Ti8O.html?reason=extended_search_extended_distance,parking_zone_identifier
https://www.olx.pl/d/oferta/atrakcyjne-mieszkanie-na-wynajem-okazjonalny-w-centrum-swidnicy-80m2-CID3-ID15TsE0.html?reason=extended_search_extended_distance,parking_zone_identifier
