Link,Pets
https://www.olx.pl/d/oferta/piekne-2-pok-34-m2-grabiszyn-bez-posrednikow-umeblowane-CID3-ID16vwy2.html,yes
https://www.olx.pl/d/oferta/wynajme-2-pok-od-1-08-2025-ul-odrzanska-wroclaw-samo-centrum-CID3-ID13Jwxi.html,yes
https://www.olx.pl/d/oferta/3-pokojowe-50m2-wroclaw-ul-piekna-CID3-ID16AUVj.html,yes
https://www.olx.pl/d/oferta/apartament-88m2-olimpia-port-na-wynajem-CID3-ID16nfO8.html,yes
https://www.olx.pl/d/oferta/wynajme-komfortowe-mieszkanie-1-pokojowe-na-ul-mieleckiej-CID3-ID16y9o2.html,yes
https://www.olx.pl/d/oferta/mieszkanie-do-wynajecia-rozkladowe-nowe-budownictwo-grabiszynska-CID3-ID16yjjo.html,yes
https://www.olx.pl/d/oferta/wroclaw-rakowiecka-pol-domu-90-m2-ogrod-CID3-ID16y7at.html,yes
https://www.olx.pl/d/oferta/studio-27m2-zwierzaki-ok-bezposrednio-CID3-ID16kxAu.html,yes
https://www.olx.pl/d/oferta/pokoje-na-wynajem-wroclaw-kolista-CID3-ID16BWl2.html,yes
https://www.olx.pl/d/oferta/piekna-kawalerka-kepa-mieszczanska-CID3-ID16xOMZ.html,yes
https://www.olx.pl/d/oferta/wynajme-3-pokojowe-mieszkanie-przy-skytower-CID3-ID164RVx.html,yes
https://www.olx.pl/d/oferta/mieszkanie-do-wynajecia-54m-CID3-ID16zQR7.html,yes
https://www.olx.pl/d/oferta/nowoczesna-kawalerka-pierwszy-najem-CID3-ID16vVUE.html,yes
https://www.olx.pl/d/oferta/mikroapartament-wygodny-idealna-lokalizacja-i-czegoz-chciec-wiecej-CID3-ID11ooME.html,yes
https://www.olx.pl/d/oferta/dwupoziomowe-mieszkanie-z-tarasmi-i-parkingiem-biskupin-CID3-ID16BRWV.html,yes
https://www.olx.pl/d/oferta/kawalerka-z-osobna-kuchnia-od-1-wrzesnia-tramwaj-wsrod-zieleni-CID3-ID16BWxw.html,yes
https://www.olx.pl/d/oferta/ul-sadowa-tuz-przy-rynku-kawalerka-z-osobna-kuchnia-i-balkonem-CID3-ID16tNDJ.html,yes
https://www.olx.pl/d/oferta/sloneczny-i-przestronny-apartament-blisko-rynku-CID3-ID16t5si.html,yes
https://www.olx.pl/d/oferta/zarezerwowane-kawalerka-krzyki-park-poludniowy-al-jarzebinowa-CID3-ID16wN4m.html,yes
https://www.olx.pl/d/oferta/kawalerka-pets-friendly-bez-prowizji-od-zaraz-CID3-ID16rqxA.html,yes
https://www.olx.pl/d/oferta/nowoczesna-kawalerka-pierwszy-najem-CID3-ID16vVJ6.html,yes
https://www.olx.pl/d/oferta/dwupokojowe-nadodrze-CID3-IDViPGC.html,yes
https://www.olx.pl/d/oferta/studio-od-10-sierpnia-bez-prowizji-jaworska-CID3-ID16rqFU.html,yes
https://www.olx.pl/d/oferta/2-pokoje-od-15-sierpnia-bez-prowizji-pets-friendly-CID3-ID16sgLq.html,yes
https://www.olx.pl/d/oferta/2-pokoje-od-zaraz-bez-prowizji-pets-friendly-zakladowa-CID3-ID16yzEO.html,yes
https://www.olx.pl/d/oferta/dwupokojowe-mieszkanie-51m-z-klimatyzacja-bez-posrednikow-CID3-ID16hTVH.html,yes
https://www.olx.pl/d/oferta/kawalarka-z-balkonem-od-wrzesnia-ul-nyska-CID3-ID16k1tf.html,yes
https://www.olx.pl/d/oferta/przytulne-studio-na-wynajem-boleslawa-krzywoustego-01-07-2025-CID3-ID14iuDt.html,yes
https://www.olx.pl/d/oferta/przytulna-mikorkawalerka-na-wynajem-od-zaraz-b-krzywoustego-CID3-ID13ObDO.html,yes
https://www.olx.pl/d/oferta/2-oddzielne-pokoje-od-11-08-bez-posrednikow-jaworska-CID3-ID16C0Qf.html,yes
https://www.olx.pl/d/oferta/2-pokoje-od-zaraz-pets-friendly-zakladowa-CID3-ID16yB4H.html,yes
https://www.olx.pl/d/oferta/2-pokoje-z-oddzielna-kuchnia-ul-borowska-CID3-ID16BUaT.html,yes
https://www.olx.pl/d/oferta/wynajme-mieszkanie-stablowice-od-juz-CID3-ID16ryav.html,yes
https://www.olx.pl/d/oferta/studio-kawalerka-na-wynajem-wroclaw-ul-krzywoustego-CID3-ID16n1NO.html,yes
https://www.olx.pl/d/oferta/mieszkanie-do-wynajecia-plac-grunwaldzki-ul-grunwaldzka-CID3-ID16BEVO.html,yes
https://www.olx.pl/d/oferta/wygodne-mieszkanie-nad-odra-2-pokoje-olimpia-port-zwierzeta-dozwolone-CID3-ID16oYKp.html,yes
https://www.olx.pl/d/oferta/duza-kawalerka-od-15-07-bez-posrednikow-pets-friendly-CID3-ID16rron.html,yes
https://www.olx.pl/d/oferta/mieszkanie-3-pokojowe-wroclaw-ul-dabrowskiego-CID3-ID15GiXw.html,yes
https://www.olx.pl/d/oferta/mieszkanie-2-pokojowe-ul-obornicka-wroclaw-rozanka-CID3-ID16BoZT.html,yes
https://www.olx.pl/d/oferta/kawalerka-do-wynajecia-wroclaw-ul-orzechowa-CID3-ID16qPAi.html,yes
https://www.olx.pl/d/oferta/rozkladowe-3-pok-olbinska-od-01-08-z-klimatyzacja-dla-studentow-CID3-ID16Ap1Z.html,yes
https://www.olx.pl/d/oferta/mieszkanie-na-wynajem-CID3-ID16xRTp.html,yes
https://www.olx.pl/d/oferta/kawalerka-w-scislym-centrum-pl-nowy-targ-CID3-ID16o7pf.html,yes
https://www.olx.pl/d/oferta/4-pok-komorka-balkon-ok-sky-tower-CID3-ID16u77h.html,yes
https://www.olx.pl/d/oferta/1najem-nowe-szafy-balkon-parking-park-skowroni-1min-CID3-ID16l2tG.html,yes
https://www.olx.pl/d/oferta/nowoczesna-kawalerka-na-wynajem-ul-krzywoustego-od-01-11-2024-CID3-ID12GEyG.html,yes
https://www.olx.pl/d/oferta/wynajme-kawalerke-CID3-ID16uzOh.html,yes
https://www.olx.pl/d/oferta/mieszkanie-wynajem-stalowa-rozkladowe-CID3-ID16BnHz.html,yes
https://www.olx.pl/d/oferta/dyrekcyjna-dawida-2-pok-55-m2-taras-parking-CID3-ID16oOtl.html,yes
https://www.olx.pl/d/oferta/kawalerka-26m2-z-balkonem-dostepna-od-zaraz-bez-prowizji-fvat-CID3-ID166rqW.html,yes
https://www.olx.pl/d/oferta/mieszkanie-na-wynajem-CID3-ID16xb10.html,yes
https://www.olx.pl/d/oferta/3-pokoje-bezposrednio-bez-prowizji-pets-friendly-CID3-ID16hUXi.html,yes
https://www.olx.pl/d/oferta/piekna-kawalerka-kepa-mieszczanska-CID3-ID16xOsD.html,yes
https://www.olx.pl/d/oferta/ustawne-ciche-pomalowaniu-szafy-balkon-mpk-2min-CID3-ID16l28V.html,yes
https://www.olx.pl/d/oferta/widok-odra-taras-premium-pralnia-garaz-browary-wroc-CID3-ID16l2UC.html,yes
https://www.olx.pl/d/oferta/luksusowe-2-pokoje-na-brochowie-pierwszy-najem-CID3-ID16fCrW.html,yes
https://www.olx.pl/d/oferta/przyjazne-mieszkanie-2-pokojowe-niedaleko-centrum-CID3-IDZFzpw.html,yes
https://www.olx.pl/d/oferta/wynajem-mieszkanie-32m2-stablowice-wroclaw-CID3-ID16kp3u.html,yes
https://www.olx.pl/d/oferta/mieszkanie-4-pokojowe-kampus-politechniki-wroclawskiej-CID3-ID16wouB.html,yes
https://www.olx.pl/d/oferta/studio-kawalerka-na-wynajem-wroclaw-psie-pole-CID3-ID15srFS.html,yes
https://www.olx.pl/d/oferta/kawalerka-przy-ulicy-t-kosciuszki-142d-CID3-ID16sh7B.html,yes
https://www.olx.pl/d/oferta/mieszkanie-na-kamiennej-CID3-ID16oeD8.html,yes
https://www.olx.pl/d/oferta/pierwszy-najem-kawalerka-z-balkonem-CID3-ID16vX72.html,yes
https://www.olx.pl/d/oferta/kawalerka-dla-studenta-grunwaldzka-sienkiewicza-pwr-awf-uw-umw-CID3-ID16xJE2.html,yes
https://www.olx.pl/d/oferta/na-wynajem-4-pokoje-lub-cale-mieszkanie-psie-pole-nowy-budynek-CID3-ID16nLIS.html,yes
https://www.olx.pl/d/oferta/kawalerka-po-remoncie-wroclaw-krzyki-ul-sliczna-CID3-ID16qRWE.html,yes
https://www.olx.pl/d/oferta/2-pokoje-od-15-sierpnia-bez-prowizji-pets-friendly-CID3-ID16rvJZ.html,yes
https://www.olx.pl/d/oferta/do-wynajecia-mieszkanie-ul-jaworska-6-wroclaw-CID3-ID16wcB3.html,yes
https://www.olx.pl/d/oferta/do-wynajecia-mieszkanie-na-zernikach-CID3-ID16ssIf.html,yes
https://www.olx.pl/d/oferta/kawalerka-wroclaw-legnicka-30m2-od-sierpnia-magnolia-CID3-ID16BDIZ.html,yes
https://www.olx.pl/d/oferta/wynajme-kawalerke-CID3-ID16xajy.html,yes
https://www.olx.pl/d/oferta/luksusowe-2-pokojowe-mieszkanie-magnolia-park-legnicka-CID3-ID16xvJU.html,yes
https://www.olx.pl/d/oferta/mieszkanie-na-wynajm-45-m2-2-pokojowe-na-kowalach-CID3-ID15BnZ5.html,yes
https://www.olx.pl/d/oferta/sloneczny-i-przestronny-apartament-blisko-rynku-CID3-ID16fINM.html,yes
https://www.olx.pl/d/oferta/przytulna-kawalerka-z-balkonem-i-klimatyzacja-dostepna-od-25-06-2025-CID3-ID16nbjZ.html,yes
https://www.olx.pl/d/oferta/nowa-kawalerka-resi4rent-z-widokiem-na-park-tuz-obok-magnolii-CID3-ID13EQ5d.html,yes
https://www.olx.pl/d/oferta/nowoczesne-2-pok-taras-garaz-klecina-CID3-ID16vIqV.html,yes
https://www.olx.pl/d/oferta/mieszkanie-od-sierpnia-na-krzykach-CID3-ID16xAmm.html,yes
https://www.olx.pl/d/oferta/wynajme-mieszkanie-wroclaw-srodmiescie-CID3-ID16vlmy.html,yes
https://www.olx.pl/d/oferta/mieszkanie-trzypokojowe-53m2-jagodno-20-taniej-na-pierwszy-miesiac-CID3-ID16qQNu.html,yes
https://www.olx.pl/d/oferta/do-wynajecia-mieszkanie-wroclaw-ul-krakowska-39-51-CID3-ID16AQWM.html,yes
https://www.olx.pl/d/oferta/drukarska-blisko-sky-tower-kawalerka-dostepne-od-zaraz-CID3-ID16axGB.html,yes
https://www.olx.pl/d/oferta/do-wynajecia-kawalerka-ul-piekna-27g-wroclaw-krzyki-01-08-CID3-ID16tNqZ.html,yes
https://www.olx.pl/d/oferta/wynajme-dwupokojowe-mieszkanie-na-nadodrzu-CID3-ID16Bhr6.html,yes
https://www.olx.pl/d/oferta/mieszkanie-do-wynajecia-CID3-ID16sAIh.html,yes
https://www.olx.pl/d/oferta/centrum-20-lipca-nowoczesne-balkon-CID3-ID16yoOP.html,yes
https://www.olx.pl/d/oferta/elegancka-wyremontowana-kawalerka-ul-kromera-wroclaw-CID3-ID165rii.html,yes
https://www.olx.pl/d/oferta/kawalerka-idealna-dla-singla-lub-pary-CID3-ID16gk3J.html,yes
https://www.olx.pl/d/oferta/dwupokojowe-mieszkanie-z-podworkiem-i-parkingiem-CID3-ID16yyHz.html,yes
https://www.olx.pl/d/oferta/3-pok-balkon-garderoba-widok-na-miast-CID3-ID16vHXu.html,yes
https://www.olx.pl/d/oferta/wynajme-mieszkanie-dwupokojowe-CID3-ID16vYgM.html,yes
https://www.olx.pl/d/oferta/3-pokoje-pelen-rozklad-kielczowska-CID3-ID16rfMM.html,yes
https://www.olx.pl/d/oferta/wynajme-mieszkanie-we-wroclawiu-na-ul-komuny-paryskiej-zapraszam-CID3-ID16vdxv.html,yes
https://www.olx.pl/d/oferta/widne-2-pokoje-40m2-bezposrednio-jagodno-CID3-ID16kyai.html,yes
https://www.olx.pl/d/oferta/kawalerka-do-wynajecia-dla-symatycznego-pana-CID3-ID15Y1by.html,yes
https://www.olx.pl/d/oferta/nowoczesna-kawalerka-z-antresola-CID3-ID16ysBZ.html,yes
https://www.olx.pl/d/oferta/3-pok-parking-i-komorka-w-cenie-ul-walonska-CID3-ID16wYUn.html,yes
https://www.olx.pl/d/oferta/kawalerka-wroclavia-aquapark-CID3-ID16z56l.html,yes
https://www.olx.pl/d/oferta/mieszkanie-na-wynajem-ul-grunwaldzka-CID3-ID16sB0g.html,yes
https://www.olx.pl/d/oferta/doskonala-lokalizacja-okolice-sky-tower-CID3-ID16vA9S.html,yes
https://www.olx.pl/d/oferta/mieszkanie-do-wynajecia-CID3-ID16q7Xu.html,yes
https://www.olx.pl/d/oferta/mieszkanie-z-garazem-i-miejscem-parkingowym-wroclaw-soltysowicka-CID3-ID16sY8t.html,yes
https://www.olx.pl/d/oferta/mieszkanie42m2znajdujacesieprzyulicyredyckiej32-we-wroclawiu-CID3-ID16pyfk.html,yes
https://www.olx.pl/d/oferta/ciche-lokum-przy-rynku-i-rzece-odra-tower-CID3-ID15K0pN.html,yes
https://www.olx.pl/d/oferta/mieszkanie-51m2-wroclaw-olbin-prusa-CID3-ID15g2ZV.html,yes
https://www.olx.pl/d/oferta/atrakcyjne-mieszkanie-2-pokojowe-dla-1-3-osob-od-1-10-2025-r-CID3-ID16yXTP.html,yes
https://www.olx.pl/d/oferta/kawalerka-stablowice-28m2-CID3-ID16Bgx5.html,yes
https://www.olx.pl/d/oferta/wynajme-kawalerke-w-centrum-wroclawia-bezposrednio-CID3-ID1394NK.html,yes
https://www.olx.pl/d/oferta/mieszkania-do-wynajecia-we-wroclawiu-CID3-ID15vQ9M.html,yes
https://www.olx.pl/d/oferta/kawalerka-20-m2-kozanow-CID3-ID16t4Km.html,yes
https://www.olx.pl/d/oferta/widne-2-pokoje-36m2-zwierzaki-mile-widziane-bezposrednio-CID3-ID16jKfA.html,yes
https://www.olx.pl/d/oferta/wynajme-duza-kawalerke-przy-szewskiej-3200zl-bez-dodatkowych-oplat-CID3-ID16w92l.html,yes
https://www.olx.pl/d/oferta/kawalerka-25m2-1-pietro-l-kowale-CID3-ID14bSo9.html,yes
https://www.olx.pl/d/oferta/do-wynajecia-mieszkanie-3pok-ul-slezna-CID3-ID16cZxT.html,yes
https://www.olx.pl/d/oferta/mieszkanie-dwupokojowe-wroclaw-centrum-CID3-ID16x8Rr.html,yes
https://www.olx.pl/d/oferta/komfortowa-kawalerka-wroclaw-nowa-lesnica-CID3-ID15QujH.html,yes
https://www.olx.pl/d/oferta/mieszkanie-na-wynajem-na-oltaszynie-pierwszy-najem-CID3-ID163RY3.html,yes
https://www.olx.pl/d/oferta/dwupokojowe-mieszkanie-na-brochowie-wynajme-dlugo-i-krotkoterminowo-CID3-ID13CcDa.html,yes
https://www.olx.pl/d/oferta/z-balkonem-nowe-traugutta-20-lipca-CID3-ID16q9l1.html,yes
https://www.olx.pl/d/oferta/mieszkanie-na-wynajem-wroclaw-ul-stronska-CID3-ID16yfaw.html,yes
https://www.olx.pl/d/oferta/2-pokojowe-szprotawska-bezposrednio-CID3-ID15GbUs.html,yes
https://www.olx.pl/d/oferta/wynajme-mieszkanie-przy-ul-roentgena-CID3-ID16oCJ2.html,yes
https://www.olx.pl/d/oferta/2-pokojowe-mieszkanie-z-balkonem-ul-nyska-85-3-700-zl-ze-wszystkim-CID3-ID16ARLM.html,yes
https://www.olx.pl/d/oferta/kawalerka-przy-legnickiej-59-CID3-ID16oubr.html,yes
https://www.olx.pl/d/oferta/kawalerka-ul-kosciuszki-do-wynajecia-CID3-ID15FZn1.html,yes
https://www.olx.pl/d/oferta/rezerwacjawynajme-mieszkanie-muchobor-wielki-ogrodek-zielona-okolica-CID3-ID16wFD6.html,yes
https://www.olx.pl/d/oferta/trzypokojowe-mieszkanie-do-wynajecia-fat-grabiszynska-3-pokoje-CID3-ID16A0A1.html,yes
https://www.olx.pl/d/oferta/widok-na-miasto-taras-i-balkon-centrum-CID3-ID16vHOx.html,yes
https://www.olx.pl/d/oferta/nowa-kolo-rynku-niskie-oplaty-0-prowizji-promocja-dla-par-CID3-ID16hNsa.html,yes
https://www.olx.pl/d/oferta/do-wynajecia-komfortowe-3-pokojowe-mieszkanie-CID3-IDSwwkK.html,yes
https://www.olx.pl/d/oferta/do-wynajecia-nowoczesne-mieszkanie-ul-gwiazdzista-wroclaw-CID3-ID16xswi.html,yes
https://www.olx.pl/d/oferta/2pokojeod-sierpniaksieze-male-CID3-ID16yCAC.html,yes
https://www.olx.pl/d/oferta/do-wynajecia-kawalerka-przy-parku-poludniowym-CID3-ID16rVaX.html,yes
https://www.olx.pl/d/oferta/do-wynajecia-mieszkanie-2-pokoje-teatralna-scisle-centrum-wroclaw-CID3-ID14u0Af.html,yes
https://www.olx.pl/d/oferta/pl-ru-eng-kawalerka-25m2-centrum-calosc-ok-2750-zl-pet-friendly-CID3-ID16hNvx.html,yes
https://www.olx.pl/d/oferta/duza-kawalerka-z-ogrodkiem-pierwszy-wynajem-CID3-ID16kNtp.html,yes
https://www.olx.pl/d/oferta/wynajme-przestronna-kawalerke-w-centrum-wroclawia-z-duzym-tarasem-CID3-ID16uZgR.html,yes
https://www.olx.pl/d/oferta/psie-pole-wroclaw-przytulna-mikrokawalerka-na-wynajem-CID3-ID13VTLK.html,yes
https://www.olx.pl/d/oferta/kawalerki-do-wynajecia-parking-w-cenie-fitness-CID3-IDTpW0b.html,yes
https://www.olx.pl/d/oferta/mieszkanie-na-wynajem-muchobor-wielki-CID3-ID16u2sM.html,yes
https://www.olx.pl/d/oferta/mieszkanie-obok-ul-jednosci-narodowej-CID3-ID15EJyw.html,yes
https://www.olx.pl/d/oferta/2-pok-balkon-kaszubska-od-1-08-CID3-ID16wZn1.html,yes
https://www.olx.pl/d/oferta/mieszkanie-do-wynajecia-w-centrum-wroclawia-CID3-ID15Hhi7.html,yes
https://www.olx.pl/d/oferta/mieszkanie-do-wynajecia-CID3-ID16AOSs.html,yes
https://www.olx.pl/d/oferta/przytulna-kawalerka-CID3-ID16uW4V.html,yes
https://www.olx.pl/d/oferta/do-wynajecia-mieszkanie-3pok-ul-borowska-CID3-ID16AfkX.html,yes
https://www.olx.pl/d/oferta/miszkanie-2-pokojowe-wroclaw-al-wisniowa-CID3-ID16sfI8.html,yes
https://www.olx.pl/d/oferta/3-pokoje-luksusowe-kepa-mieszczanska-bez-prowizji-CID3-ID16mct9.html,yes
https://www.olx.pl/d/oferta/mieszkanie-dwupokojowe-ul-legnicka-na-wynajem-CID3-ID16As2Y.html,yes
https://www.olx.pl/d/oferta/wynajem-mieszkania-2-pokojowego-przy-ulicy-braniborskiej-CID3-ID16yFR8.html,yes
https://www.olx.pl/d/oferta/2-pokoje-z-balkonem-pets-friendly-magnolia-park-CID3-ID16ePDB.html,yes
https://www.olx.pl/d/oferta/bez-prowizji-kawalerka-angel-city-z-dostepem-do-spa-CID3-ID16o8eN.html,yes
https://www.olx.pl/d/oferta/2-pokoje-plac-grunwaldzki-od-zaraz-CID3-ID16hMIk.html,yes
https://www.olx.pl/d/oferta/przytulna-kawalerka-25m2-grabiszynska-CID3-ID16rNgk.html,yes
https://www.olx.pl/d/oferta/mieszkanie-3-pokoje-jagodno-taras-garaz-CID3-ID14eJEc.html,yes
https://www.olx.pl/d/oferta/2-pokojowe-mieszkanie-przy-placu-grunwaldzkim-40m-CID3-ID166c22.html,yes
https://www.olx.pl/d/oferta/mieszkanie-obok-2-parkow-42m-CID3-ID16uA2S.html,yes
https://www.olx.pl/d/oferta/mieszkanie-z-ogrodkiem-piwnica-i-miejscem-parkingowym-CID3-ID168qj0.html,yes
https://www.olx.pl/d/oferta/do-wynajecia-mieszkanie-80-metrow-z-tarasem-CID3-ID16ARE6.html,yes
https://www.olx.pl/d/oferta/4-pokojowe-mieszkanie-ul-legnicka-CID3-ID140CvR.html,yes
https://www.olx.pl/d/oferta/mieszkanie-3-pokojowe-na-wynajem-oporow-CID3-ID16uZLQ.html,yes
https://www.olx.pl/d/oferta/wynajme-od-zaraz-mieszkanie-3-pokoje-dla-studentow-wroclaw-szczepin-CID3-ID16s2c4.html,yes
https://www.olx.pl/d/oferta/mieszkanie-studio-malopanewska-CID3-IDUsrCp.html,yes
https://www.olx.pl/d/oferta/do-wynajecia-mieszkanie-2-pokoje-z-balkonem-umeblowane-i-wyposazone-CID3-ID166sbz.html,yes
https://www.olx.pl/d/oferta/okazja-2-pok-z-balkonem-w-cenie-kawalerki-CID3-ID160ur2.html,yes
https://www.olx.pl/d/oferta/kawalerka-z-oddzielna-kuchnia-CID3-ID16uET3.html,yes
https://www.olx.pl/d/oferta/kawalerka-we-wroclawiu-CID3-ID146twa.html,yes
https://www.olx.pl/d/oferta/mieszkanie-dwu-pokojowe-48m2-centrum-wroclaw-wlasciciel-mozli-umeblow-CID3-IDGe4ZJ.html,yes
https://www.olx.pl/d/oferta/mieszkanie-2-pokoje-40m2-klimatyzacja-ul-agrestowa-oltaszyn-CID3-ID16AOJv.html,yes
https://www.olx.pl/d/oferta/3-pok-ul-szczytnicka-27-kampus-grunwaldzki-green-day-CID3-ID16Acj1.html,yes
https://www.olx.pl/d/oferta/wroclaw-rozanka-3-pokoje-58-m-po-remoncie-dlugoterminowo-CID3-ID16ro4q.html,yes
https://www.olx.pl/d/oferta/do-wynajecia-mieszkanie-5-pietro-CID3-ID16w97b.html,yes
https://www.olx.pl/d/oferta/studio-od-zaraz-parking-fitness-recepcja-CID3-IDbkHkp.html,yes
https://www.olx.pl/d/oferta/do-wynajecia-mieszkanie-w-kamienicy-ul-krakowska-armii-krajowej-CID3-ID16mJQz.html,yes
https://www.olx.pl/d/oferta/mieszkanie-stanislawskiego-bez-posrednikow-CID3-ID16r3U4.html,yes
https://www.olx.pl/d/oferta/kawalerka-z-klimatyzacja-na-ulicy-plac-nowy-targ-stare-miasto-CID3-ID16nnHv.html,yes
https://www.olx.pl/d/oferta/dwupokojowe-50m2-lux-klima-parking-kepa-mieszczanska-CID3-ID16i5Uj.html,yes
https://www.olx.pl/d/oferta/do-wynajecia-dwupokojowe-mieszkanie-na-karlowicach-CID3-ID16yjiK.html,yes
https://www.olx.pl/d/oferta/do-wynajecia-mieszkanie-1-pok-pl-grunwaldzki-CID3-ID14UwdL.html,yes
https://www.olx.pl/d/oferta/na-wynajem-pierwszy-najem-CID3-ID15q325.html,yes
https://www.olx.pl/d/oferta/wynajem-mieszkania-3-pokoje-z-balkonem-ul-piaskowa-CID3-ID16aLHz.html,yes
https://www.olx.pl/d/oferta/oltaszyn-do-wynajecia-mieszkanie-z-ogrodkiem-przyjazne-zwierzetom-CID3-ID16wFnH.html,yes
https://www.olx.pl/d/oferta/kawalerka-zacisze-zalesie-sepolno-pet-friendly-CID3-IDNb0Pt.html,yes
https://www.olx.pl/d/oferta/mieszkanie-z-ogrodkiem-wroclaw-osobowice-ul-ostrzeszowska-CID3-ID16mcWp.html,yes
https://www.olx.pl/d/oferta/do-wynajecia-mieszkanie-2pok-ul-kamienna-miejsce-postojowe-CID3-ID16zmAj.html,yes
https://www.olx.pl/d/oferta/mieszkanie-2-pokojowe-stablowice-43m2-klimatyzacja-CID3-ID16uO9A.html,yes
https://www.olx.pl/d/oferta/promenady-wroclawskie-50-m2-ogrodek-CID3-ID16AxMK.html,yes
https://www.olx.pl/d/oferta/mieszkanie-do-wynajecia-sienkiewicza-matejki-ogrod-botaniczny-centrum-CID3-ID169KP1.html,yes
https://www.olx.pl/d/oferta/mieszkanie-do-wynajecia-CID3-ID16xwPy.html,yes
https://www.olx.pl/d/oferta/przestronne-2-pok-mieszkanie-zakladowa-24-parking-pets-friendly-CID3-ID16vk3x.html,yes
https://www.olx.pl/d/oferta/sloneczna-kawalerka-w-swietnej-lokalizacji-CID3-ID16s46h.html,yes
https://www.olx.pl/d/oferta/mieszkanie-2-pokojowe-na-wynajem-od-sierpnia-na-hubach-CID3-ID16wvrC.html,yes
https://www.olx.pl/d/oferta/wynajme-mieszkanie-CID3-ID14AXGE.html,yes
https://www.olx.pl/d/oferta/kawalerka-z-tarasem-i-garazem-malopanewska-bez-prowizji-CID3-ID160TNr.html,yes
https://www.olx.pl/d/oferta/mieszkanie-53-m2-na-biskupinie-zarezerwowane-CID3-ID16xVz6.html,yes
https://www.olx.pl/d/oferta/mieszkanie-kawalerka-16pietro-tarnogaj-ul-jesionowa-33m-CID3-ID107f8q.html,yes
https://www.olx.pl/d/oferta/maslice-ul-suwalska-wynajem-CID3-ID153bRj.html,yes
https://www.olx.pl/d/oferta/mieszkanie-wynajem-kozanow-wroclaw-2-pokoje-CID3-ID16wg5Y.html,yes
https://www.olx.pl/d/oferta/mieszkanie-wyszynskiego-59-dwupokojowe-ogrod-botaniczny-komorka-lok-CID3-ID16zNq9.html,yes
https://www.olx.pl/d/oferta/kawalerka-15m-kosciuszki-od-15-08-CID3-ID16jd9H.html,yes
https://www.olx.pl/d/oferta/mieszkanie-na-wynajem-CID3-ID13dZDs.html,yes
https://www.olx.pl/d/oferta/2-pokojowe-mieszkanie-krzyki-CID3-ID12R2Z3.html,yes
https://www.olx.pl/d/oferta/mieszkanie-pakoslawska-kliamtyzacja-marino-kamienskiego-CID3-ID15RXf1.html,yes
https://www.olx.pl/d/oferta/wolne-od-1-08-2025-mieszkanie-ul-nowodworska-39-nowy-dwor-CID3-ID16nKPx.html,yes
https://www.olx.pl/d/oferta/wynajme-kuzniki-dostepne-01-7-2500-CID3-ID16mBf4.html,yes
https://www.olx.pl/d/oferta/mieszkanie-na-wynajem-2-pokojowe-ul-wojaczka-CID3-ID16koKA.html,yes
https://www.olx.pl/d/oferta/wynajem-2-pokojowe-mieszkanie-ul-dmowskiego-CID3-ID16sOsO.html,yes
https://www.olx.pl/d/oferta/krotkoterminowe-wynajem-max-6-osob-CID3-ID16sNci.html,yes
https://www.olx.pl/d/oferta/jaworska-26m2-od-zaraz-dobry-standard-fvat-CID3-ID16g7bd.html,yes
https://www.olx.pl/d/oferta/trzypokojowe-mieszkanie-na-wynajem-CID3-ID16oI8d.html,yes
https://www.olx.pl/d/oferta/wynajme-mieszkanie-2-pokojowe-ul-traugutta-wroclaw-CID3-ID16fNkT.html,yes
https://www.olx.pl/d/oferta/wynajme-mieszkanie-CID3-ID16ktgn.html,yes
https://www.olx.pl/d/oferta/mieszkanie-rozklad-2-pokoje-taras-miejsce-postojowe-rozanka-CID3-ID16xauv.html,yes
https://www.olx.pl/d/oferta/jamesa-cooka-2-pokoje-bez-prowizji-CID3-ID16yh6M.html,yes
https://www.olx.pl/d/oferta/2-oddzielne-pokoje-ul-soltysowicka-koszarowa-CID3-ID1676iO.html,yes
https://www.olx.pl/d/oferta/do-wynajecia-mieszkanie-2pok-ul-bobrza-CID3-ID16zlZ4.html,yes
https://www.olx.pl/d/oferta/wynajme-kawalerke-26m2-wroclaw-plac-grunwaldzki-CID3-ID16hA6l.html,yes
https://www.olx.pl/d/oferta/33m2-z-oddzielna-kuchnia-przy-rondzie-lotnikow-psie-pole-CID3-ID16xMmR.html,yes
https://www.olx.pl/d/oferta/ladna-kawalerka-33m-ul-nowowiejska-srodmiescie-centrum-wroclaw-CID3-ID16r1aL.html,yes
https://www.olx.pl/d/oferta/2-pokojowe-mieszkanie-oporow-ul-balzaka-ogrodek-garaz-CID3-ID16mcrZ.html,yes
https://www.olx.pl/d/oferta/2-pokojowe-mieszkanie-ul-soltysowicka-koszarowa-CID3-ID1673Wo.html,yes
https://www.olx.pl/d/oferta/kawalerka-wroclaw-centrum-wynajem-CID3-ID16h9eM.html,yes
https://www.olx.pl/d/oferta/2-pokoje-prywatna-kuchnia-nadodrze-blisko-wyspy-slodowej-CID3-ID15W4PP.html,yes
https://www.olx.pl/d/oferta/na-wynajem-sloneczne-mieszkanie-dwupokojowe-w-nowym-budownictwie-CID3-ID16gihz.html,yes
https://www.olx.pl/d/oferta/mieszkanie-do-wynajecia-ul-zakladowa-promenady-wroclawskie-CID3-ID16yVjp.html,yes
https://www.olx.pl/d/oferta/83m2-mieszkanie-4-pokojowe-6500-zl-wszystko-gadow-CID3-ID15VA41.html,yes
https://www.olx.pl/d/oferta/mieszkanie-z-balkonem-komorka-lok-oraz-miejscem-w-garazu-pod-CID3-ID16rFNX.html,yes
https://www.olx.pl/d/oferta/mieszkanie-na-wynajem-od-zaraz-ul-bezpieczna-rozanka-CID3-ID16qYjm.html,yes
https://www.olx.pl/d/oferta/mieszkanie-2-pokojowe-na-wynajem-naprzeciw-ogrodu-botanicznego-CID3-ID16tpgG.html,yes
https://www.olx.pl/d/oferta/2-sypialnie-salon-z-aneksem-kuchennym-CID3-ID14lSDW.html,yes
https://www.olx.pl/d/oferta/kawalerka-przy-tarasach-grabiszynskichh-CID3-ID11tCqU.html,yes
https://www.olx.pl/d/oferta/przytulne-mieszkanie-na-rozance-z-balkonem-CID3-ID16y8dt.html,yes
https://www.olx.pl/d/oferta/do-wynajecia-mieszkanie-2-pokoje-ul-karola-olszewskiego-23c-wroclaw-CID3-ID16tzVI.html,yes
https://www.olx.pl/d/oferta/wynajem-mieszkanie-2-pokoje-57m2-wroclaw-karlowice-romanowskiego-CID3-ID12vth0.html,yes
https://www.olx.pl/d/oferta/mieszkanie-przy-ul-wesolej-2-przy-parku-wodnym-CID3-ID16qOrI.html,yes
https://www.olx.pl/d/oferta/sliczne-mieszkanie-na-borku-z-balkonem-CID3-ID16gCWk.html,yes
https://www.olx.pl/d/oferta/do-wynajecia-komfortowe-wyposazone-dwupokojowe-mieszkanie-CID3-ID16jcFG.html,yes
https://www.olx.pl/d/oferta/wynajem-mieszkania-CID3-ID15jvSF.html,yes
https://www.olx.pl/d/oferta/dwupokojowe-mieszkanie-35m2-200m-od-rynku-CID3-ID16eZ3j.html,yes
https://www.olx.pl/d/oferta/2-pokoje-jableczna-pelen-rozklad-bez-prowizji-CID3-ID160WcK.html,yes
https://www.olx.pl/d/oferta/wynajme-mieszkanie-2-pokoje-65m-kredka-i-olowek-CID3-ID162XOE.html,yes
https://www.olx.pl/d/oferta/kawalerka-do-wynajecia-CID3-ID11VEga.html,yes
https://www.olx.pl/d/oferta/wynajem-mieszkania-CID3-ID16hCk9.html,yes
https://www.olx.pl/d/oferta/kawalerka-kozanow-CID3-ID16fpiw.html,yes
https://www.olx.pl/d/oferta/nowe-nikt-nie-mieszkal-2-pok-49m-przy-rynku-swiebodzkim-wroclaw-CID3-ID16eIcp.html,yes
https://www.olx.pl/d/oferta/piekna-kawalerka-z-antresola-przy-dworcu-gl-pkp-od-zaraz-1-08-CID3-ID15UoE8.html,yes
https://www.olx.pl/d/oferta/wynajme-pol-domu-mieszkanie-z-ogrodkiem-CID3-ID16oIGo.html,yes
https://www.olx.pl/d/oferta/mieszkanie-2-pok-balkon-i-p-ulica-norblina-biskupin-od-sieprnia-CID3-ID16ritK.html,yes
https://www.olx.pl/d/oferta/3-pokojowe-po-remoncie-ul-legnicka-balkon-cisza-i-wygoda-CID3-ID16rF2D.html,yes
https://www.olx.pl/d/oferta/mieszkanie-2-pokojowe-z-oddzielna-kuchnia-ul-altanowa-krzyki-CID3-ID15nnqP.html,yes
https://www.olx.pl/d/oferta/mieszkanie-do-wynajecia-2-pokoje-plus-salon-CID3-ID16wOhi.html,yes
https://www.olx.pl/d/oferta/mieszkanie-3-pokojowe-do-wynajecia-centrum-stare-miasto-CID3-ID16iXMU.html,yes
https://www.olx.pl/d/oferta/2-pok-grunwaldzki-wyszynskiego-balkon-kolo-green-day-CID3-ID16wYwm.html,yes
https://www.olx.pl/d/oferta/mieszkanie-na-wynajem-przy-ul-slominskiego-40m-CID3-ID15L1mE.html,yes
https://www.olx.pl/d/oferta/od-wlasciciela-1-1-w-angel-city-balkon-w-patio-spa-gym-pl-ua-en-CID3-ID16uK7G.html,yes
https://www.olx.pl/d/oferta/wynajme-mieszkanie-ok40m2-CID3-ID16pmVz.html,yes
https://www.olx.pl/d/oferta/kawalerka-36m2garaz-balkonzielona-okolicabezposrednio-od-sierpnia-CID3-IDLmGp9.html,yes
https://www.olx.pl/d/oferta/nowoczesna-kawalerka-paulinska-bezposrednio-CID3-ID16fNkD.html,yes
https://www.olx.pl/d/oferta/apartament-wolny-od-zaraz-CID3-IDYjOd9.html,yes
https://www.olx.pl/d/oferta/duzy-przestronny-2-pozomowy-apartament-na-krzykach-CID3-ID14d25v.html,yes
https://www.olx.pl/d/oferta/wynajme-mieszkanie-55m-3-pok-stalowa-parking-balkon-CID3-ID15JZEh.html,yes
https://www.olx.pl/d/oferta/mieszkanie-61m2-na-wynajem-biskupin-CID3-ID1612d1.html,yes
https://www.olx.pl/d/oferta/wroclaw-do-wynajecia-3-pokoje-huby-ul-przestrzenna-CID3-ID16xcv4.html,yes
https://www.olx.pl/d/oferta/mieszkanie-do-wynajecia-2-pokoje-super-lokalizacja-CID3-ID163nEN.html,yes
https://www.olx.pl/d/oferta/przytulne-mieszkanie-partet-muchobr-maly-CID3-ID16gkKe.html,yes
https://www.olx.pl/d/oferta/2-pokoje-oddzielna-kuchnia-czartoryskiego-bez-prowizji-CID3-ID16vvvv.html,yes
https://www.olx.pl/d/oferta/mieszkanie-2-pokojowe-przy-ul-traugutta-CID3-ID15s15B.html,yes
https://www.olx.pl/d/oferta/2-pokojowe-mieszkanie-na-nowym-dworze-CID3-ID165bBy.html,yes
https://www.olx.pl/d/oferta/mieszkanie-49m2-2-pokoje-taras-garaz-w-cenie-zwierzeta-maslice-CID3-ID16qRk6.html,yes
https://www.olx.pl/d/oferta/komfortowe-klimatyzowane-2-pokojowe-mieszkanie-na-jagodnie-CID3-ID14jS8h.html,yes
https://www.olx.pl/d/oferta/mieszkanie-85m-2-sypialnie-salon-2-x-miejsce-postojowe-CID3-ID124psa.html,yes
https://www.olx.pl/d/oferta/mieszkanie-oltaszyn-100-m2-CID3-ID13J5m3.html,yes
https://www.olx.pl/d/oferta/mieszkanie-na-wynajem-ul-polaka-plac-grunwaldzki-39m-CID3-ID16d9m2.html,yes
https://www.olx.pl/d/oferta/mieszkanie-do-wynajecia-klecina-CID3-ID16wa04.html,no
https://www.olx.pl/d/oferta/kawalerka-wroclaw-kazimierza-wielkiego-CID3-ID14l5rO.html,no
https://www.olx.pl/d/oferta/dwupokojowe-mieszkanie-45m2-ul-zlotnicka-CID3-ID164Z1a.html,no
https://www.olx.pl/d/oferta/wynajme-kawalerke-CID3-ID16vCqu.html,no
https://www.olx.pl/d/oferta/2-pokojowe-mieszkanie-nowe-atal-city-square-ul-madalinskiego-CID3-ID16qZ2S.html,no
https://www.olx.pl/d/oferta/2-pokojowe-mieszkanie-klimatyzacja-ul-polaka-pl-grunwaldzki-CID3-ID16wZIi.html,no
https://www.olx.pl/d/oferta/komfortowa-kawalerka-przy-rynku-30m2-od-zaraz-CID3-ID16oKXl.html,no
https://www.olx.pl/d/oferta/atrakcyjne-2-pokojowe-idealna-lokalizacja-CID3-ID16lxxQ.html,no
https://www.olx.pl/d/oferta/kawalerka-28m2-boczna-legnickiej-2km-od-rynku-300zl-wszystkie-oplaty-CID3-ID16v9m9.html,no
https://www.olx.pl/d/oferta/mieszkanie-5-pokojowe-CID3-ID16xUlq.html,no
https://www.olx.pl/d/oferta/legnicka-popowice-magnolia-bez-posrednikow-CID3-ID16nNHd.html,no
https://www.olx.pl/d/oferta/ul-pawlowa-stare-miasto-wroclaw-sloneczne-1-pokojowe-36-m-CID3-IDPmygI.html,no
https://www.olx.pl/d/oferta/luksusowe-nowe-klimatyzowane-mieszkanie-na-starym-miescie-CID3-ID16wu4C.html,no
https://www.olx.pl/d/oferta/nowe-z-miejscem-garazowym-z-meblami-od-zaraz-CID3-ID15MWMV.html,no
https://www.olx.pl/d/oferta/mieszkanie-do-wynajecia-brzoskwiniowa-borowska-armii-krajowej-CID3-ID16BIYB.html,no
https://www.olx.pl/d/oferta/ladne-rozkladowe-mieszkanie-2-pokojowe-w-ok-dubois-i-wyspy-slodowej-CID3-ID16wWtj.html,no
https://www.olx.pl/d/oferta/3-pokojowy-apartament-browary-wroclawskie-CID3-ID13G0tx.html,no
https://www.olx.pl/d/oferta/2-pokojowe-mieszkanie-z-klimatyzacja-kurkowa-14-od-zaraz-CID3-ID15PUNm.html,no
https://www.olx.pl/d/oferta/muchobor-wielki-3-pokojowe-mieszkanie-do-wynajecia-po-remoncie-CID3-ID16etU8.html,no
https://www.olx.pl/d/oferta/mieszkanie-2-pokojowe-37-m2-nowe-wysoki-standard-mlyn-maria-CID3-ID14kdBl.html,no
https://www.olx.pl/d/oferta/mieszkanie-3-pokojowe-przy-ul-kruszwickiej-CID3-ID16w7yC.html,no
https://www.olx.pl/d/oferta/stylowe-male-studio-w-kamienicy-CID3-ID16BXdk.html,no
https://www.olx.pl/d/oferta/piekne-2-pokoje-jesionowa-bez-prowizji-CID3-ID15TfAp.html,no
https://www.olx.pl/d/oferta/wynajme-kawalerke-wroclaw-srodmiescie-CID3-IDVbhpn.html,no
https://www.olx.pl/d/oferta/wynajem-kawalerki-studio-centrum-wroclaw-CID3-ID138XRh.html,no
https://www.olx.pl/d/oferta/kawalerka-ul-trzebnicka-CID3-ID16hA4B.html,no
https://www.olx.pl/d/oferta/stylowe-mieszkanie-w-kompleksie-browary-wroclawskie-2-pokoje-51m2-CID3-ID15bzli.html,no
https://www.olx.pl/d/oferta/2-pokoje-na-nadodrzu-50-m2-CID3-ID16BZYA.html,no
https://www.olx.pl/d/oferta/kawalerka-w-starym-miescie-przy-odrzanskiej-CID3-IDOGQhB.html,no
https://www.olx.pl/d/oferta/kawalerka-bez-prowizji-z-balkonem-i-jaworska-i-legnicka-wysoki-standar-CID3-ID16zyfx.html,no
https://www.olx.pl/d/oferta/wynajme-mieszkanie-biskupin-CID3-ID16nL6P.html,no
https://www.olx.pl/d/oferta/ul-soltysowicka-2-pok-dla-studentow-osob-pracujacych-od-zaraz-CID3-ID16BRHd.html,no
https://www.olx.pl/d/oferta/wynajme-mieszkanie-psie-pole-ogrod-garaz-2-pokoje-CID3-ID16y7UY.html,no
https://www.olx.pl/d/oferta/3-pokoje-pelen-rozklad-rozanka-CID3-ID16BTfZ.html,no
https://www.olx.pl/d/oferta/mieszkanie-do-wynajecia-CID3-ID16BANL.html,no
https://www.olx.pl/d/oferta/kawalerka-z-sypialnia-36m2-wroclaw-centrum-do-wynajecia-od-07-2025-CID3-ID16hZ1U.html,no
https://www.olx.pl/d/oferta/mieszkanie-na-wynajem-we-wroclawiu-przy-ul-brzoskwiniowej-CID3-ID16jCHP.html,no
https://www.olx.pl/d/oferta/wynajme-mieszkanie-wroclaw-skwierzynska-blisko-skytower-CID3-ID15bzrs.html,no
https://www.olx.pl/d/oferta/ladna-funkcjonalna-kawalerka-do-wynajecia-soltysowicka-wroclaw-CID3-ID16pRhJ.html,no
https://www.olx.pl/d/oferta/kawalerka-w-centrum-cicha-CID3-ID16p1qn.html,no
https://www.olx.pl/d/oferta/politechnika-kawalerka-klimatyzacja-blisko-uczelnia-CID3-ID16fMxv.html,no
https://www.olx.pl/d/oferta/przestronna-kawalerka-na-nadodrzu-CID3-ID1670D2.html,no
https://www.olx.pl/d/oferta/mieszkanie-dla-pary-osobowicka-2-pokoje-38m2-CID3-ID16BXPw.html,no
https://www.olx.pl/d/oferta/3-pokoje-64-mkw-wynajem-bajana-lokalizacja-CID3-ID16BRsA.html,no
https://www.olx.pl/d/oferta/kawalerka-wynajem-CID3-ID16wvPw.html,no
https://www.olx.pl/d/oferta/kawalerka-dla-pary-CID3-ID16BoU4.html,no
https://www.olx.pl/d/oferta/2-pokojowe-mieszkanie-sienkiewicza-residence-pierwszy-najem-garaz-CID3-ID16BWA4.html,no
https://www.olx.pl/d/oferta/duze-mieszkanie-z-osobna-strefa-sypialna-3100-zl-ul-grabiszynska-CID3-ID16yHAd.html,no
https://www.olx.pl/d/oferta/pierwszy-najem-2-pokoje-garderoba-balkon-po-generalnym-remoncie-CID3-ID167V7E.html,no
https://www.olx.pl/d/oferta/2-pokojowe-centrum-ul-traugutta-CID3-ID16vSiD.html,no
https://www.olx.pl/d/oferta/piekna-kawalerka-lakowa-bezposrednio-CID3-ID16fNKi.html,no
https://www.olx.pl/d/oferta/wynajme-kawalerke-CID3-ID16BHE1.html,no
https://www.olx.pl/d/oferta/mieszkanie-apartament-kawalerka-wroclaw-psie-pole-hydral-do-wynajecia-CID3-ID16js8s.html,no
https://www.olx.pl/d/oferta/wysoki-standard-2-pokoje-garaz-balkon-CID3-ID16BTeJ.html,no
https://www.olx.pl/d/oferta/przytulna-kawalerka-przy-dworcu-pkp-CID3-ID16BNu1.html,no
https://www.olx.pl/d/oferta/2-pokoje-cybulskiego-bez-prowizji-CID3-ID16BPi2.html,no
https://www.olx.pl/d/oferta/duza-kawalerka-w-bardzo-dobrym-standardzie-wroclaw-krzyki-CID3-ID16lusE.html,no
https://www.olx.pl/d/oferta/kawalerka-grabiszynska-centrum-CID3-ID16AoEq.html,no
https://www.olx.pl/d/oferta/do-wynajecia-kawalerka-dla-jednej-osoby-CID3-ID16pg7f.html,no
https://www.olx.pl/d/oferta/2-pokojowe-mieszkanie-do-wynajecia-na-ksiezu-malym-CID3-ID13XNRi.html,no
https://www.olx.pl/d/oferta/mieszkanie-do-wynajecia-CID3-ID12cunb.html,no
https://www.olx.pl/d/oferta/mieszkanie-w-centrum-po-remoncie-3-pokoje-ul-lubinska-szczepin-CID3-ID16zZPu.html,no
https://www.olx.pl/d/oferta/nowa-duza-kawalerka-z-wydzielonym-miejscem-do-spania-CID3-ID16olys.html,no
https://www.olx.pl/d/oferta/wynajme-zupelnie-nowy-pokoj-jednoosobowy-centrum-wroclaw-od-zaraz-CID3-ID16AMsG.html,no
https://www.olx.pl/d/oferta/wynajme-mieszkanie-2-pokojowe-54m2-zegiestowska-CID3-ID16zMdX.html,no
https://www.olx.pl/d/oferta/kawalerka-do-wynajecia-ul-jemiolowa-CID3-ID16y1d9.html,no
https://www.olx.pl/d/oferta/mieszkanie-na-wynajem-3-pokoje-64m2-CID3-ID16Blx4.html,no
https://www.olx.pl/d/oferta/kawalerka-wroclaw-plac-grunwaldzki-wynajem-od-zaraz-CID3-ID16vjmZ.html,no
https://www.olx.pl/d/oferta/3-pokoje-na-kameralnym-osiedlu-ul-balzaka-CID3-ID15Pyag.html,no
https://www.olx.pl/d/oferta/do-wynajecia-2-pokojowe-na-sepolnie-we-wroclawiu-CID3-ID16wFvF.html,no
https://www.olx.pl/d/oferta/2pokoje-z-kuchnia-rezerwacja-CID3-ID13vqWy.html,no
https://www.olx.pl/d/oferta/2-pok-ul-obornicka-balkon-garaz-CID3-ID16qxP5.html,no
https://www.olx.pl/d/oferta/mieszkanie-2-pokojowe-38-m2-kepa-mieszczanska-centrum-CID3-ID16tU5n.html,no
https://www.olx.pl/d/oferta/2-pokojowe-mieszkanie-z-duzym-balkonem-od-zaraz-CID3-ID16BcWB.html,no
https://www.olx.pl/d/oferta/nowe-komfortowe-studio-tuz-przy-magnolii-CID3-ID15fzej.html,no
https://www.olx.pl/d/oferta/mieszkanie-do-wynajecia-ul-zawidowska-wroclaw-CID3-ID16vSao.html,no
https://www.olx.pl/d/oferta/2-pokojowe-mieszkanie-ul-zachodnia-szczepin-stare-miasto-40-m-CID3-ID16BXKV.html,no
https://www.olx.pl/d/oferta/kawalerka-w-legnicka-street-z-parkingiem-w-cenie-CID3-ID16zhsz.html,no
https://www.olx.pl/d/oferta/wroclaw-fabryczna-nowy-dwor-chociebuska-nowe-we-speek-english-CID3-ID16qg4w.html,no
https://www.olx.pl/d/oferta/kawalerka-wroclaw-krakowska-nowa-CID3-ID16z8IJ.html,no
https://www.olx.pl/d/oferta/wolny-pokoj-dla-1-osoby-wroclaw-gajowice-blisko-ch-borek-CID3-ID15Idjw.html,no
https://www.olx.pl/d/oferta/do-wynajecia-mieszkanie-dwupokojowe-CID3-ID15XNbg.html,no
https://www.olx.pl/d/oferta/kawalerka-w-poblizu-dubois-26m-osobna-kuchnia-CID3-ID16xNVw.html,no
https://www.olx.pl/d/oferta/mieszkanie-2pokojeszczepin3ptarasik10minrynekporemkapitaln-windaminrok-CID3-ID16BRbS.html,no
https://www.olx.pl/d/oferta/wynajem-wroclaw-maslice-2-pokojowe-mieszkanie-pierwszy-najem-CID3-ID16BEE0.html,no
https://www.olx.pl/d/oferta/kawalerka-25m2-srodmiescie-ul-wyszynskiego-przy-parku-tolpy-CID3-ID16md5k.html,no
https://www.olx.pl/d/oferta/mieszkanie-2-pokojowe-na-jesionowej-CID3-ID16x7B0.html,no
https://www.olx.pl/d/oferta/do-wynajecia-2-pokojowe-mieszkanie-ul-krzycka-85a-wroclaw-CID3-ID16BNC8.html,no
https://www.olx.pl/d/oferta/2-pokoje-wysoki-standard-bezczynszowe-CID3-ID16sS6b.html,no
https://www.olx.pl/d/oferta/dwupokojowy-apartament-w-centrum-miasta-ul-mieszczanska-CID3-ID16BeOR.html,no
https://www.olx.pl/d/oferta/wynajme-mieszkanie-CID3-ID16BFlz.html,no
https://www.olx.pl/d/oferta/mieszkanie-ul-nyska-wroclaw-od-wrzesnia-CID3-ID16x7ED.html,no
https://www.olx.pl/d/oferta/mieszkanie-do-wynajecia-od-01-08-2025r-wroclaw-ul-gajowicka-CID3-IDLN6yP.html,no
https://www.olx.pl/d/oferta/duza-i-przytulna-kawalerka-przy-placu-grunwaldzkim-od-polowy-lipca-CID3-ID16lJbA.html,no
https://www.olx.pl/d/oferta/plac-grunwaldzki-mieszkanie-3-pokojowe-do-wynajecia-CID3-ID11eqGh.html,no
https://www.olx.pl/d/oferta/krzyki-wojszyce-kawalerka-27m2-CID3-ID16o0hl.html,no
https://www.olx.pl/d/oferta/wynajme-mieszkanie-2-pokojowe-CID3-ID16sRuv.html,no
https://www.olx.pl/d/oferta/przytulna-kawalerka-z-balkonem-na-jagodnie-osiedle-cztery-pory-roku-CID3-ID16q9Ou.html,no
https://www.olx.pl/d/oferta/wynajme-kawalerke-wroclaw-centrum-ul-podworcowa-nowoczesny-budyne-CID3-ID16wPT1.html,no
https://www.olx.pl/d/oferta/typu-studio-garaz-dla-pary-lub-singla-CID3-ID16B9ZM.html,no
https://www.olx.pl/d/oferta/kawalerka-z-loggia-wyposazona-i-umeblowana-CID3-ID16BbsK.html,no
https://www.olx.pl/d/oferta/mieszkanie-65m2-ul-energetyczna-3-pokoje-3-4-osoby-4000-zl-CID3-ID16uneE.html,no
https://www.olx.pl/d/oferta/kawalerka-przy-dworcu-glownym-CID3-ID16q6fK.html,no
https://www.olx.pl/d/oferta/mieszkanie-na-wynajem-ul-lelewela-wroclaw-CID3-ID16BrDJ.html,no
https://www.olx.pl/d/oferta/super-lokalizacja-3-pokoje-po-remoncie-ul-krucza-blisko-sky-tower-CID3-ID16A2DP.html,no
https://www.olx.pl/d/oferta/port-popowice-mieszkanie-2-pokoje-od-zaraz-CID3-ID16njG3.html,no
https://www.olx.pl/d/oferta/mieszkanie-do-wynajecia-tuz-przy-sky-tower-CID3-ID16yVo7.html,no
https://www.olx.pl/d/oferta/kawalerka-wroclaw-srodmiescie-CID3-IDPT6Cl.html,no
https://www.olx.pl/d/oferta/wynajme-mieszkanie-studentom-CID3-ID16nDNW.html,no
https://www.olx.pl/d/oferta/piekne-mieszkanie-2-pokojowe-z-garazem-ulica-obornicka-CID3-ID16BzXW.html,no
https://www.olx.pl/d/oferta/wynajem-mieszkania-ul-wandy-rutkiewicz-3-pokoje-48-m-CID3-ID16BqiV.html,no
https://www.olx.pl/d/oferta/mieszkanie-z-duza-antresola-na-wynajem-CID3-ID16xoil.html,no
https://www.olx.pl/d/oferta/kawalerka-blisko-tramwaju-bezposrednio-od-wlasciciela-zlotniki-CID3-IDDYAj0.html,no
https://www.olx.pl/d/oferta/2-pokojowe-mieszkanie-na-biskupinie-bez-posrednikow-CID3-ID16BoiP.html,no
https://www.olx.pl/d/oferta/kawalerka-w-scislym-centrum-CID3-ID12tDLG.html,no
https://www.olx.pl/d/oferta/wynajme-dwupokojowe-mieszkanie-w-centrum-wroclawia-50m2-CID3-ID16Ba1n.html,no
https://www.olx.pl/d/oferta/2-pokojowe-mieszkanie-wroclaw-blisko-dworca-glownego-CID3-ID16nhF0.html,no
https://www.olx.pl/d/oferta/piekna-kawalerka-jednosci-narodowej-browary-wyszynskiego-dla-studenta-CID3-ID11Ntv8.html,no
https://www.olx.pl/d/oferta/kawalerka-do-wynajecia-studio-w-centrum-wroclawia-ul-worcella-CID3-ID16vvIi.html,no
https://www.olx.pl/d/oferta/kawalerka-duzy-metraz-na-wynajem-wroclaw-biskupin-CID3-ID16B4tD.html,no
https://www.olx.pl/d/oferta/okazja-kawalerka-36m2-jesionowa-CID3-ID16mHyN.html,no
https://www.olx.pl/d/oferta/wynajme-kawalerke-ul-boya-zelenskiego-CID3-ID12OMfx.html,no
https://www.olx.pl/d/oferta/oltaszyn-straczkowa-wynajne-mieszaniezaczynam-tutaj-bo-zawsze-lepie-CID3-ID16mnoO.html,no
https://www.olx.pl/d/oferta/2-pokojowe-mieszkanie-na-wynajem-z-balkonem-wyposazone-od-zaraz-CID3-ID16m90q.html,no
https://www.olx.pl/d/oferta/studio-kawalerka-32mkw-ulica-jaracza-nowe-bud-2600-calosc-CID3-ID16yC7g.html,no
https://www.olx.pl/d/oferta/mieszkanie-2-pokojowe-od-zaraz-2-room-apartment-available-immediately-CID3-ID16hO96.html,no
https://www.olx.pl/d/oferta/wynajme-mieszkanie-wroclaw-zakrzow-2-pokoje-balkon-super-widok-CID3-ID16qgRC.html,no
https://www.olx.pl/d/oferta/do-wynajecia-nowoczesne-2-pok-mieszkanie-p-podziemny-wroclaw-CID3-ID16cwnm.html,no
https://www.olx.pl/d/oferta/kawalerka-36m2-bajana-CID3-ID16waL0.html,no
https://www.olx.pl/d/oferta/4-pokoje-dla-studentow-82-m2-ul-grunwaldzka-pl-eng-ua-CID3-ID16oZoW.html,no
https://www.olx.pl/d/oferta/super-urzadzony-inteligentny-apartament-z-ogrodem-w-centrum-wroclawia-CID3-ID16l7Su.html,no
https://www.olx.pl/d/oferta/piekna-kawalerka-soltysowicka-awl-krzywoustego-dla-studenta-CID3-ID16ypV7.html,no
https://www.olx.pl/d/oferta/na-wynajem-mieszkanie-38-metrow-wysoki-standard-centrum-CID3-ID16rwZm.html,no
https://www.olx.pl/d/oferta/na-wynajem-nowe-mieszkanie-ul-wichrowa-blisko-parkow-oraz-obwodnicy-CID3-ID15WUJx.html,no
https://www.olx.pl/d/oferta/pl-ua-ru-37-2-klima-wyjatkowe-mieszkanie-CID3-ID16vTlR.html,no
https://www.olx.pl/d/oferta/kawalerka-ul-bierutowska-od-zaraz-od-miesiaca-do-roku-czasu-CID3-ID16tJF7.html,no
https://www.olx.pl/d/oferta/jednopokojowe-do-wynajecia-wroclaw-stysia-CID3-ID16h6TO.html,no
https://www.olx.pl/d/oferta/nadodrze-kurkowa-2-pokoje-garaz-CID3-ID16qKth.html,no
https://www.olx.pl/d/oferta/2-pokojowe-mieszkanie-promenady-wroclawskie-blisko-centrum-odry-CID3-ID16wQtU.html,no
https://www.olx.pl/d/oferta/kawalerka-30m2-srodmiescie-ul-prusa-blisko-pwr-CID3-ID16vIXj.html,no
https://www.olx.pl/d/oferta/kawalerka-mieszkanie-w-centrum-stare-miasto-ul-podwale-kolo-renomy-CID3-ID16BfNQ.html,no
https://www.olx.pl/d/oferta/mieszkanie-nowy-dwor-krzyzowka-CID3-ID16AiXo.html,no
https://www.olx.pl/d/oferta/manganowa-3-pokoje-osiedle-zamkniete-od-zaraz-CID3-ID16xf2R.html,no
https://www.olx.pl/d/oferta/wynajme-3-pokoje-nadodrze-CID3-ID16qz8t.html,no
https://www.olx.pl/d/oferta/ladne-2-pokoje-krzyki-park-krzycki-blisko-bielany-CID3-ID16cigg.html,no
https://www.olx.pl/d/oferta/wynajem-mieszkania-na-ul-szczytnickiej-nowe-CID3-ID15jRny.html,no
https://www.olx.pl/d/oferta/maslice-3-pokoje-balkon-klima-garaz-fabryczna-CID3-ID15U0WH.html,no
https://www.olx.pl/d/oferta/mieszkanie-3pokojowe-65m2-wroclaw-srodmiescie-plac-grunwaldzki-CID3-ID16mIgt.html,no
https://www.olx.pl/d/oferta/ul-legnicka-ok-pl-jana-pawla-ii-CID3-ID16xY1T.html,no
https://www.olx.pl/d/oferta/mieszkanie-kawalerka-na-wynajem-wroclaw-psie-pole-CID3-ID16iaQi.html,no
https://www.olx.pl/d/oferta/mieszkanie-27-metrow-do-wynajecia-z-podwojnym-m-post-gwiazdzista-10-CID3-ID160k1h.html,no
https://www.olx.pl/d/oferta/centrum-na-grobli-kawalerka-z-ogrodem-klimatyzacja-mozliwosc-fvat-CID3-IDPPn5B.html,no
https://www.olx.pl/d/oferta/kawalerka-na-wynajem-CID3-ID16sZm5.html,no
https://www.olx.pl/d/oferta/sloneczna-cicha-kawalerka-w-swietnej-lokalizacji-CID3-ID16nIeD.html,no
https://www.olx.pl/d/oferta/46m2-p-grunwaldzki-szczytnicka-d-01-08-max-2-osoby-CID3-ID16Biv2.html,no
https://www.olx.pl/d/oferta/2-pokoje-pl-grunwaldzki-ul-sienkiewicza-pwr-upr-um-CID3-ID16hXmr.html,no
https://www.olx.pl/d/oferta/wynajem-2-pokojowego-mieszkania-w-kamienicy-powstancow-sl-od-1-09-2025-CID3-ID15M3Oh.html,no
https://www.olx.pl/d/oferta/wynajme-mieszkanie-na-krzykach-CID3-ID15m1RH.html,no
https://www.olx.pl/d/oferta/mieszkanie-do-wynajecia-centrum-wroclawia-CID3-ID16uB7a.html,no
https://www.olx.pl/d/oferta/wynajem-mieszkania-58m-3-pokoje-pradzynskiego-48-mieszkanie-wroclaw-CID3-ID16jZXa.html,no
https://www.olx.pl/d/oferta/kawalerka-do-wynajecia-CID3-ID16jCOd.html,no
https://www.olx.pl/d/oferta/przytulne-mieszkanie-na-gadowie-szybowcowa-CID3-ID15k6FZ.html,no
https://www.olx.pl/d/oferta/kawalerka-z-wydzielona-sypialnia-CID3-ID16znAq.html,no
https://www.olx.pl/d/oferta/pokoj-1os-biskupin-ul-spoldzielcza-50m-przystanek-nowy-materac-CID3-ID16oSx2.html,no
https://www.olx.pl/d/oferta/przytulne-mieszkanie-2-pokojowe-na-spokojnym-i-zielonym-oporowie-CID3-ID16tR0b.html,no
https://www.olx.pl/d/oferta/2-pokoje-mieszkanie-wynajem-psie-pole-soltysowice-nowe-wojaczka-CID3-ID16lmAE.html,no
https://www.olx.pl/d/oferta/klimatyczna-kawalerka-w-centrum-CID3-ID15Esk0.html,no
https://www.olx.pl/d/oferta/wroclaw-wynajem-kawalerka-CID3-ID16qpum.html,no
https://www.olx.pl/d/oferta/studio-dla-1-osoby-1900-zl-bez-dodatkowych-oplat-CID3-ID16uQRV.html,no
https://www.olx.pl/d/oferta/2pok-vespucciego-olimpia-port-CID3-ID16nP1a.html,no
https://www.olx.pl/d/oferta/wynajme-dwupokojowe-przy-kazimierza-wielkiego-CID3-ID16Boqr.html,no
https://www.olx.pl/d/oferta/20-m2-mikro-kawalerka-ul-gornicza-CID3-ID16Bkwq.html,no
https://www.olx.pl/d/oferta/kawalerka-dla-studenta-zeromskiego-nowowiejska-jednosci-narodowej-CID3-ID15Wjie.html,no
https://www.olx.pl/d/oferta/2-pokoje-36-m2-centrum-ul-wielka-uniwersytet-ekonomiczny-i-pkp-CID3-ID16BblJ.html,no
https://www.olx.pl/d/oferta/wynajme-super-kawalerke-w-poblizu-uczelni-grunwald-CID3-ID11PBRZ.html,no
https://www.olx.pl/d/oferta/wynajme-2-pokojowe-mieszkanie-blisko-centrum-we-wroclawiu-CID3-ID16tabj.html,no
https://www.olx.pl/d/oferta/dwa-pokoje-wynajem-gaj-borowska-swietna-lokalizacja-bez-posrednikow-CID3-ID16vl3X.html,no
https://www.olx.pl/d/oferta/mieszkanie-do-wynajecia-CID3-ID16qasf.html,no
https://www.olx.pl/d/oferta/wynajme-mieszkanie-2-pokojowe-wroclaw-ul-trzebnicka-21-CID3-ID16tZlc.html,no
https://www.olx.pl/d/oferta/mieszkanie-z-ogrodkiem-ul-slezna-wroclaw-od-08-2025-do-07-2026-CID3-ID16xwa2.html,no
https://www.olx.pl/d/oferta/szukamy-wspollokatora-wroclaw-biskupin-CID3-ID16szvR.html,no
https://www.olx.pl/d/oferta/mieszkanie-110-m-4-pokoje-2-balkony-plac-grunwaldzki-CID3-ID16iJJD.html,no
https://www.olx.pl/d/oferta/do-wynajecia-3-pokojowe-mieszkanie-z-tarasem-garazem-komorka-oporow-CID3-ID16vGcg.html,no
https://www.olx.pl/d/oferta/kawalerka-na-wynajem-gaj-CID3-ID16yG6w.html,no
https://www.olx.pl/d/oferta/kawalerka-krzyki-ul-pilawska-CID3-IDTXIBJ.html,no
https://www.olx.pl/d/oferta/wynajme-dwupokojowe-przy-rynku-CID3-ID16uepC.html,no
https://www.olx.pl/d/oferta/kawalerka-na-wynajem-30-m2-wroclaw-przedmiescie-olawskie-CID3-ID16vDjO.html,no
https://www.olx.pl/d/oferta/2pokojeod-sierpniateczowatarasgaraz-CID3-ID16yBCb.html,no
https://www.olx.pl/d/oferta/apartament-do-wynajecia-ul-zegiestowska-14-wroclaw-CID3-ID16A7kB.html,no
https://www.olx.pl/d/oferta/stylowe-mieszkanie-jagodno-kajdasza-2-pokoje-duzy-balkon-garaz-CID3-ID16pRhQ.html,no
https://www.olx.pl/d/oferta/super-lokalizacja-biskupin-ul-sempolowskiej-CID3-ID16s8YG.html,no
https://www.olx.pl/d/oferta/mieszkanie-wroclaw-ul-opolska-ksieze-male-krzyki-CID3-ID16rzgR.html,no
https://www.olx.pl/d/oferta/dabrowskiego-kosciuszki-wroclaw-54m2-CID3-ID16x2hf.html,no
https://www.olx.pl/d/oferta/mieszkanie-wroclaw-centrum-kawalerka-wynajem-niski-czynsz-nowa-manufak-CID3-ID16bBqf.html,no
https://www.olx.pl/d/oferta/kawalerka-wynajem-CID3-ID16qp5X.html,no
https://www.olx.pl/d/oferta/kawalerka-na-wynajem-krzyki-ul-deszczowa-CID3-ID16wGXd.html,no
https://www.olx.pl/d/oferta/kawalerka-na-krzykach-32-m2-pierwszy-najem-CID3-ID16xjfv.html,no
https://www.olx.pl/d/oferta/wynajem-mieszkania-CID3-ID16gepI.html,no
https://www.olx.pl/d/oferta/do-wynajecia-przytulne-mieszkanie-1-pokojowe-tarnogaj-od-sierpnia-CID3-ID16wsyI.html,no
https://www.olx.pl/d/oferta/2-pokoje-kuchnia-48m2-malopanewska-magnolia-legnicka-rynek-popowice-CID3-ID16yBCt.html,no
https://www.olx.pl/d/oferta/wynajme-mieszkanie-CID3-ID16qYzC.html,no
https://www.olx.pl/d/oferta/apartament-ok-rynek-google-green-tower-uniwersytet-CID3-ID16vmy0.html,no
https://www.olx.pl/d/oferta/twoja-kawalerka-blisko-uczelni-bez-posrednikow-CID3-ID16kGrp.html,no
https://www.olx.pl/d/oferta/gaj-jerzego-kukuczki-kawalerka-do-wynajecia-CID3-ID16frPV.html,no
https://www.olx.pl/d/oferta/piekna-nowa-kawalerka-zeromskiego-jednosci-narodowej-park-tolpy-CID3-ID15WjrH.html,no
https://www.olx.pl/d/oferta/wynajme-2-pokojowe-mieszkanie-z-ogrodem-wroclaw-zlotniki-podhalanska-CID3-ID16mIBY.html,no
https://www.olx.pl/d/oferta/3-pok-pelny-rozklad-15min-na-grunwald-i-rynek-CID3-ID16AGa1.html,no
https://www.olx.pl/d/oferta/mieszkanie-na-8-10-os-ul-dawida-CID3-ID16qIZh.html,no
https://www.olx.pl/d/oferta/wynajme-mieszkanie-ul-dluga-CID3-ID16uoI6.html,no
https://www.olx.pl/d/oferta/wynajem-kawalerki-CID3-ID16rZMo.html,no
https://www.olx.pl/d/oferta/na-wynajemwyjatkowy-apartament-z-ogrodkiem-w-cichej-zielonej-okolicy-CID3-ID16lnqg.html,no
https://www.olx.pl/d/oferta/mieszkanie-na-wynajem-zakladowa-11y-wroclaw-CID3-ID15mIPP.html,no
https://www.olx.pl/d/oferta/pokoj-do-wynajecia-super-lokalizacja-CID3-ID11LEbn.html,no
https://www.olx.pl/d/oferta/wygodny-wjazd-garaz-inzynierska-wroclaw-CID3-ID16mhd1.html,no
https://www.olx.pl/d/oferta/mieszkanie-3-pokojowe-centrum-traugutta-tylko-studenci-CID3-IDGmWVh.html,no
https://www.olx.pl/d/oferta/nowy-apartament-przy-rzece-w-centrum-jacuzzi-sauna-w-cenie-CID3-ID16i1SW.html,no
https://www.olx.pl/d/oferta/kawalerka-psie-pole-ul-redycka-od-zaraz-CID3-ID16x5kr.html,no
https://www.olx.pl/d/oferta/mieszkanie-na-wynajem-spizowa-CID3-ID16mi4N.html,no
https://www.olx.pl/d/oferta/wynajme-mieszkanie-apartament-43-m-komfort-blisko-rynku-wroclaw-CID3-ID15pB8x.html,no
https://www.olx.pl/d/oferta/przestronna-kawalerka35m2-krzyki-gaj-ul-stronska-CID3-ID16vDQl.html,no
https://www.olx.pl/d/oferta/wroclaw-kozanow-2-pokoje-z-balkonem-po-remoncie-CID3-ID16w4OM.html,no
https://www.olx.pl/d/oferta/do-wynajecia-kawalerka-dla-singla-al-wisniowa-CID3-ID16qq9n.html,no
https://www.olx.pl/d/oferta/wolne-od-sierpnia-kawalerka-wynajem-grunwald-norwida-2300-CID3-ID10X1zm.html,no
https://www.olx.pl/d/oferta/kawalerka-27-m-wroclaw-ul-lubinska-dostepna-od-zaraz-polecam-CID3-ID16r17U.html,no
https://www.olx.pl/d/oferta/mieszkanie-56-metrow-stablowice-olbrachtowska-przepiekny-widok-CID3-ID16z2ZL.html,no
https://www.olx.pl/d/oferta/rychtalska-promenady-wroclawskie-umeblowana-kawalerka-CID3-ID11D8ay.html,no
https://www.olx.pl/d/oferta/sloneczne-mieszkanie-w-cichej-okolicy-zakrzow-CID3-ID16tQVU.html,no
https://www.olx.pl/d/oferta/kawalerka-blisko-centrum-magnolia-park-popowice-CID3-ID16wp7Q.html,no
https://www.olx.pl/d/oferta/kawalerka-na-ul-prusa-31m2-blisko-pl-grunwaldzkiego-od-wrzesnia-CID3-ID16AUNl.html,no
https://www.olx.pl/d/oferta/2-pokoje-z-balkonem-zielone-partynice-CID3-ID16qpB2.html,no
https://www.olx.pl/d/oferta/apartment-on-sikorskiego-street-CID3-ID15zFWy.html,no
https://www.olx.pl/d/oferta/pokoj-do-wynajecia-CID3-ID16c2c9.html,no
https://www.olx.pl/d/oferta/kawalerka-we-wroclawiu-ul-sliczna-wrzesien-pazdziernik-2025-CID3-ID16Abnn.html,no
https://www.olx.pl/d/oferta/nowe-2-pokojowe-mieszkanie-z-garazem-i-ogrodem-wroclaw-obornicka-CID3-ID16qqAW.html,no
https://www.olx.pl/d/oferta/wynajme-mieszkanie-CID3-ID16pCkL.html,no
https://www.olx.pl/d/oferta/wynajme-duza-kawalerke-40-m-krzyki-CID3-ID16sfqv.html,no
https://www.olx.pl/d/oferta/mieszkanie-3-pokojowe-na-ul-zeromskiego-CID3-ID16snIk.html,no
https://www.olx.pl/d/oferta/wynajme-mieszkanie-2-pokojowe-na-grabiszynskiej-CID3-ID16fCcG.html,no
https://www.olx.pl/d/oferta/mieszkanie-80m2-sepolno-parking-prywatny-CID3-ID15orZC.html,no
https://www.olx.pl/d/oferta/wynajme-mieszkanie-plac-grunwaldzki-CID3-ID15Wh9M.html,no
https://www.olx.pl/d/oferta/kawalerka-z-parkingiem-i-piwnica-ul-na-ostatnim-groszu-CID3-ID16zuT5.html,no
https://www.olx.pl/d/oferta/2-pokojowe-mieszkanie-na-zelaznej-od-sierpnia-CID3-ID16Agla.html,no
https://www.olx.pl/d/oferta/wynajme-mieszkanie-3-pok-na-popowicachh-CID3-ID16yQFs.html,no
https://www.olx.pl/d/oferta/mieszkanie-2-pokojowe-do-wynajecia-ul-miernicza-przedmiescie-olawskie-CID3-ID16AYf4.html,no
https://www.olx.pl/d/oferta/nowe-mieszkanie-w-centrum-wroclawia-CID3-ID16zEXE.html,no
https://www.olx.pl/d/oferta/nowoczesna-kawalerka-35m2-wojnow-strachocin-CID3-ID16yX1a.html,no
https://www.olx.pl/d/oferta/kawalerka-27-m-w-prestizowym-kompleksie-bez-prowizji-CID3-ID16qU7a.html,no
https://www.olx.pl/d/oferta/bezposrednio-mieszkanie-1-pok-kawalerka-w-centrum-CID3-ID15XyST.html,no
https://www.olx.pl/d/oferta/kawalerka-stare-miasto-na-wynajem-ul-wyszynskiego-CID3-ID12r8LL.html,no
https://www.olx.pl/d/oferta/wynajme-na-lato-kawalerke-20m2-przy-ul-wyszynskiego-do-wrzesnia-CID3-ID16vYL3.html,no
https://www.olx.pl/d/oferta/apartament-mieszkanie-w-centrum-2-tarasy-2-pokoje-wysoki-standard-CID3-ID15IN24.html,no
https://www.olx.pl/d/oferta/kromera-dlugosza-nowoczesna-kawalerka-duzy-balkon-parking-CID3-ID16pQGx.html,no
https://www.olx.pl/d/oferta/kawalerka-do-wynajecia-CID3-ID16tcDV.html,no
https://www.olx.pl/d/oferta/2-pokoje-wyszynskiego-prestizowa-lokalizacja-w-centrum-od-01-08-2025-CID3-ID16ulYx.html,no
https://www.olx.pl/d/oferta/2-pokojowe-mieszkanie-do-wynajecia-CID3-ID16kaTg.html,no
https://www.olx.pl/d/oferta/2-pok-65m2-garaz-balkon-maslice-ul-polnocna-od-zaraz-CID3-ID16yBQQ.html,no
https://www.olx.pl/d/oferta/nowe-mieszkanie-na-osiedlu-zielna-55-metrow-CID3-ID16kgYk.html,no
https://www.olx.pl/d/oferta/2-pok-balkon-krzyki-skarbowcow-od-01-08-CID3-ID16zpVT.html,no
https://www.olx.pl/d/oferta/mieszkanie-na-wynajem-wroclaw-stare-miasto-ul-stawowa-CID3-ID16q9v5.html,no
https://www.olx.pl/d/oferta/do-wynajecia-kawalerka-CID3-ID16jY7N.html,no
https://www.olx.pl/d/oferta/kawalerka-32-m-wroclaw-strzegomska-CID3-ID16y96t.html,no
https://www.olx.pl/d/oferta/mieszkanie-kawalerka-ul-wyszynskiego-srodmiescie-CID3-ID16ATex.html,no
https://www.olx.pl/d/oferta/jasne-mieszkanie-w-okolicy-placu-kromera-CID3-ID16zNIZ.html,no
https://www.olx.pl/d/oferta/mieszkanie-wynajem-2-pokoje-z-balkonem-olimpia-port-wroclaw-CID3-ID16ALnV.html,no
https://www.olx.pl/d/oferta/super-kawalerka-z-oddzielna-kuchnia-CID3-ID16AtZO.html,no
https://www.olx.pl/d/oferta/2-pokoje-pl-grunwaldzki-od-zaraz-ac-CID3-ID16l6u5.html,no
https://www.olx.pl/d/oferta/nowoczesna-kawalerka-w-centrum-z-duza-kuchnia-od-1-sierpnia-CID3-ID16slla.html,no
https://www.olx.pl/d/oferta/pl-ua-ru-loft-nowa-papiernia-45m2-CID3-ID16gcAw.html,no
https://www.olx.pl/d/oferta/wynajem-mieszkanie-browary-wroclawskie-CID3-ID15Zpbp.html,no
https://www.olx.pl/d/oferta/zarezerwowane-kawalerka-na-wynajem-wroclaw-CID3-ID16xZxB.html,no
https://www.olx.pl/d/oferta/ladna-kawalerka-do-wynajecia-od-29-06-2025-CID3-ID16oGEG.html,no
https://www.olx.pl/d/oferta/wynajme-mieszkanie-dwa-pokoje-ul-wilanowska-zakrzow-wroclaw-CID3-ID12aAOC.html,no
https://www.olx.pl/d/oferta/mieszkanie-dwupokojowe-do-wynajecia-centrum-CID3-ID16rRld.html,no
https://www.olx.pl/d/oferta/do-wynajecia-mieszkanie-2-pokoje-36-m-kozanow-CID3-ID16szwM.html,no
https://www.olx.pl/d/oferta/kawalerka-inowroclawska-CID3-ID16yvRC.html,no
https://www.olx.pl/d/oferta/mieszkanie-na-wynajem-CID3-ID16tvCl.html,no
https://www.olx.pl/d/oferta/bezposrednio-2-pok-mieszkanie-wroclaw-krzyki-CID3-ID16zQpq.html,no
https://www.olx.pl/d/oferta/rynek-2-pokojowe-ladne-CID3-ID16z5dN.html,no
https://www.olx.pl/d/oferta/mieszkanie-do-wynajecia-CID3-ID16zWQI.html,no
https://www.olx.pl/d/oferta/centrum-kawalerka-balkon-blisko-green-towers-wsb-CID3-ID16edXv.html,no
https://www.olx.pl/d/oferta/do-wynajecia-mieszkanie-2-pokojowe-37m2-na-jagodnie-juz-dostepne-CID3-ID16Ai0A.html,no
https://www.olx.pl/d/oferta/mieszkanie-2-pokojowe-36-m2-na-ul-skwierzynskiej-juz-dostepne-CID3-ID16AGhF.html,no
https://www.olx.pl/d/oferta/dwa-pokoje-wroclaw-gaj-w-nowym-budownictwie-CID3-ID16zuKk.html,no
https://www.olx.pl/d/oferta/kawalerka-wroclaw-wynajem-CID3-ID16eZzn.html,no
https://www.olx.pl/d/oferta/mieszkanie-1-pokojowe-w-poblizu-centrum-wroclawia-CID3-ID162lCe.html,no
https://www.olx.pl/d/oferta/kawalerka-z-antresola-od-zaraz-samo-centrum-hot-oferta-free-wifi-CID3-ID15Qh53.html,no
https://www.olx.pl/d/oferta/kawalerka-na-wynajem-wroclaw-szczepin-CID3-ID16zLVU.html,no
https://www.olx.pl/d/oferta/apartament-kawalerka-klimatyzacja-wynajem-bierutowska-park-hydral-2-CID3-ID15Qmzl.html,no
https://www.olx.pl/d/oferta/wynajme-2-pokojowe-mieszkanie-z-bakonem-i-naziemnym-parkingiem-CID3-ID15SaJR.html,no
https://www.olx.pl/d/oferta/mieszkanie-dwupokojowe-42m-ul-jableczna-pelen-rozklad-CID3-ID16iKYR.html,no
https://www.olx.pl/d/oferta/wynajme-mieszkanie-98m2-CID3-ID16jOqI.html,no
https://www.olx.pl/d/oferta/nowoczesne-2-pokojowe-mieszkanie-drabika-jagodno-miejsce-parkingowe-CID3-ID16dddg.html,no
https://www.olx.pl/d/oferta/mieszkanie-56m-madalinskiego-garaz-komorka-dwa-balkony-CID3-ID15g3qm.html,no
https://www.olx.pl/d/oferta/super-kawalerka-ul-malopanewska-CID3-ID16Aw3X.html,no
https://www.olx.pl/d/oferta/mieszkanie-2-pokoje-w-centrum-z-miejscem-postojowym-CID3-ID16tIaR.html,no
https://www.olx.pl/d/oferta/2-pokoje-atal-city-square-pierwszy-najem-CID3-ID16AkVM.html,no
https://www.olx.pl/d/oferta/wynajem-1-osobowego-mieszkania-przy-ul-kosciuszki-89-wroclaw-CID3-ID16yx1K.html,no
https://www.olx.pl/d/oferta/2-pokoje-rezydencja-dubois-wyspa-slodowa-rynek-widok-za-oknem-CID3-ID16txhO.html,no
https://www.olx.pl/d/oferta/kawalerka-jednopokojow-traugutta-centr-rynek-uniw-poli-pkp-505-843-805-CID3-IDXg8tv.html,no
https://www.olx.pl/d/oferta/wynajme-mieszkanie-2-pokojowe-ul-hubska-wroclaw-CID3-ID16mzZO.html,no
https://www.olx.pl/d/oferta/wronskigo-pl-grunwaldzki-3-pokoje-oddzielna-kuchnia-balkon-CID3-ID16zNg4.html,no
https://www.olx.pl/d/oferta/2-pokoje-garaz-krzycka-bezposrednio-CID3-ID16alUE.html,no
https://www.olx.pl/d/oferta/luksusowe-mieszkanie-dla-konesera-garderoba-garaz-klimatyzacja-spa-CID3-ID15R8bw.html,no
https://www.olx.pl/d/oferta/mieszkanie-do-wynajecia-wroclaw-pl-staszica-od-01-08-2025-CID3-ID16yw2s.html,no
https://www.olx.pl/d/oferta/mieszkanie-3-pokojowe-w-centrum-CID3-ID16rLwG.html,no
https://www.olx.pl/d/oferta/nowe-mieszkanie-2-pokoje-w-centrum-wroclawia-CID3-ID16txdB.html,no
https://www.olx.pl/d/oferta/mieszkanie-duze-piekne-blisko-uniwersytetu-dla-4-osob-umeblowane-CID3-ID157ke9.html,no
https://www.olx.pl/d/oferta/nowoczesne-mieszkanie-wysoka-przy-partynicach-CID3-ID16uGbc.html,no
https://www.olx.pl/d/oferta/kawalerka-33m2-na-kozanowie-CID3-ID16ojvx.html,no
https://www.olx.pl/d/oferta/2-pokoje-ul-kamienna-bezposrednio-CID3-ID15HnVM.html,no
https://www.olx.pl/d/oferta/sliczna-kawalerka-ul-soltysowicka-koszarowa-CID3-ID16v4p7.html,no
https://www.olx.pl/d/oferta/kawalerka-skytowerview-przy-galerii-wroclavia-z-antresola-CID3-ID12kEJ3.html,no
https://www.olx.pl/d/oferta/do-wynajecia-2-pokojowe-mieszkanie-49-m-miejsce-parkingowe-wroclaw-CID3-ID16glIZ.html,no
https://www.olx.pl/d/oferta/wynajme-kawalerke-przy-ul-kwiskiej-CID3-ID10twYL.html,no
https://www.olx.pl/d/oferta/dwupokojowe-50m-blisko-centrum-CID3-ID16z9dQ.html,no
https://www.olx.pl/d/oferta/kawalerka-33m2-oddziela-kuchnia-balkon-pixel-house-od-sierpnia-CID3-ID16A0Ix.html,no
https://www.olx.pl/d/oferta/wynajme-mieszkanie-3-pok-wroclaw-gaj-CID3-ID16vTtm.html,no
https://www.olx.pl/d/oferta/wynajme-mieszkanie-jedno-pokojowe-CID3-ID164Nhc.html,no
https://www.olx.pl/d/oferta/wynajme-kawalerke-na-ul-zeromskiego-wroclaw-CID3-ID16zMP3.html,no
https://www.olx.pl/d/oferta/mieszkanie-do-wynajecia-2-pokoje-kozanow-CID3-ID16zsdn.html,no
https://www.olx.pl/d/oferta/wroclaw-apartament-bulwar-staromiejski-CID3-ID16sWaE.html,no
https://www.olx.pl/d/oferta/kawalerka-ul-ostrowskiego-fabryczna-CID3-ID16kAZS.html,no
https://www.olx.pl/d/oferta/mieszkanie-wynajem-CID3-ID12OVr7.html,no
https://www.olx.pl/d/oferta/2-pokoje-z-balkonem-ul-kamienna-CID3-ID16ravE.html,no
https://www.olx.pl/d/oferta/do-wynajecia-kawalerka-30m2-karlowice-blisko-uwr-koszarowa-dla-2-osob-CID3-ID15cGSo.html,no
https://www.olx.pl/d/oferta/ul-powstancow-sl-oddzielna-kuchnia-agd-meble-wanna-CID3-ID163Iea.html,no
https://www.olx.pl/d/oferta/4-pokojowe-mieszkanie-na-wynajem-oltaszyn-wroclaw-CID3-ID16sPeO.html,no
https://www.olx.pl/d/oferta/wynajme-przytulna-kawalerke-CID3-ID12QMXY.html,no
https://www.olx.pl/d/oferta/mieszkanie-3-pokoje-aneks-olimpia-port-CID3-ID16kbxy.html,no
https://www.olx.pl/d/oferta/luksusowy-mikro-apartament-plac-grunwaldzki-CID3-ID16xFIw.html,no
https://www.olx.pl/d/oferta/wynajem-kawalerka-CID3-ID16wJps.html,no
https://www.olx.pl/d/oferta/2-pokoje-ul-asfaltowa-klimatyzacja-garaz-umeblowane-CID3-ID16wKxH.html,no
https://www.olx.pl/d/oferta/wynajem-2-pok-mieszk-42m2-ul-kowarzykaposwietne-komorka-lokatorska-CID3-ID15GHr5.html,no
https://www.olx.pl/d/oferta/kawalerka-ul-graniczna-CID3-ID16keH6.html,no
https://www.olx.pl/d/oferta/wynajme-mieszlanie-CID3-ID16qsE7.html,no
https://www.olx.pl/d/oferta/2-pokoje-super-lokalizacja-ul-borowska-armii-krajowej-CID3-ID16rLO0.html,no
https://www.olx.pl/d/oferta/mieszkanie-do-wynajecia-gaj-wroclaw-studenckie-blisko-uczelni-CID3-ID16xsps.html,no
https://www.olx.pl/d/oferta/200-m-pasaz-grunwaldzki-od-1-sierpnia-CID3-ID16zfVc.html,no
https://www.olx.pl/d/oferta/2-osobne-pokoje-ul-glogowska-szczepin-osobna-kuchnia-od-sierpnia-CID3-ID16AQ7E.html,no
https://www.olx.pl/d/oferta/wynajme-kawalerke-ul-legnicka-59-obok-magnolia-park-CID3-ID16gf5j.html,no
https://www.olx.pl/d/oferta/kawalerka-wynajem-klimatyzacja-wroclaw-grabiszynska-CID3-ID16AHNn.html,no
https://www.olx.pl/d/oferta/mieszkanie-na-wynajem-35m2-balkon-9m2-garaz-podziemny-CID3-ID16AVft.html,no
https://www.olx.pl/d/oferta/nowe-mieszkanie-kawalerka-do-wynajecia-CID3-ID16q4wj.html,no
https://www.olx.pl/d/oferta/do-wynajecia-mieszkanie-30-m-wroclaw-ul-kosciuszki-CID3-ID16zNq5.html,no
https://www.olx.pl/d/oferta/mieszkanie-do-wynajecia-CID3-ID16jTGB.html,no
https://www.olx.pl/d/oferta/wynajme-mieszkanie-kawalerka-blisko-skytower-balkon-garderoba-28m2-CID3-ID16yX96.html,no
https://www.olx.pl/d/oferta/luksusowy-apartament-40m2-pierwszy-najem-okolice-ronda-powstancow-sl-CID3-ID16gD6g.html,no
https://www.olx.pl/d/oferta/wynajme-mieszkanie-plac-bema-2pokoje-kuchnia-CID3-ID16y4di.html,no
https://www.olx.pl/d/oferta/wygodna-kawalerka-5-minut-od-dworca-pkp-od-1-07-internet-w-cenie-CID3-ID16k43i.html,no
https://www.olx.pl/d/oferta/mieszkanie-do-wynajecia-psie-pole-ul-kurlandzka-26-CID3-ID12qVyq.html,no
https://www.olx.pl/d/oferta/mieszkanie-3-pokojowe-z-tarasem-wsrod-zieleni-83-mkw-szpital-borowska-CID3-ID16zEqy.html,no
https://www.olx.pl/d/oferta/wynajme-2-pokojowe-mieszkanie-55-m-olbin-wroclaw-3200-zl-mc-CID3-ID16vat5.html,no
https://www.olx.pl/d/oferta/mieszkanie-2-pokojowe-w-centrum-CID3-ID16h6O2.html,no
https://www.olx.pl/d/oferta/mieszkanie-do-wynajecia-wroclaw-ul-wiezienna-CID3-ID16uCeG.html,no
https://www.olx.pl/d/oferta/klecina-dozynkowa-3-pokoje-60m2-balkon-garaz-CID3-ID16zMNw.html,no
https://www.olx.pl/d/oferta/wynajme-mieszkanie-wroclaw-ul-klimasa-CID3-ID16fprB.html,no
https://www.olx.pl/d/oferta/przestronna-kawalerka-34m-maslice-blisko-aow-wroclaw-CID3-ID16A1oc.html,no
https://www.olx.pl/d/oferta/wynajme-mieszkanie-18m-2-ul-soltysowicka-CID3-ID16p8Rb.html,no
https://www.olx.pl/d/oferta/do-wynajecia-mieszkanie-5-pokojowe-przy-magnolii-CID3-ID16APsH.html,no
https://www.olx.pl/d/oferta/2-pokoje-pilsudskiego-20-wroclaw-CID3-ID16mB0E.html,no
https://www.olx.pl/d/oferta/mieszkanie-2-pokojowe-wyszynskiego-sienkiewicza-wroclaw-srodmiescie-CID3-ID16wfTQ.html,no
https://www.olx.pl/d/oferta/doskonaly-punkt-w-miescie-CID3-IDPe0A0.html,no
https://www.olx.pl/d/oferta/centrum-wroclaw-rynek-wynajme-bez-posrednikow-CID3-ID16qJvl.html,no
https://www.olx.pl/d/oferta/mieszkanie-na-wynajem-3-pok-57m2-popowice-CID3-ID15vmPZ.html,no
https://www.olx.pl/d/oferta/mieszkanie-do-wynajecia-we-wroclawiu-srodmiescie-CID3-ID16wrYJ.html,no
https://www.olx.pl/d/oferta/kawalerka-mieszkanie-wrocalaw-na-wynajem-srodmiescie-CID3-ID14z7YH.html,no
https://www.olx.pl/d/oferta/ul-robotnicza-meble-agd-wolne-od-zaraz-CID3-ID16oZvN.html,no
https://www.olx.pl/d/oferta/nowoczesna-kawalerka-ul-komedy-jagodno-buforowa-CID3-ID11SBRg.html,no
https://www.olx.pl/d/oferta/kawalerka-na-wynajem-CID3-ID16oNKN.html,no
https://www.olx.pl/d/oferta/nowoczesna-kawalerka-wydzielona-sypialnia-od-zaraz-jaworska-CID3-ID16mNts.html,no
https://www.olx.pl/d/oferta/przestrzenne-2-osobne-pokoje-tramwaj-kamienica-dubois-CID3-ID16ftmx.html,no
https://www.olx.pl/d/oferta/ul-uznanskiego-meble-agd-rozklad-balkon-wolne-od-zaraz-CID3-ID16eOgL.html,no
https://www.olx.pl/d/oferta/do-wynajecia-mieszkanie-3-pokojowe-na-oltaszynie-CID3-ID16risi.html,no
https://www.olx.pl/d/oferta/kawalerka-z-wneka-sypialna-jaworska-legnicka-bussines-garden-dsw-CID3-ID11fZvX.html,no
https://www.olx.pl/d/oferta/apartament-typu-studio-do-wynajecia-ul-walonska-z-dostepem-do-spa-CID3-ID16tbPE.html,no
https://www.olx.pl/d/oferta/wynajem-mieszkania-CID3-ID15yYjk.html,no
https://www.olx.pl/d/oferta/klimatyczne-2-pokojowe-lokum-po-remoncie-w-centrum-wroclawia-CID3-ID16sWb4.html,no
https://www.olx.pl/d/oferta/studio-zielona-okolica-dobra-lokalizacja-kolista-CID3-ID16nf37.html,no
https://www.olx.pl/d/oferta/apartament-2pok-balkon-loggia-jagielly-CID3-ID16xJc6.html,no
https://www.olx.pl/d/oferta/dwu-pokojowe-mieszkanie-52-m2-z-garazem-gabinet-lub-biuro-CID3-IDU4JFQ.html,no
https://www.olx.pl/d/oferta/mieszkanie-wynajme-wroclaw-srodmiescie-3-pokoje-2-lazienki-winda-CID3-ID16jfkj.html,no
https://www.olx.pl/d/oferta/mieszkanie-dla-studenta-politechniki-wroclawskiej-CID3-ID16rcUr.html,no
https://www.olx.pl/d/oferta/stylowe-mieszkanie-z-antresola-i-balkonem-do-wynajecia-bez-prowizji-CID3-IDSvMG8.html,no
https://www.olx.pl/d/oferta/mieszkanie-do-wynajecia-wroclaw-wojrowicka-4a-2-pokoje-46m-parking-CID3-ID139aED.html,no
https://www.olx.pl/d/oferta/wynajme-mieszkanie-5-pokojowe-ul-malopanewska-CID3-ID16APmS.html,no
https://www.olx.pl/d/oferta/wynajme-mieszkanie-na-krzykach-CID3-ID13MjhU.html,no
https://www.olx.pl/d/oferta/wynajem-nowe-mieszkanie-2-pokoje-atal-city-square-madalinskiego-CID3-ID16AkAE.html,no
https://www.olx.pl/d/oferta/pl-ua-ru-cicha-okolica-48-m2-kowarzyka-CID3-ID16lwgW.html,no
https://www.olx.pl/d/oferta/sienkiewicza-2-pokoje-garaz-komorka-53-m2-piekny-widok-z-balkonu-CID3-ID167yaL.html,no
https://www.olx.pl/d/oferta/wynajme-2-pokojowe-mieszkanie-na-osiedlu-nowe-zerniki-we-wroclawiu-CID3-ID16yOtf.html,no
https://www.olx.pl/d/oferta/2-pokoje-z-ogrodkiem-drohobycka-parking-bez-prowizji-CID3-ID160USt.html,no
https://www.olx.pl/d/oferta/do-wynajecia-kawalerka-przy-ul-wybrzeze-pasteura-dzielnica-srodmiescie-CID3-ID15t2w4.html,no
https://www.olx.pl/d/oferta/nowe-eleganckie-rozkladowe-2-pok-49m2-ul-marca-polo-olimpia-port-CID3-ID16A0tT.html,no
https://www.olx.pl/d/oferta/nowe-3-pokoje-klimatyzacja-garaz-nowogrodzka-CID3-ID15smso.html,no
https://www.olx.pl/d/oferta/3-pokoje-ul-prusa-nowy-blok-od-1-07-2025-CID3-ID16nN8w.html,no
https://www.olx.pl/d/oferta/dembowskiego-3-pok-56m2-3500-zl-oplaty-CID3-ID16Adid.html,no
https://www.olx.pl/d/oferta/piekne-mieszkanie-51-m-lokum-di-trevi-po-remoncie-rozkladowe-od-1-09-CID3-ID16wPWS.html,no
https://www.olx.pl/d/oferta/mieszkanko-na-wynajem-25m2-centrum-parter-CID3-ID16vcSB.html,no
https://www.olx.pl/d/oferta/wynajme-2-pokojowe-dla-studentow-CID3-ID16qMMk.html,no
https://www.olx.pl/d/oferta/kawalerka-na-prusa-CID3-ID16noqr.html,no
https://www.olx.pl/d/oferta/2-pokojowe-mieszkanie-wroclaw-osiedle-sobieskiego-CID3-ID11Njqh.html,no
https://www.olx.pl/d/oferta/pl-en-ua-ru-2-pok-48m-wysoki-standard-parking-wojszyce-CID3-ID16zI2b.html,no
https://www.olx.pl/d/oferta/rezerwacja-mieszkanie-do-wynajecia-2-pokoje-33m2-CID3-ID16nBlZ.html,no
https://www.olx.pl/d/oferta/wygodny-apartament-w-centrum-kepa-mieszczanska-dmowskiego-CID3-ID167B9F.html,no
https://www.olx.pl/d/oferta/pl-ua-ru-28-2-ptasia-dobra-cena-CID3-ID16nevz.html,no
https://www.olx.pl/d/oferta/wynajme-przytulne-mieszkanie-na-polance-CID3-ID16lLn0.html,no
https://www.olx.pl/d/oferta/mieszkanie-wynajem-2-pokoje-psie-pole-ul-rycerska-garaz-w-cenie-CID3-ID16ATRB.html,no
https://www.olx.pl/d/oferta/mieszkanie-przy-braniborskiej-CID3-ID16qqCg.html,no
https://www.olx.pl/d/oferta/2-pokojowe-ul-strzegomska-51-okolica-business-garden-dsw-CID3-ID16zvh6.html,no
https://www.olx.pl/d/oferta/4-pokojowe-rozkladowe-ul-kasprowicza-4500-zl-calosc-3km-od-rynku-CID3-ID16rcQz.html,no
https://www.olx.pl/d/oferta/wynajme-mieszkanie-2-pokojowe-nowe-zerniki-CID3-ID16mLaz.html,no
https://www.olx.pl/d/oferta/kawalerka-do-wynajecia-bobrza-8-od-lipca-CID3-ID15LkeF.html,no
https://www.olx.pl/d/oferta/mieszkanie-dla-pary-lub-singla-CID3-ID16oeWB.html,no
https://www.olx.pl/d/oferta/wynajme-mieszkanie-z-miejscem-postojowym-w-garazu-podziemnym-komorka-CID3-ID12BqP0.html,no
https://www.olx.pl/d/oferta/mieszkanie-na-wynajem-od-zaraz-CID3-ID16lyPD.html,no
https://www.olx.pl/d/oferta/do-wynajecia-kawalerka-33-m-2-przy-ul-pradzynskiego-we-wroclawiu-CID3-ID16r3Jb.html,no
https://www.olx.pl/d/oferta/sloneczna-kawalerka-wroclaw-krzyki-CID3-ID14PlyH.html,no
https://www.olx.pl/d/oferta/ul-hallera-204-pierwszy-najem-balkon-grabiszyn-fat-CID3-ID16nMyG.html,no
https://www.olx.pl/d/oferta/kawalerka-od-zaraz-plac-grunwaldzki-CID3-ID16omxY.html,no
https://www.olx.pl/d/oferta/kawalerka-20m2-przy-ul-grabiszynskiej-pl-legionow-CID3-ID14bTug.html,no
https://www.olx.pl/d/oferta/wroclaw-rynek-ul-odrzanska-CID3-ID15ZuN6.html,no
https://www.olx.pl/d/oferta/kawalerka-od-zaraz-17m2-port-popowice-magnolia-legnicka-CID3-IDzf2SO.html,no
https://www.olx.pl/d/oferta/wynajme-2-pokojowe-krzyki-CID3-ID16rKyM.html,no
https://www.olx.pl/d/oferta/mieszkanie-2pok-rozklad-klimatyzacja-taras-garaz-komorka-jagodno-CID3-ID16h8Vy.html,no
https://www.olx.pl/d/oferta/sloneczne-2-pok-balkon-wyszynskiego-CID3-ID16wWD0.html,no
https://www.olx.pl/d/oferta/pierwszy-najem-nowe-2-pokojowe-mieszkanie-ul-zawidowska-fabryczna-CID3-ID16vH6K.html,no
https://www.olx.pl/d/oferta/do-wynajecia-2-pokojowe-mieszkanie-ul-kruszwicka-pl-strzegomski-CID3-ID16lNH9.html,no
https://www.olx.pl/d/oferta/powst-slaskich-109-krzyki-2-pokoje-z-balkonem-CID3-ID16l6PU.html,no
https://www.olx.pl/d/oferta/dwupokojowe-mieszkanie-na-krzykach-we-wroclawiu-CID3-IDKCwMp.html,no
https://www.olx.pl/d/oferta/kawalerka-na-wynajem-wroclaw-CID3-ID16oCIh.html,no
https://www.olx.pl/d/oferta/mieszkanie-do-wynajecia-CID3-ID16n62U.html,no
https://www.olx.pl/d/oferta/sloneczne-umeblowane-mieszkanie-2-pokoje-kuchnia-ul-prudnicka-CID3-ID16v4WF.html,no
https://www.olx.pl/d/oferta/wynajme-kawalerke-wroclaw-ul-na-grobli-CID3-IDNqgVi.html,no
https://www.olx.pl/d/oferta/mieszkanie-do-wynajecia-w-centrum-wroclawia-CID3-ID16pZqc.html,no
https://www.olx.pl/d/oferta/wynajem-mieszkanie-2-pokoje-ul-dawida-od-zaraz-CID3-ID16yILZ.html,no
https://www.olx.pl/d/oferta/mieszkanie-rozkladowe-100m2-blisko-rynku-grunwaldu-dostepne-od-1-10-CID3-ID16zAcC.html,no
https://www.olx.pl/d/oferta/kreta-23-nadodrze-kawalerka-z-balkonem-CID3-ID13cyO4.html,no
https://www.olx.pl/d/oferta/twoja-kawalerka-blisko-uczelni-bez-posrednikow-CID3-ID16jNHX.html,no
https://www.olx.pl/d/oferta/2500-zl-mieszkanie-2-pokoje-rozanka-centrum-CID3-IDRWDAx.html,no
https://www.olx.pl/d/oferta/krzyki-zegiestowska-lux-lux-dwa-pok-taras-47mkw-2700zl-plus-oplaty-CID3-ID16i5jY.html,no
https://www.olx.pl/d/oferta/do-wynajecia-kawalerka-ul-prusa-CID3-ID1454Sk.html,no
https://www.olx.pl/d/oferta/3pokojowe-bema-wynajem-CID3-ID16yO1B.html,no
https://www.olx.pl/d/oferta/dwupokojowe-mieszkanie-do-wynajecia-CID3-ID15n84M.html,no
https://www.olx.pl/d/oferta/sypialnia-i-salon-pl-grunwaldzki-wroclaw-CID3-ID16wPLn.html,no
https://www.olx.pl/d/oferta/teczowa-blisko-rynku-2-pokoje-duzy-balkon-parking-dla-mieszkancow-CID3-ID16xCoJ.html,no
https://www.olx.pl/d/oferta/od-16-07-mieszkanie-2-pok-w-centrum-ul-madalinskiego-CID3-ID16mMPN.html,no
https://www.olx.pl/d/oferta/apartament-nowa-papiernia-z-balkonem-CID3-ID16wGoq.html,no
https://www.olx.pl/d/oferta/mieszkanie-przy-ul-pretficza-do-wynajecia-od-01-08-2025r-CID3-ID16yqq6.html,no
https://www.olx.pl/d/oferta/przytulne-3-pok-mieszkanie-balkon-CID3-ID16rpVg.html,no
https://www.olx.pl/d/oferta/do-wynajecia-mieszkaniw-na-osiedlu-di-trevi-we-wroclawiu-CID3-ID16sxMe.html,no
https://www.olx.pl/d/oferta/mieszkanie-2-pokojowe-port-popowice-CID3-ID16xIVa.html,no
https://www.olx.pl/d/oferta/mieszkanie-do-wynajecia-krzyki-krucza-CID3-ID16fbTt.html,no
https://www.olx.pl/d/oferta/nowa-kawalerka-z-balkonem-zeromskiego-51-srodmiescie-wysoki-standard-CID3-ID164bna.html,no
https://www.olx.pl/d/oferta/od-sierpnia-2-pok-pl-grunwaldzki-pwr-CID3-ID16wZvT.html,no
https://www.olx.pl/d/oferta/wynajme-studentom-lub-osoba-pracujacym-od-zaraz-2-osobowy-pokoj-CID3-ID12G5X7.html,no
https://www.olx.pl/d/oferta/do-wynajecia-mieszkanie-dla-pary-wroclaw-ul-swobodna-CID3-ID16xIDw.html,no
https://www.olx.pl/d/oferta/wynajme-mieszkanie-2-pokoje-z-balkonem-obok-pl-grunwaldzkiego-CID3-ID12rZ6Y.html,no
https://www.olx.pl/d/oferta/2pok-46m2-pl-grunwaldzki-dla-1-2-osob-tylko-tu-CID3-ID16xHca.html,no
https://www.olx.pl/d/oferta/do-wynajecia-luksusowy-apartament-ul-wichrowa-4-pokoje-CID3-ID15Zgm0.html,no
https://www.olx.pl/d/oferta/2-pok-45m2-garaz-kom-lok-krzyki-oltaszyn-wojszyce-nefrytowa-CID3-ID16zloV.html,no
https://www.olx.pl/d/oferta/mieszkanie-na-wynajem-wroclaw-ul-teczowa-CID3-ID16spX7.html,no
https://www.olx.pl/d/oferta/3-przestronne-pokoje-z-osobna-i-duza-kuchnia-ul-bajana-CID3-ID15jFmb.html,no
https://www.olx.pl/d/oferta/dwa-pokoje-rozklad-ogrodek-sepolno-rezerwacja-do-29-07-br-CID3-ID16jtM4.html,no
https://www.olx.pl/d/oferta/4-pokoje-z-klimatyzacja-i-jadalnia-ul-poleska-CID3-ID16tVFn.html,no
https://www.olx.pl/d/oferta/do-wynajecia-mieszkanie-3-pokojowe-wroclaw-ul-przejazdowa-CID3-ID16yRDc.html,no
https://www.olx.pl/d/oferta/2-pokojowe-mieszkanie-CID3-ID16rOKW.html,no
https://www.olx.pl/d/oferta/kawalerka-27-m2-srodmiescie-ul-reja-2600-zl-za-calosc-CID3-ID16rRNZ.html,no
https://www.olx.pl/d/oferta/wynajme-2-pokojowe-mieszkanie-34-m-wroclaw-ul-borowska-huby-CID3-ID16k8FQ.html,no
https://www.olx.pl/d/oferta/od-16-07-atal-city-square-2-pok-oddzielna-kuchnia-garaz-bezposrednio-CID3-ID16sF5F.html,no
https://www.olx.pl/d/oferta/3-pokojowe-mieszkanie-dla-studentow-CID3-ID16vhTJ.html,no
https://www.olx.pl/d/oferta/mieszkanie-44-m2-2-pokoje-CID3-ID15o9xu.html,no
https://www.olx.pl/d/oferta/osobna-duza-kuchnia-od-1-sierpnia-samo-centrum-obok-pkp-free-wifi-CID3-ID16skXb.html,no
https://www.olx.pl/d/oferta/kawalerka-chetnie-sie-wynajmie-na-miesiac-dwa-trzy-przy-sky-tower-CID3-ID13G5CU.html,no
https://www.olx.pl/d/oferta/kawalerka-nadodrze-pl-staszica-do-konca-wrzesnia-CID3-ID16oPpM.html,no
https://www.olx.pl/d/oferta/mieszkanie-na-wynajem-3-pokojowe-na-ul-wieczystej-w-pelni-wyposazone-CID3-ID16nvxL.html,no
https://www.olx.pl/d/oferta/3-pokojowe85-m2-m-garazowe-czajkowskiego-65-okolice-pl-kromera-CID3-ID16zKuo.html,no
https://www.olx.pl/d/oferta/kawalerka-z-balkonem-tramwaj-park-grabiszyn-wroclaw-od-jutra-CID3-ID160eSG.html,no
https://www.olx.pl/d/oferta/mieszkanie-2-pokojowe-na-maslicach-CID3-ID16sXQ3.html,no
https://www.olx.pl/d/oferta/2pokojowe-rozkladowe-lokietka-5min-do-rynku-dostepne-od-wrzesnia-CID3-ID16sZ3J.html,no
https://www.olx.pl/d/oferta/wynajem-mieszkania-3-pokojowego-wroclaw-ul-balzaka-oporow-CID3-ID16iU0p.html,no
https://www.olx.pl/d/oferta/wynajem-mieszkania-prywatnie-jesionowa-wroclaw-CID3-ID16w48k.html,no
https://www.olx.pl/d/oferta/wynajme-mieszkanie-przy-ulicy-zawalnej-CID3-ID16uiA4.html,no
https://www.olx.pl/d/oferta/kawalerka-27m2-wroclaw-krzyki-apartamenty-wisniowa-CID3-ID16u1DC.html,no
https://www.olx.pl/d/oferta/kawalerki-dla-mnie-CID3-ID16mOkH.html,no
https://www.olx.pl/d/oferta/kawalerka-mieszkanie-wroclaw-krzyki-jagodno-CID3-ID16ti7f.html,no
https://www.olx.pl/d/oferta/kawalerka-w-stylu-loftowym-wpb-faktura-vat-od-1-07-CID3-IDTIEbh.html,no
https://www.olx.pl/d/oferta/norwida-2-osobne-pokoje-plac-grunwaldzki-CID3-ID16xqC8.html,no
https://www.olx.pl/d/oferta/kawalerka-1-pietro-balkon-kuchnia-salon-garderoba-CID3-ID16xDXO.html,no
https://www.olx.pl/d/oferta/mieszkanie-2-pokoje-2km-od-rynku-CID3-ID16yVpm.html,no
https://www.olx.pl/d/oferta/na-wynajem-wolne-od-zaraz-CID3-ID16ut8u.html,no
https://www.olx.pl/d/oferta/oltaszyn-2pok-50m2-rozkladowe-w-domu-jednorodz-2600-oplaty500zl-CID3-ID16fUaY.html,no
https://www.olx.pl/d/oferta/mieszkanie-na-wynajem-teczowa-CID3-ID15Jb8i.html,no
https://www.olx.pl/d/oferta/idealne-dla-singla-lub-pary-studio-potokowa-maslice-CID3-ID13WvrF.html,no
https://www.olx.pl/d/oferta/2pok-pilsudskiego-podwale-renoma-rynek-CID3-ID15ce1k.html,no
https://www.olx.pl/d/oferta/kawalerka-do-wynajecia-ul-tyrmanda-od-zaraz-CID3-ID16xhWq.html,no
https://www.olx.pl/d/oferta/piekne-mieszkanie-pierwszy-najem-ul-jankiela-CID3-ID15vxtz.html,no
https://www.olx.pl/d/oferta/kawalerka-jaworska-obok-magnolii-3pietro-dostepna-od-zaraz-CID3-ID15C0dc.html,no
https://www.olx.pl/d/oferta/3-pokojowe-mieszkanie-do-wynajecia-CID3-ID12h517.html,no
https://www.olx.pl/d/oferta/mieszkanie-3-pokojowe-CID3-ID15q2Cc.html,no
https://www.olx.pl/d/oferta/mieszkanie-1-pokojowe-23m2-ul-gornicza-53-pietro-3-media-miejskie-CID3-ID16AddM.html,no
https://www.olx.pl/d/oferta/wynajem-mieszkania-na-kepie-mieszczanskiej-centrum-nadodrze-CID3-ID12tXKd.html,no
https://www.olx.pl/d/oferta/pokoj-z-kuchnia-swiezo-po-remoncie-2000-zl-w-tym-media-gaz-prad-CID3-ID16oPlN.html,no
https://www.olx.pl/d/oferta/do-wynajecia-2-pokojowe-mieszkanie-na-osiedlu-popowice-CID3-ID16pMqT.html,no
https://www.olx.pl/d/oferta/mieszkanie-dwupoziomowe-40-25-CID3-ID16up1K.html,no
https://www.olx.pl/d/oferta/wynajme-3-pokoje-na-browarach-wroclawskich-CID3-ID16syE3.html,no
https://www.olx.pl/d/oferta/mieszkanie-do-wynajecia-nowa-papiernia-kosciuszki-142-centrum-miasta-CID3-ID16wLMv.html,no
https://www.olx.pl/d/oferta/mieszkanie-2-osobowe-do-wynajecia-soltysowice-CID3-ID16pkf4.html,no
https://www.olx.pl/d/oferta/dwupokojowe-rozkladowe-mieszkanie-na-wynajem-krucza-obok-sky-tower-CID3-ID16rXjR.html,no
https://www.olx.pl/d/oferta/3-pok-balkon-garaz-oltaszyn-od-01-08-CID3-ID16rqkP.html,no
https://www.olx.pl/d/oferta/krzyki-3-pokojowe-z-balkonem-osobna-kuchnia-CID3-ID16lrwu.html,no
https://www.olx.pl/d/oferta/mieszkanie-na-wynajem-2-pokoje-ul-sliczna-krzyki-CID3-IDI3bRq.html,no
https://www.olx.pl/d/oferta/wynajme-garsoniere-we-wroclawiu-CID3-IDF7xob.html,no
https://www.olx.pl/d/oferta/kawalerka-do-wynajecia-CID3-ID16v69q.html,no
https://www.olx.pl/d/oferta/komfortowe-mieszkanie-1-pokojowe-przy-placu-dominikanskim-CID3-ID16x6su.html,no
https://www.olx.pl/d/oferta/kawalerka-na-muchoborze-malym-od-01-08-2100-media-bez-czynszu-CID3-ID15kbaI.html,no
https://www.olx.pl/d/oferta/mieszkanie-3-pokojowe-na-wynajem-CID3-ID16wxq3.html,no
https://www.olx.pl/d/oferta/3-pokoje-do-wynajecia-popowice-CID3-ID16uq8L.html,no
https://www.olx.pl/d/oferta/dwa-pokoje-z-kuchnia-2100zl-bez-dodatkowych-oplat-CID3-IDMB7FB.html,no
https://www.olx.pl/d/oferta/mieszkanie-do-wynajecia-ul-gajowicka-47m2-po-remoncie-CID3-ID16yA9m.html,no
https://www.olx.pl/d/oferta/ul-polaka-kampus-grunwaldzki-2-pokoje-balkon-CID3-ID15RFIR.html,no
https://www.olx.pl/d/oferta/mieszkanie-do-wynajecia-CID3-ID16hyz2.html,no
https://www.olx.pl/d/oferta/mieszkanie-2-pokojowe-45m2-nowe-osiedle-ul-miedzyleska-wroclaw-CID3-ID16gIIN.html,no
https://www.olx.pl/d/oferta/mieszkanie-wroclaw-wojszyce-super-mieszkanie-w-super-cenie-58m2-CID3-ID15JHH9.html,no
https://www.olx.pl/d/oferta/ksiecia-witolda-2-pokoje-balkon-garaz-stare-miasto-CID3-ID15Pye7.html,no
https://www.olx.pl/d/oferta/mieszkanie-muchobor-wielki-CID3-ID16yaGA.html,no
https://www.olx.pl/d/oferta/kawalerka-do-wynajecia-krzyki-okolice-ronda-powstancow-slaskich-CID3-IDW6p4U.html,no
https://www.olx.pl/d/oferta/mieszkanie-dwupokojowe-nowa-manufaktura-wroclaw-centrum-dwa-pokoje-CID3-IDQb9Du.html,no
https://www.olx.pl/d/oferta/swietna-lokalizacja-borowska-CID3-ID16m0cn.html,no
https://www.olx.pl/d/oferta/rezerwacja-2-pokoje-z-miejscem-postojowym-w-cenie-CID3-ID164w0R.html,no
https://www.olx.pl/d/oferta/rezerwacja-2-pokoje-legnicka-od-wrzesnia-CID3-ID16x6BP.html,no
https://www.olx.pl/d/oferta/przestronne-mieszkanie-z-balkonem-w-sercu-miasta-CID3-ID16xy7f.html,no
https://www.olx.pl/d/oferta/wynajme-2-pokojowe-mieszkanie-44-m-wroclaw-ul-dluga-lokum-porto-CID3-ID16xve1.html,no
https://www.olx.pl/d/oferta/mieszkanie-3-pokoje-na-grunwaldzie-CID3-ID16yWFL.html,no
https://www.olx.pl/d/oferta/mieszkanie-2-pokojowe-promenady-wroclawskie-CID3-ID13VhcK.html,no
https://www.olx.pl/d/oferta/do-wynajecia-kawalerka-41-m2-swietna-lokalizacja-CID3-IDUX8U4.html,no
https://www.olx.pl/d/oferta/wynajme-duze-mieszkanie-50m2-CID3-ID16lZBS.html,no
https://www.olx.pl/d/oferta/mieszkanie-3-pokojowe-z-balkonem-na-zielonym-osiedlu-we-wroclawiu-CID3-ID16nNxu.html,no
https://www.olx.pl/d/oferta/2-pokojowe-grunwald-sienkiewicza-wyszynskiego-od-01-08-lub-01-10-CID3-ID16o4AM.html,no
https://www.olx.pl/d/oferta/ciche-i-zielone-mieszkanie-przy-rynku-wroclawskim-CID3-ID16lnh7.html,no
https://www.olx.pl/d/oferta/klecina-dozynkowa-8d-miejsce-post-balkon-CID3-ID16vwLk.html,no
https://www.olx.pl/d/oferta/kawalerka-wroclaw-ul-teczowa-wynajem-CID3-ID13hROf.html,no
https://www.olx.pl/d/oferta/kawalerka-32m2-wroclaw-stablowice-CID3-IDQqQCZ.html,no
https://www.olx.pl/d/oferta/kawalerka-po-remoncie-muchobor-wielki-ul-godlewskiego-30m2-CID3-ID16udNS.html,no
https://www.olx.pl/d/oferta/zapraszam-anglojezycznej-kobiety-do-wspoldzielenia-mieszkania-na-rynku-CID3-ID16kIG4.html,no
https://www.olx.pl/d/oferta/4-pokojowe-rozkladowe-ul-kasprowicza-4800-zl-calosc-3km-od-rynku-CID3-ID16rcl5.html,no
https://www.olx.pl/d/oferta/mieszkanie-na-wynajem-dokerska-52m2-CID3-ID16t1Lh.html,no
https://www.olx.pl/d/oferta/kawalerka-krzyki-drukarska-CID3-ID162WJn.html,no
https://www.olx.pl/d/oferta/do-wynajecia-mieszkanie-wroclaw-ul-szczytnicka-2-pokoje-CID3-ID16x9eK.html,no
https://www.olx.pl/d/oferta/jasne-mieszkanie-3-pokojowe-nieopodal-magnolia-park-dobra-komunikacja-CID3-ID16xsc3.html,no
https://www.olx.pl/d/oferta/mieszkanie-state-miasto-wroclaw-wynajm-CID3-ID16iZh0.html,no
https://www.olx.pl/d/oferta/3-pok-55m2-ul-zakladowa-balkon-CID3-ID16wFzT.html,no
https://www.olx.pl/d/oferta/wynajme-2-pokojowe-mieszkanie-CID3-ID15LFwC.html,no
https://www.olx.pl/d/oferta/wynajme-ladne-4-pokojowe-we-wroclawiu-CID3-ID122YrO.html,no
https://www.olx.pl/d/oferta/wynajem-2-pokojowego-mieszkania-grabiszyn-CID3-ID16s5OH.html,no
https://www.olx.pl/d/oferta/kawalerka-wolna-od-1-sierpnia-dla-singla-lub-pary-pracujacej-CID3-ID16rKrQ.html,no
https://www.olx.pl/d/oferta/wynajme-mieszkanie-39m2-z-klimatyzacja-ul-nyska-wroclaw-CID3-ID13ca2s.html,no
https://www.olx.pl/d/oferta/do-wynajecia-2-pokojowe-CID3-ID159Z0z.html,no
https://www.olx.pl/d/oferta/urokliwe-dwupokojowe-mieszkanie-szczepin-CID3-ID12l6Ww.html,no
https://www.olx.pl/d/oferta/wynajme-mieszkanie-trzy-pokoje-wroclaw-szczepin-CID3-ID14fV3k.html,no
https://www.olx.pl/d/oferta/mieszkanie-do-wynajecia-CID3-ID13PlSk.html,no
https://www.olx.pl/d/oferta/dwupokojowe-47m2-kepa-mieszczanska-wroclaw-CID3-ID16gfSm.html,no
https://www.olx.pl/d/oferta/mieszkanie-45m2-2-pok-wroclaw-jagielly-5-CID3-ID16qGZT.html,no
https://www.olx.pl/d/oferta/2-pokoje-komfortowe-ladne-garaz-balkon-CID3-ID16wcuu.html,no
https://www.olx.pl/d/oferta/wynajme-mieszkanie-3-pokoje-wroclaw-ul-zaulek-rogozinski-CID3-ID16qhZ1.html,no
https://www.olx.pl/d/oferta/mieszkanie-do-wynajecia-107m2-CID3-ID1467NE.html,no
https://www.olx.pl/d/oferta/dwupokojowe-przy-dworcu-CID3-ID16jkDo.html,no
https://www.olx.pl/d/oferta/mieszkanie-do-wynajecia-CID3-ID16fvuk.html,no
https://www.olx.pl/d/oferta/mieszkanie-2-pokojowe-do-wynajecia-41-m-nowa-papiernia-wroclaw-CID3-ID11D6cq.html,no
https://www.olx.pl/d/oferta/mieszkanie-do-wynajecia-55m2-CID3-ID12Gskl.html,no
https://www.olx.pl/d/oferta/mieszkanie-na-wynajem-krzyki-powstancow-slaskich-CID3-ID16tmWm.html,no
https://www.olx.pl/d/oferta/mieszkanie-2-pokojowe-ul-slowianska-od-1-08-CID3-ID16rnO8.html,no
https://www.olx.pl/d/oferta/trzypokojowe-mieszkanie-przy-mosieznej-we-wroclawiu-CID3-ID11LkCO.html,no
https://www.olx.pl/d/oferta/2-pokoje-ul-pomorska-nowy-blok-od-1-07-2025r-CID3-ID16nR8w.html,no
https://www.olx.pl/d/oferta/kawalerka-z-widokiem-na-park-CID3-ID16txb1.html,no
https://www.olx.pl/d/oferta/sudecka-3-pokoje-oddzielna-widna-kuchnia-balkon-CID3-ID16sfvL.html,no
https://www.olx.pl/d/oferta/wynajme-mieszkanie-62m2-na-al-wisniowej-przy-powst-slaskich-CID3-ID16s5SM.html,no
https://www.olx.pl/d/oferta/wynajme-mieszkanie-psie-pole-bez-posrednikow-rezerwacja-CID3-ID13VvIh.html,no
https://www.olx.pl/d/oferta/do-wynajecia-2-pok-mieszkanie-po-remoncie-ul-skarbowcow-krzyki-CID3-ID154X21.html,no
https://www.olx.pl/d/oferta/wynajme-mieszkanie-studenckie-we-wroclawiu-42-00-m2-CID3-ID166Oyu.html,no
https://www.olx.pl/d/oferta/83-mkw-dwa-poziomy-pilczyce-ul-szklarska-CID3-ID16njJy.html,no
https://www.olx.pl/d/oferta/trzypokojowe-mieszkanie-przy-lubuskiej-we-wroclawiu-CID3-IDL5pmc.html,no
https://www.olx.pl/d/oferta/super-lokalizacja-krzyki-3pok-zwycieska-80-m2-garderoba-CID3-ID14rIjJ.html,no
https://www.olx.pl/d/oferta/mieszkanie-kawalerka-kotlarska-wroclaw-40m2-CID3-ID15upXJ.html,no
https://www.olx.pl/d/oferta/dwupoziomowe-mieszkanie-80-m2-wroclaw-zalesie-CID3-ID16vJac.html,no
https://www.olx.pl/d/oferta/mieszkanie-wroclaw-swidnicka-rynek-centrum-kawalerka-CID3-ID14GXDq.html,no
https://www.olx.pl/d/oferta/mieszkanie-40m2-m2-wroclaw-krakowskie-tarasy-CID3-ID16n7RK.html,no
https://www.olx.pl/d/oferta/3-pokoje-parking-komorka-lokatorska-balkon-ul-slezna-krzyki-CID3-ID16nbRq.html,no
https://www.olx.pl/d/oferta/kawalerka-z-tarasem-plac-kromera-CID3-ID16gqin.html,no
https://www.olx.pl/d/oferta/wroclaw-oltaszyn-przytulne-2-pok-do-wynajecia-2-bedrooms-flat-to-rent-CID3-ID16wB0i.html,no
https://www.olx.pl/d/oferta/mieszkanie-2-niezalezne-pokoje-lokum-di-trevi-tarnogaj-klimasa-CID3-ID16t3GB.html,no
https://www.olx.pl/d/oferta/krzywoustego-na-wynajem-2-pok-gustownie-urzadzone-3000zl-CID3-ID163Bs1.html,no
https://www.olx.pl/d/oferta/ul-skwierzynska3-pokojeumeblowaneuniwersytet-CID3-ID16wL2x.html,no
https://www.olx.pl/d/oferta/pilne-wynajem-mieszkan-CID3-ID14QmUQ.html,no
https://www.olx.pl/d/oferta/kawalerka-29-m2-ii-pietro-miejsce-postojowe-ul-gorlicka-CID3-ID16xaJV.html,no
https://www.olx.pl/d/oferta/3-pokojowe-mieszkanie-45-m-po-remoncie-krzyki-CID3-ID16q2n2.html,no
https://www.olx.pl/d/oferta/braniborska-sliczne-nowe-2-pokoje-balkon-CID3-ID16lXYx.html,no
https://www.olx.pl/d/oferta/kawalerka-do-wynajecia-CID3-ID15VHl0.html,no
https://www.olx.pl/d/oferta/od-01-09-3-pokojowe-2-lazienki-klimatyzacja-wojszyce-oltaszyn-CID3-IDPV8ln.html,no
https://www.olx.pl/d/oferta/przytulne-klimatyzowane-2-pokojowe-mieszkanie-przy-sky-tower-CID3-ID16ryJv.html,no
https://www.olx.pl/d/oferta/jugoslawianska-3-pok-58m2-1-4p-rozklad-balkon-CID3-ID16mpM2.html,no
https://www.olx.pl/d/oferta/umeblowana-kawalerka-do-wynajecia-CID3-ID16kvgs.html,no
https://www.olx.pl/d/oferta/mieszkanie-na-wynajem-wroclaw-gaj-krzyki-59m3-CID3-ID16okxy.html,no
https://www.olx.pl/d/oferta/mieszkanie-ul-tadeusza-kosciuszki-65-5m-8m-balkon-centrum-4-pokoje-CID3-ID16svLk.html,no
https://www.olx.pl/d/oferta/mieszkanie-w-centrum-3-pokoje-obok-sky-tower-uniwersytetu-ekonomicz-CID3-ID16wmWZ.html,no
https://www.olx.pl/d/oferta/mieszkanie-3-pokojowe-wroclaw-srodmiescie-plac-grunwaldzki-sedesowce-CID3-ID16wvSc.html,no
https://www.olx.pl/d/oferta/wynajme-mieszkanie-50m2-wysoki-standard-al-architektow-wroclaw-CID3-ID16fvtg.html,no
https://www.olx.pl/d/oferta/mieszkanie-w-centrum-miasta-mozliwy-najem-krotkoterminowy-CID3-ID15W8zJ.html,no
https://www.olx.pl/d/oferta/mieszkanie-na-wynajem-CID3-ID16tthg.html,no
https://www.olx.pl/d/oferta/2-pokojowe-mieszkanie-do-wynajecia-w-srodmiesciu-wroclaw-CID3-ID16mOQA.html,no
https://www.olx.pl/d/oferta/mieszkanie-2-pokojowe-wynajme-od-sierpnia-2025-wroclaw-rynek-swidnicka-CID3-ID16lg0L.html,no
https://www.olx.pl/d/oferta/mieszkanie-do-wynajecia-CID3-IDDdg3T.html,no
https://www.olx.pl/d/oferta/pl-ua-macedonska-3-pokojowe-osobna-kuchnia-CID3-ID16lupg.html,no
https://www.olx.pl/d/oferta/mieszkanie-2-pok-z-balkonem-parkingiem-podziemnym-i-komorka-lokat-CID3-ID16fm65.html,no
https://www.olx.pl/d/oferta/mieszkanie-35-m2-wroclaw-CID3-ID12cm79.html,no
https://www.olx.pl/d/oferta/rezerwacja-kawalerka-sloneczna-z-balkonem-z-widokiem-na-zielen-CID3-ID15jZ4O.html,no
https://www.olx.pl/d/oferta/dwa-pokoje-na-starym-miescie-m-post-duzy-balkon-CID3-ID16qpQj.html,no
https://www.olx.pl/d/oferta/do-wynajecia-mieszkanie-2-pok-55m2-na-gadowie-malym-wroclaw-CID3-ID16fz16.html,no
https://www.olx.pl/d/oferta/kawalerka-legnicka-59-CID3-ID13eLIo.html,no
https://www.olx.pl/d/oferta/mieszkanie-2-pokoje-kamienica-balkon-parking-wroclavia-aquapark-uwr-CID3-ID11NIbS.html,no
https://www.olx.pl/d/oferta/mieszkanie-trzypokojowe-dwie-lazienki-maslice-CID3-ID16xHOc.html,no
https://www.olx.pl/d/oferta/kawalerka-wolnostojaca-do-wynajecia-stablowice-ul-gorecka-CID3-ID167hrF.html,no
https://www.olx.pl/d/oferta/do-wynajecia-2-pokojowe-mieszkanie-58m-z-tarasem-wroclaw-CID3-ID168Lt1.html,no
https://www.olx.pl/d/oferta/duzy-taras-jagodno-cisza-spokoj-CID3-ID16gyre.html,no
https://www.olx.pl/d/oferta/mieszkanie-kurkowa-CID3-ID16nR5s.html,no
https://www.olx.pl/d/oferta/duza-kawalerka-z-antresola-od-1-sierpnia-free-wifi-CID3-ID16sk6D.html,no
https://www.olx.pl/d/oferta/studio-w-sercu-wroclawia-od-1-sierpnia-free-wifi-CID3-ID16shiE.html,no
https://www.olx.pl/d/oferta/mieszkanie-65-m-CID3-ID14TBHl.html,no
https://www.olx.pl/d/oferta/3-pokojowe-mieszkanie-na-wynajem-we-wroclawiu-hallera-krzyki-CID3-ID16nmYl.html,no
https://www.olx.pl/d/oferta/lokal-50m2-bp-od-wlasciciela-krzyki-borek-CID3-ID14iFPh.html,no
https://www.olx.pl/d/oferta/apartament-2-pokojowy-z-tarasem-wroclaw-stablowice-CID3-ID14KI2M.html,no
https://www.olx.pl/d/oferta/mieszkanie-3-pokoje-rozkladowe-ul-jableczna-CID3-ID16jKUd.html,no
https://www.olx.pl/d/oferta/od-zaraz-mieszkanie-kolo-placu-grunwaldzkiego-dwa-pokoje-wyposazone-CID3-ID16f1Cz.html,no
https://www.olx.pl/d/oferta/wynajmie-mieszkanie-2-pokoje-widna-kuchnia-wysoki-parter-logia-CID3-ID15T3zM.html,no
https://www.olx.pl/d/oferta/wynajme-funkcjonalne-3-pokoje-bezpieczna-14-CID3-ID16bMPl.html,no
https://www.olx.pl/d/oferta/pl-ua-eng-1-pok-30-m-parking-spa-silownia-CID3-ID16vEfK.html,no
https://www.olx.pl/d/oferta/mieszkanie-3-pokojowe-srodmiescie-sepolno-CID3-ID16sWqv.html,no
https://www.olx.pl/d/oferta/przestrzenna-sloneczna-kawalerka-36-7m-wroclaw-srodmiescie-CID3-ID15rorn.html,no
https://www.olx.pl/d/oferta/mieszkanie-w-centrum-ciche-2-pokojowe-rozkladowe-41m2-CID3-ID135Hr5.html,no
https://www.olx.pl/d/oferta/kawalerka-34m2-jagodno-krzyki-ul-wagnera-bezposrednio-CID3-ID16fr0p.html,no
https://www.olx.pl/d/oferta/mieszkanie-2-pokojowe-hallera-50m2-blisko-borka-rozkladowe-CID3-ID16gNWb.html,no
https://www.olx.pl/d/oferta/mieszkanie-do-wynajecia-wroclaw-ksieze-male-CID3-ID16kxC9.html,no
https://www.olx.pl/d/oferta/mieszkanie-2-pok-44m2-jesionowa-CID3-ID16xnQx.html,no
https://www.olx.pl/d/oferta/przytulne-2-pok-balkon-dworzec-po-remoncie-CID3-ID16gLWg.html,no
https://www.olx.pl/d/oferta/wynajme-mieszkanie-wejherowska-pok-4-za-3000-pln-CID3-ID16kpqD.html,no
https://www.olx.pl/d/oferta/2-pokoje-rozklad-kosciuszki-wysoki-standard-po-remoncie-centrum-CID3-ID16hCza.html,no
https://www.olx.pl/d/oferta/mieszkanie-kawalerka-super-lokalizacja-jak-nowe-okazja-CID3-ID16yQdi.html,no
https://www.olx.pl/d/oferta/wynajme-dla-max-5-os-mieszkanie-ul-stysia-31-pow-56m2-CID3-ID16z8UK.html,no
https://www.olx.pl/d/oferta/2-pokoje-oddzielna-kuchnia-50m2-klima-garaz-legnicka-CID3-ID169mHs.html,no
https://www.olx.pl/d/oferta/duze-mieszkanie-wolne-strachocin-bez-kaucji-CID3-ID159o3A.html,no
https://www.olx.pl/d/oferta/mieszkanie-3-pokojowe-67m2-CID3-ID156kgL.html,no
https://www.olx.pl/d/oferta/2-pokoje-i-port-popowice-i-balkon-i-zadbane-i-bialowieska-i-od-01-08-CID3-ID164Zxn.html,no
https://www.olx.pl/d/oferta/2-pokojowe-mieszkanie-blisko-centrum-umeblowane-i-skomunikowane-CID3-ID16uCDR.html,no
https://www.olx.pl/d/oferta/funkcjonalne-mieszkanie-na-wynajem-doskonala-lokalizacja-wroclaw-CID3-ID16rX83.html,no
https://www.olx.pl/d/oferta/wynajem-mieszkania-ulica-rydygiera-CID3-ID16eZcI.html,no
https://www.olx.pl/d/oferta/kawalerka-na-oporowie-CID3-ID1358u1.html,no
https://www.olx.pl/d/oferta/mieszkanie-72m2-czynsz-2900-CID3-ID16xsie.html,no
https://www.olx.pl/d/oferta/glogowska-szczepin-2-osobne-pok-oddzielna-kuchnia-od-sierpnia-CID3-ID16wC5X.html,no
https://www.olx.pl/d/oferta/kawalerka-na-wynajem-25-m-CID3-ID16yXlr.html,no
https://www.olx.pl/d/oferta/komfortowa-kawalerka-psie-pole-CID3-IDRFnoS.html,no
https://www.olx.pl/d/oferta/mieszkanie-willowe-CID3-ID13Ae3N.html,no
https://www.olx.pl/d/oferta/kawalerka-wroclaw-muchobor-wielki-CID3-ID16iyhq.html,no
https://www.olx.pl/d/oferta/kawalerka-z-aneksem-kuchennym-stare-miasto-CID3-ID16uEeY.html,no
https://www.olx.pl/d/oferta/do-wynajecia-luksusowe-2-pokojowe-mieszkanie-dostepne-od-zaraz-CID3-ID16sdhB.html,no
https://www.olx.pl/d/oferta/3-pokoje-centrum-tv-balkon-od-01-08-CID3-ID16xCYG.html,no
https://www.olx.pl/d/oferta/mieszkanie-2-pokojowe-z-parkingiem-na-gaju-CID3-ID16xg4J.html,no
https://www.olx.pl/d/oferta/wroclaw-rozanka-mieszkanie-4-pokoje-wynajem-3200-zl-plus-media-CID3-ID16jrgl.html,no
https://www.olx.pl/d/oferta/przytulne-2-pokojowe-mieszkanie-magnolia-astra-drzewieckiego-CID3-ID16ySMk.html,no
https://www.olx.pl/d/oferta/nowoczesne-mieszkanie-z-balkonem-od-1-czerwca-braniborska-centrum-CID3-ID1633gH.html,no
https://www.olx.pl/d/oferta/mieszkanie-2-pokojowe-na-rozance-na-wynajem-CID3-ID14QJHP.html,no
https://www.olx.pl/d/oferta/mieszkanie-3-pokojowe-do-wynajecia-ul-kawalerzystow-CID3-ID16tnFJ.html,no
https://www.olx.pl/d/oferta/mieszkanie-2-pokoje-67m2-boya-zelenskiego-okolice-kromera-CID3-ID16olrc.html,no
https://www.olx.pl/d/oferta/piekne-mieszkanie-3-pokojowe-wroclaw-jagodno-przy-petli-autobusowej-CID3-ID16yXPE.html,no
https://www.olx.pl/d/oferta/do-wynajecia-3-pokoje-75m2-3000zl-1500zl-prad-CID3-ID14XEeX.html,no
https://www.olx.pl/d/oferta/na-wynajem-mieszkanie-2-pokoje-50m2-wroclaw-ul-poniatowskiego-7-CID3-ID16xnaL.html,no
https://www.olx.pl/d/oferta/kawalerka-nowe-zerniki-pasaz-radinga-CID3-ID16bCv4.html,no
https://www.olx.pl/d/oferta/mieszkanie-2-pokojowe-wroclaw-klecina-45-m-kw-media-w-cenie-CID3-ID16sere.html,no
https://www.olx.pl/d/oferta/3-pok-mieszkanie-w-prestizowej-inwestycji-krzyki-CID3-ID15PX9k.html,no
https://www.olx.pl/d/oferta/rezerwacja-wynajme-cale-mieszkanie-62m-2pok-aneks-rozanka-CID3-ID13NBl2.html,no
https://www.olx.pl/d/oferta/mieszkanie-ul-kamienna-od-sierpnia-miejsce-w-garazu-CID3-ID15Tr6g.html,no
https://www.olx.pl/d/oferta/wynajme-mieszkanie-59-m-wroclaw-muchobor-wielki-ul-wankowicza-CID3-ID16valm.html,no
https://www.olx.pl/d/oferta/nowe-mieszkanie-46-metrow-na-wynajem-stare-miasto-wroclaw-od-pazdziern-CID3-ID11YREQ.html,no
